VendorID,tpep_pickup_datetime,tpep_dropoff_datetime,passenger_count,trip_distance,RatecodeID,store_and_fwd_flag,PULocationID,DOLocationID,payment_type,fare_amount,extra,mta_tax,tip_amount,tolls_amount,improvement_surcharge,total_amount,congestion_surcharge,Airport_fee,cbd_congestion_fee,pickup_date,dropoff_date,pickup_hour,dropoff_hour,pickup_month,pickup_day_of_week,pickup_day_name,trip_duration_minutes,fare_per_mile
1,2025-12-01T00:37:08.000+05:30,2025-12-01T00:51:10.000+05:30,1,2.4,1,N,140,48,1,14.2,4.25,0.5,4.0,0.0,1.0,23.95,2.5,0.0,0.75,2025-12-01,2025-12-01,0,0,12,2,Monday,14.03,5.92
2,2025-12-01T00:03:54.000+05:30,2025-12-01T00:19:18.000+05:30,1,8.37,1,N,138,262,1,33.1,6.0,0.5,7.77,6.94,1.0,59.56,2.5,1.75,0.0,2025-12-01,2025-12-01,0,0,12,2,Monday,15.4,3.95
2,2025-12-01T00:40:50.000+05:30,2025-12-01T01:06:54.000+05:30,1,15.26,1,N,132,255,1,57.6,1.0,0.5,12.02,0.0,1.0,73.87,0.0,1.75,0.0,2025-12-01,2025-12-01,0,1,12,2,Monday,26.07,3.77
1,2025-12-01T00:21:30.000+05:30,2025-12-01T00:49:35.000+05:30,2,18.4,2,N,132,79,1,70.0,5.0,0.5,10.0,0.0,1.0,86.5,2.5,1.75,0.75,2025-12-01,2025-12-01,0,0,12,2,Monday,28.08,3.8
2,2025-12-01T00:00:24.000+05:30,2025-12-01T00:03:34.000+05:30,1,0.52,1,N,239,238,1,5.8,1.0,0.5,1.62,0.0,1.0,12.42,2.5,0.0,0.0,2025-12-01,2025-12-01,0,0,12,2,Monday,3.17,11.15
1,2025-12-01T00:11:36.000+05:30,2025-12-01T00:33:17.000+05:30,1,0.0,1,N,138,82,1,16.3,7.75,0.5,5.1,0.0,1.0,30.65,0.0,1.75,0.0,2025-12-01,2025-12-01,0,0,12,2,Monday,21.68,
2,2025-11-30T23:59:23.000+05:30,2025-12-01T00:12:43.000+05:30,1,2.59,1,N,142,263,1,14.9,1.0,0.5,3.98,0.0,1.0,23.88,2.5,0.0,0.0,2025-11-30,2025-12-01,23,0,11,1,Sunday,13.33,5.75
2,2025-12-01T00:18:25.000+05:30,2025-12-01T00:30:09.000+05:30,1,2.22,1,N,141,238,1,13.5,1.0,0.5,2.0,0.0,1.0,20.5,2.5,0.0,0.0,2025-12-01,2025-12-01,0,0,12,2,Monday,11.73,6.08
2,2025-12-01T00:54:33.000+05:30,2025-12-01T01:22:25.000+05:30,1,9.06,1,N,48,106,1,38.0,1.0,0.5,11.53,13.88,1.0,69.16,2.5,0.0,0.75,2025-12-01,2025-12-01,0,1,12,2,Monday,27.87,4.19
2,2025-12-01T00:28:35.000+05:30,2025-12-01T00:59:37.000+05:30,1,18.02,1,N,132,145,1,69.5,1.0,0.5,14.75,0.0,1.0,88.5,0.0,1.75,0.0,2025-12-01,2025-12-01,0,0,12,2,Monday,31.03,3.86
2,2025-12-01T00:47:23.000+05:30,2025-12-01T01:12:23.000+05:30,1,15.98,1,N,132,80,1,60.4,1.0,0.5,9.0,0.0,1.0,73.65,0.0,1.75,0.0,2025-12-01,2025-12-01,0,1,12,2,Monday,25.0,3.78
2,2025-12-01T00:28:32.000+05:30,2025-12-01T00:37:16.000+05:30,1,1.73,1,N,229,50,1,11.4,1.0,0.5,5.14,0.0,1.0,22.29,2.5,0.0,0.75,2025-12-01,2025-12-01,0,0,12,2,Monday,8.73,6.59
1,2025-12-01T00:07:12.000+05:30,2025-12-01T00:26:23.000+05:30,1,4.3,1,N,114,141,1,19.8,4.25,0.5,2.0,0.0,1.0,27.55,2.5,0.0,0.75,2025-12-01,2025-12-01,0,0,12,2,Monday,19.18,4.6
2,2025-12-01T00:59:48.000+05:30,2025-12-01T01:09:00.000+05:30,2,1.79,1,N,79,261,1,11.4,1.0,0.5,2.85,0.0,1.0,20.0,2.5,0.0,0.75,2025-12-01,2025-12-01,0,1,12,2,Monday,9.2,6.37
2,2025-12-01T00:39:30.000+05:30,2025-12-01T00:58:58.000+05:30,5,12.54,1,N,132,252,1,47.8,1.0,0.5,15.62,0.0,1.0,67.67,0.0,1.75,0.0,2025-12-01,2025-12-01,0,0,12,2,Monday,19.47,3.81
2,2025-12-01T00:16:09.000+05:30,2025-12-01T00:27:26.000+05:30,3,4.14,1,N,138,7,1,19.1,6.0,0.5,5.67,0.0,1.0,34.02,0.0,1.75,0.0,2025-12-01,2025-12-01,0,0,12,2,Monday,11.28,4.61
2,2025-12-01T00:46:10.000+05:30,2025-12-01T00:48:45.000+05:30,1,0.33,1,N,263,236,1,4.4,1.0,0.5,3.04,0.0,1.0,13.19,2.5,0.0,0.75,2025-12-01,2025-12-01,0,0,12,2,Monday,2.58,13.33
2,2025-12-01T00:38:47.000+05:30,2025-12-01T01:09:13.000+05:30,1,19.13,2,N,132,113,1,70.0,0.0,0.5,0.0,0.0,1.0,76.5,2.5,1.75,0.75,2025-12-01,2025-12-01,0,1,12,2,Monday,30.43,3.66
2,2025-12-01T00:49:12.000+05:30,2025-12-01T01:17:25.000+05:30,1,18.07,2,N,132,90,1,70.0,0.0,0.5,16.34,6.94,1.0,99.78,2.5,1.75,0.75,2025-12-01,2025-12-01,0,1,12,2,Monday,28.22,3.87
2,2025-12-01T00:12:58.000+05:30,2025-12-01T00:32:48.000+05:30,1,10.54,1,N,138,79,1,41.5,6.0,0.5,10.45,0.0,1.0,64.45,2.5,1.75,0.75,2025-12-01,2025-12-01,0,0,12,2,Monday,19.83,3.94
2,2025-12-01T00:02:08.000+05:30,2025-12-01T00:10:06.000+05:30,1,1.14,1,N,74,41,2,10.0,1.0,0.5,0.0,0.0,1.0,12.5,0.0,0.0,0.0,2025-12-01,2025-12-01,0,0,12,2,Monday,7.97,8.77
1,2025-12-01T00:04:11.000+05:30,2025-12-01T00:19:18.000+05:30,1,8.5,1,N,138,170,1,33.1,11.0,0.5,8.0,6.94,1.0,60.54,2.5,1.75,0.75,2025-12-01,2025-12-01,0,0,12,2,Monday,15.12,3.89
2,2025-12-01T00:08:34.000+05:30,2025-12-01T00:18:32.000+05:30,1,1.66,1,N,142,164,1,11.4,1.0,0.5,2.0,0.0,1.0,19.15,2.5,0.0,0.75,2025-12-01,2025-12-01,0,0,12,2,Monday,9.97,6.87
1,2025-12-01T00:12:51.000+05:30,2025-12-01T00:20:46.000+05:30,1,3.3,1,N,138,223,1,14.9,7.75,0.5,4.8,0.0,1.0,28.95,0.0,1.75,0.0,2025-12-01,2025-12-01,0,0,12,2,Monday,7.92,4.52
1,2025-12-01T00:01:17.000+05:30,2025-12-01T00:09:09.000+05:30,1,1.4,1,N,186,233,2,8.6,4.25,0.5,0.0,0.0,1.0,14.35,2.5,0.0,0.75,2025-12-01,2025-12-01,0,0,12,2,Monday,7.87,6.14
1,2025-12-01T00:19:22.000+05:30,2025-12-01T00:29:27.000+05:30,1,2.2,1,N,164,79,1,11.4,4.25,0.5,3.45,0.0,1.0,20.6,2.5,0.0,0.75,2025-12-01,2025-12-01,0,0,12,2,Monday,10.08,5.18
2,2025-12-01T00:19:14.000+05:30,2025-12-01T00:53:54.000+05:30,1,18.17,2,N,132,114,1,70.0,0.0,0.5,14.95,0.0,1.0,91.45,2.5,1.75,0.75,2025-12-01,2025-12-01,0,0,12,2,Monday,34.67,3.85
2,2025-12-01T00:04:09.000+05:30,2025-12-01T00:09:28.000+05:30,1,0.86,1,N,142,230,1,7.2,1.0,0.5,3.88,0.0,1.0,16.83,2.5,0.0,0.75,2025-12-01,2025-12-01,0,0,12,2,Monday,5.32,8.37
2,2025-12-01T00:24:41.000+05:30,2025-12-01T00:31:25.000+05:30,1,1.38,1,N,166,42,1,9.3,1.0,0.5,2.36,0.0,1.0,14.16,0.0,0.0,0.0,2025-12-01,2025-12-01,0,0,12,2,Monday,6.73,6.74
2,2025-12-01T00:12:18.000+05:30,2025-12-01T00:32:57.000+05:30,1,7.96,1,N,138,166,1,34.5,6.0,0.5,5.0,6.94,1.0,55.69,0.0,1.75,0.0,2025-12-01,2025-12-01,0,0,12,2,Monday,20.65,4.33
1,2025-12-01T00:39:45.000+05:30,2025-12-01T00:50:45.000+05:30,2,1.8,1,N,68,249,1,11.4,4.25,0.5,3.45,0.0,1.0,20.6,2.5,0.0,0.75,2025-12-01,2025-12-01,0,0,12,2,Monday,11.0,6.33
1,2025-12-01T00:52:17.000+05:30,2025-12-01T00:57:00.000+05:30,1,0.7,1,N,249,125,1,6.5,4.25,0.5,2.45,0.0,1.0,14.7,2.5,0.0,0.75,2025-12-01,2025-12-01,0,0,12,2,Monday,4.72,9.29
2,2025-12-01T00:30:02.000+05:30,2025-12-01T01:05:35.000+05:30,1,16.59,1,N,100,55,2,63.9,1.0,0.5,0.0,0.0,1.0,69.65,2.5,0.0,0.75,2025-12-01,2025-12-01,0,1,12,2,Monday,35.55,3.85
2,2025-12-01T00:47:02.000+05:30,2025-12-01T00:56:45.000+05:30,2,2.67,1,N,249,50,1,13.5,1.0,0.5,3.85,0.0,1.0,23.1,2.5,0.0,0.75,2025-12-01,2025-12-01,0,0,12,2,Monday,9.72,5.06
2,2025-12-01T00:04:34.000+05:30,2025-12-01T00:16:14.000+05:30,1,1.9,1,N,68,107,1,12.8,1.0,0.5,4.64,0.0,1.0,23.19,2.5,0.0,0.75,2025-12-01,2025-12-01,0,0,12,2,Monday,11.67,6.74
1,2025-12-01T00:43:56.000+05:30,2025-12-01T01:14:43.000+05:30,1,12.6,1,N,132,62,1,49.2,2.75,0.5,5.0,0.0,1.0,58.45,0.0,1.75,0.0,2025-12-01,2025-12-01,0,1,12,2,Monday,30.78,3.9
1,2025-12-01T00:12:51.000+05:30,2025-12-01T00:44:52.000+05:30,1,11.5,1,N,138,164,1,47.8,11.0,0.5,10.0,6.94,1.0,77.24,2.5,1.75,0.75,2025-12-01,2025-12-01,0,0,12,2,Monday,32.02,4.16
1,2025-12-01T00:11:11.000+05:30,2025-12-01T00:20:58.000+05:30,1,2.3,1,N,79,161,1,11.4,4.25,0.5,3.45,0.0,1.0,20.6,2.5,0.0,0.75,2025-12-01,2025-12-01,0,0,12,2,Monday,9.78,4.96
2,2025-12-01T00:14:52.000+05:30,2025-12-01T00:33:54.000+05:30,1,7.67,1,N,138,42,1,33.1,6.0,0.5,14.26,6.94,1.0,63.55,0.0,1.75,0.0,2025-12-01,2025-12-01,0,0,12,2,Monday,19.03,4.32
2,2025-12-01T00:53:40.000+05:30,2025-12-01T01:13:50.000+05:30,1,12.41,1,N,132,64,1,46.4,1.0,0.5,10.13,0.0,1.0,60.78,0.0,1.75,0.0,2025-12-01,2025-12-01,0,1,12,2,Monday,20.17,3.74
2,2025-12-01T00:44:16.000+05:30,2025-12-01T01:21:54.000+05:30,1,17.63,2,N,132,48,1,70.0,0.0,0.5,10.0,6.94,1.0,93.44,2.5,1.75,0.75,2025-12-01,2025-12-01,0,1,12,2,Monday,37.63,3.97
2,2025-12-01T00:12:04.000+05:30,2025-12-01T00:21:21.000+05:30,1,1.9,1,N,186,113,1,11.4,1.0,0.5,3.43,0.0,1.0,20.58,2.5,0.0,0.75,2025-12-01,2025-12-01,0,0,12,2,Monday,9.28,6.0
2,2025-12-01T00:42:06.000+05:30,2025-12-01T00:58:37.000+05:30,1,4.08,1,N,186,262,1,20.5,1.0,0.5,0.0,0.0,1.0,26.25,2.5,0.0,0.75,2025-12-01,2025-12-01,0,0,12,2,Monday,16.52,5.02
1,2025-12-01T00:44:04.000+05:30,2025-12-01T00:48:51.000+05:30,1,0.9,1,N,162,233,1,7.2,4.25,0.5,2.55,0.0,1.0,15.5,2.5,0.0,0.75,2025-12-01,2025-12-01,0,0,12,2,Monday,4.78,8.0
1,2025-12-01T00:11:44.000+05:30,2025-12-01T00:22:55.000+05:30,1,2.4,1,N,239,229,1,14.2,4.25,0.5,3.95,0.0,1.0,23.9,2.5,0.0,0.75,2025-12-01,2025-12-01,0,0,12,2,Monday,11.18,5.92
2,2025-12-01T00:02:46.000+05:30,2025-12-01T00:16:07.000+05:30,1,2.26,1,N,68,79,1,14.2,1.0,0.5,3.99,0.0,1.0,23.94,2.5,0.0,0.75,2025-12-01,2025-12-01,0,0,12,2,Monday,13.35,6.28
2,2025-12-01T00:07:23.000+05:30,2025-12-01T00:07:58.000+05:30,1,0.04,1,N,132,132,4,3.0,1.0,0.5,0.0,0.0,1.0,7.25,0.0,1.75,0.0,2025-12-01,2025-12-01,0,0,12,2,Monday,0.58,75.0
2,2025-12-01T00:10:04.000+05:30,2025-12-01T00:37:46.000+05:30,1,17.54,2,N,132,74,1,70.0,0.0,0.5,15.69,6.94,1.0,95.88,0.0,1.75,0.0,2025-12-01,2025-12-01,0,0,12,2,Monday,27.7,3.99
1,2025-12-01T00:34:59.000+05:30,2025-12-01T00:39:23.000+05:30,1,0.8,1,N,114,158,1,5.8,4.25,0.5,1.73,0.0,1.0,13.28,2.5,0.0,0.75,2025-12-01,2025-12-01,0,0,12,2,Monday,4.4,7.25
1,2025-12-01T00:09:28.000+05:30,2025-12-01T00:13:43.000+05:30,1,0.9,1,N,68,158,1,6.5,4.25,0.5,2.45,0.0,1.0,14.7,2.5,0.0,0.75,2025-12-01,2025-12-01,0,0,12,2,Monday,4.25,7.22
1,2025-12-01T00:22:24.000+05:30,2025-12-01T00:36:22.000+05:30,1,6.4,1,N,132,197,2,26.1,2.75,0.5,0.0,0.0,1.0,30.35,0.0,1.75,0.0,2025-12-01,2025-12-01,0,0,12,2,Monday,13.97,4.08
2,2025-12-01T00:45:54.000+05:30,2025-12-01T01:00:32.000+05:30,1,4.12,1,N,263,234,1,19.8,1.0,0.5,2.0,0.0,1.0,27.55,2.5,0.0,0.75,2025-12-01,2025-12-01,0,1,12,2,Monday,14.63,4.81
1,2025-12-01T00:03:54.000+05:30,2025-12-01T00:38:54.000+05:30,1,13.5,1,N,161,165,4,53.4,4.25,0.5,0.0,0.0,1.0,59.15,2.5,0.0,0.75,2025-12-01,2025-12-01,0,0,12,2,Monday,35.0,3.96
2,2025-12-01T00:04:28.000+05:30,2025-12-01T00:42:07.000+05:30,1,19.47,1,N,132,181,1,75.8,1.0,0.5,15.66,0.0,1.0,95.71,0.0,1.75,0.0,2025-12-01,2025-12-01,0,0,12,2,Monday,37.65,3.89
1,2025-12-01T00:24:08.000+05:30,2025-12-01T00:33:29.000+05:30,1,2.2,1,N,234,48,1,10.7,4.25,0.5,4.1,0.0,1.0,20.55,2.5,0.0,0.75,2025-12-01,2025-12-01,0,0,12,2,Monday,9.35,4.86
1,2025-12-01T00:36:55.000+05:30,2025-12-01T00:53:28.000+05:30,1,4.2,1,N,230,87,1,18.4,4.25,0.5,0.0,0.0,1.0,24.15,2.5,0.0,0.75,2025-12-01,2025-12-01,0,0,12,2,Monday,16.55,4.38
2,2025-12-01T00:03:54.000+05:30,2025-12-01T00:24:25.000+05:30,1,3.88,1,N,140,151,1,22.6,1.0,0.5,5.52,0.0,1.0,33.12,2.5,0.0,0.0,2025-12-01,2025-12-01,0,0,12,2,Monday,20.52,5.82
2,2025-12-01T00:38:04.000+05:30,2025-12-01T00:45:28.000+05:30,2,1.27,1,N,239,163,2,10.0,1.0,0.5,0.0,0.0,1.0,15.75,2.5,0.0,0.75,2025-12-01,2025-12-01,0,0,12,2,Monday,7.4,7.87
2,2025-12-01T00:09:05.000+05:30,2025-12-01T00:14:04.000+05:30,1,0.74,1,N,161,48,1,6.5,1.0,0.5,2.45,0.0,1.0,14.7,2.5,0.0,0.75,2025-12-01,2025-12-01,0,0,12,2,Monday,4.98,8.78
2,2025-12-01T00:20:33.000+05:30,2025-12-01T00:37:38.000+05:30,2,8.79,4,N,132,265,1,40.8,1.0,0.5,8.66,0.0,1.0,53.71,0.0,1.75,0.0,2025-12-01,2025-12-01,0,0,12,2,Monday,17.08,4.64
2,2025-12-01T00:09:16.000+05:30,2025-12-01T00:22:41.000+05:30,2,2.64,1,N,142,262,1,15.6,1.0,0.5,3.0,0.0,1.0,23.6,2.5,0.0,0.0,2025-12-01,2025-12-01,0,0,12,2,Monday,13.42,5.91
2,2025-12-01T00:34:01.000+05:30,2025-12-01T00:39:56.000+05:30,1,1.37,1,N,249,148,1,8.6,1.0,0.5,2.0,0.0,1.0,16.35,2.5,0.0,0.75,2025-12-01,2025-12-01,0,0,12,2,Monday,5.92,6.28
2,2025-12-01T00:40:24.000+05:30,2025-12-01T00:52:17.000+05:30,1,3.36,1,N,163,7,1,17.0,1.0,0.5,4.55,0.0,1.0,27.3,2.5,0.0,0.75,2025-12-01,2025-12-01,0,0,12,2,Monday,11.88,5.06
2,2025-12-01T00:12:35.000+05:30,2025-12-01T00:29:04.000+05:30,1,5.08,1,N,186,52,1,22.6,1.0,0.5,8.51,0.0,1.0,36.86,2.5,0.0,0.75,2025-12-01,2025-12-01,0,0,12,2,Monday,16.48,4.45
1,2025-12-01T00:08:33.000+05:30,2025-12-01T00:19:05.000+05:30,1,1.7,1,N,142,229,1,11.4,4.25,0.5,3.45,0.0,1.0,20.6,2.5,0.0,0.75,2025-12-01,2025-12-01,0,0,12,2,Monday,10.53,6.71
1,2025-12-01T00:06:58.000+05:30,2025-12-01T00:09:53.000+05:30,1,0.5,1,N,186,234,1,5.1,4.25,0.5,3.25,0.0,1.0,14.1,2.5,0.0,0.75,2025-12-01,2025-12-01,0,0,12,2,Monday,2.92,10.2
1,2025-12-01T00:31:27.000+05:30,2025-12-01T00:35:43.000+05:30,1,1.0,1,N,186,234,1,6.5,4.25,0.5,2.0,0.0,1.0,14.25,2.5,0.0,0.75,2025-12-01,2025-12-01,0,0,12,2,Monday,4.27,6.5
1,2025-12-01T00:37:52.000+05:30,2025-12-01T00:41:25.000+05:30,1,0.5,1,N,113,79,3,5.1,4.25,0.5,0.0,0.0,1.0,10.85,2.5,0.0,0.75,2025-12-01,2025-12-01,0,0,12,2,Monday,3.55,10.2
2,2025-12-01T00:15:07.000+05:30,2025-12-01T00:31:19.000+05:30,1,7.49,1,N,70,41,1,31.7,6.0,0.5,9.23,6.94,1.0,57.12,0.0,1.75,0.0,2025-12-01,2025-12-01,0,0,12,2,Monday,16.2,4.23
2,2025-12-01T00:32:36.000+05:30,2025-12-01T00:37:14.000+05:30,2,1.26,1,N,142,230,2,7.9,1.0,0.5,0.0,0.0,1.0,13.65,2.5,0.0,0.75,2025-12-01,2025-12-01,0,0,12,2,Monday,4.63,6.27
2,2025-12-01T00:43:36.000+05:30,2025-12-01T00:48:07.000+05:30,1,1.25,1,N,186,113,1,7.9,1.0,0.5,1.5,0.0,1.0,15.15,2.5,0.0,0.75,2025-12-01,2025-12-01,0,0,12,2,Monday,4.52,6.32
2,2025-12-01T00:59:32.000+05:30,2025-12-01T01:03:47.000+05:30,1,1.69,1,N,90,48,2,8.6,1.0,0.5,0.0,0.0,1.0,14.35,2.5,0.0,0.75,2025-12-01,2025-12-01,0,1,12,2,Monday,4.25,5.09
2,2025-12-01T00:01:04.000+05:30,2025-12-01T00:34:21.000+05:30,1,21.2,2,N,132,87,1,70.0,0.0,0.5,14.8,0.0,1.0,90.55,2.5,1.75,0.0,2025-12-01,2025-12-01,0,0,12,2,Monday,33.28,3.3
2,2025-12-01T00:54:33.000+05:30,2025-12-01T01:00:47.000+05:30,1,2.65,1,N,79,229,1,12.1,1.0,0.5,2.5,0.0,1.0,20.35,2.5,0.0,0.75,2025-12-01,2025-12-01,0,1,12,2,Monday,6.23,4.57
2,2025-12-01T00:01:28.000+05:30,2025-12-01T00:34:51.000+05:30,1,11.68,1,N,132,189,1,49.2,1.0,0.5,10.69,0.0,1.0,64.14,0.0,1.75,0.0,2025-12-01,2025-12-01,0,0,12,2,Monday,33.38,4.21
2,2025-12-01T00:29:03.000+05:30,2025-12-01T00:52:06.000+05:30,2,17.9,2,N,132,144,1,70.0,0.0,0.5,14.95,0.0,1.0,91.45,2.5,1.75,0.75,2025-12-01,2025-12-01,0,0,12,2,Monday,23.05,3.91
2,2025-12-01T00:53:05.000+05:30,2025-12-01T00:59:00.000+05:30,1,0.91,1,N,144,113,1,7.9,1.0,0.5,2.73,0.0,1.0,16.38,2.5,0.0,0.75,2025-12-01,2025-12-01,0,0,12,2,Monday,5.92,8.68
2,2025-12-01T00:21:03.000+05:30,2025-12-01T00:35:01.000+05:30,1,4.82,1,N,138,146,2,21.9,6.0,0.5,0.0,0.0,1.0,31.15,0.0,1.75,0.0,2025-12-01,2025-12-01,0,0,12,2,Monday,13.97,4.54
2,2025-12-01T00:23:31.000+05:30,2025-12-01T00:27:40.000+05:30,1,0.82,1,N,107,137,1,6.5,1.0,0.5,2.0,0.0,1.0,14.25,2.5,0.0,0.75,2025-12-01,2025-12-01,0,0,12,2,Monday,4.15,7.93
2,2025-12-01T00:36:53.000+05:30,2025-12-01T01:05:39.000+05:30,1,18.54,2,N,132,232,1,70.0,0.0,0.5,7.0,0.0,1.0,83.5,2.5,1.75,0.75,2025-12-01,2025-12-01,0,1,12,2,Monday,28.77,3.78
2,2025-12-01T00:06:54.000+05:30,2025-12-01T00:19:44.000+05:30,2,5.0,1,N,107,13,1,22.6,1.0,0.5,3.0,0.0,1.0,31.35,2.5,0.0,0.75,2025-12-01,2025-12-01,0,0,12,2,Monday,12.83,4.52
2,2025-12-01T00:31:35.000+05:30,2025-12-01T00:36:25.000+05:30,1,1.11,1,N,239,161,1,7.9,1.0,0.5,3.41,0.0,1.0,17.06,2.5,0.0,0.75,2025-12-01,2025-12-01,0,0,12,2,Monday,4.83,7.12
2,2025-12-01T00:25:32.000+05:30,2025-12-01T00:28:21.000+05:30,1,0.82,1,N,79,107,1,5.8,1.0,0.5,2.31,0.0,1.0,13.86,2.5,0.0,0.75,2025-12-01,2025-12-01,0,0,12,2,Monday,2.82,7.07
2,2025-12-01T00:35:34.000+05:30,2025-12-01T00:45:52.000+05:30,1,4.73,1,N,138,92,2,20.5,6.0,0.5,0.0,0.0,1.0,29.75,0.0,1.75,0.0,2025-12-01,2025-12-01,0,0,12,2,Monday,10.3,4.33
2,2025-12-01T00:51:43.000+05:30,2025-12-01T01:05:48.000+05:30,1,7.87,1,N,138,255,1,32.4,6.0,0.5,7.98,0.0,1.0,49.63,0.0,1.75,0.0,2025-12-01,2025-12-01,0,1,12,2,Monday,14.08,4.12
2,2025-12-01T00:07:10.000+05:30,2025-12-01T00:11:43.000+05:30,2,0.9,1,N,237,237,1,7.2,1.0,0.5,3.05,0.0,1.0,15.25,2.5,0.0,0.0,2025-12-01,2025-12-01,0,0,12,2,Monday,4.55,8.0
2,2025-12-01T00:43:30.000+05:30,2025-12-01T00:47:40.000+05:30,2,0.65,1,N,237,141,1,5.8,1.0,0.5,1.0,0.0,1.0,11.8,2.5,0.0,0.0,2025-12-01,2025-12-01,0,0,12,2,Monday,4.17,8.92
2,2025-12-01T00:41:53.000+05:30,2025-12-01T00:50:46.000+05:30,4,1.59,1,N,4,107,1,10.7,1.0,0.5,3.29,0.0,1.0,19.74,2.5,0.0,0.75,2025-12-01,2025-12-01,0,0,12,2,Monday,8.88,6.73
2,2025-12-01T00:26:49.000+05:30,2025-12-01T00:38:55.000+05:30,1,2.26,1,N,143,186,2,13.5,1.0,0.5,0.0,0.0,1.0,19.25,2.5,0.0,0.75,2025-12-01,2025-12-01,0,0,12,2,Monday,12.1,5.97
2,2025-12-01T00:43:21.000+05:30,2025-12-01T00:54:57.000+05:30,1,2.28,1,N,68,79,1,13.5,1.0,0.5,4.0,0.0,1.0,23.25,2.5,0.0,0.75,2025-12-01,2025-12-01,0,0,12,2,Monday,11.6,5.92
2,2025-12-01T00:21:30.000+05:30,2025-12-01T00:33:39.000+05:30,1,3.76,1,N,138,223,1,19.1,6.0,0.5,5.32,0.0,1.0,33.67,0.0,1.75,0.0,2025-12-01,2025-12-01,0,0,12,2,Monday,12.15,5.08
2,2025-12-01T00:14:51.000+05:30,2025-12-01T00:34:24.000+05:30,1,9.09,1,N,138,164,1,35.9,6.0,0.5,5.0,6.94,1.0,60.34,2.5,1.75,0.75,2025-12-01,2025-12-01,0,0,12,2,Monday,19.55,3.95
2,2025-12-01T00:41:19.000+05:30,2025-12-01T01:02:45.000+05:30,1,4.8,1,N,186,65,1,24.7,1.0,0.5,3.0,0.0,1.0,33.45,2.5,0.0,0.75,2025-12-01,2025-12-01,0,1,12,2,Monday,21.43,5.15
2,2025-12-01T00:16:32.000+05:30,2025-12-01T00:38:47.000+05:30,1,10.11,1,N,138,48,1,40.8,6.0,0.5,17.55,6.94,1.0,77.79,2.5,1.75,0.75,2025-12-01,2025-12-01,0,0,12,2,Monday,22.25,4.04
1,2025-12-01T00:33:11.000+05:30,2025-12-01T00:33:28.000+05:30,1,0.0,1,N,74,74,1,3.0,1.0,0.5,3.0,0.0,1.0,8.5,0.0,0.0,0.0,2025-12-01,2025-12-01,0,0,12,2,Monday,0.28,
2,2025-12-01T00:29:05.000+05:30,2025-12-01T00:34:57.000+05:30,2,1.78,1,N,113,229,1,9.3,1.0,0.5,3.01,0.0,1.0,18.06,2.5,0.0,0.75,2025-12-01,2025-12-01,0,0,12,2,Monday,5.87,5.22
2,2025-12-01T00:24:28.000+05:30,2025-12-01T00:48:16.000+05:30,3,7.36,1,N,230,244,1,32.4,1.0,0.5,9.54,0.0,1.0,47.69,2.5,0.0,0.75,2025-12-01,2025-12-01,0,0,12,2,Monday,23.8,4.4
2,2025-12-01T00:36:02.000+05:30,2025-12-01T01:00:22.000+05:30,1,12.25,1,N,51,179,1,49.2,1.0,0.5,11.73,6.94,1.0,70.37,0.0,0.0,0.0,2025-12-01,2025-12-01,0,1,12,2,Monday,24.33,4.02
2,2025-12-01T00:39:06.000+05:30,2025-12-01T00:59:32.000+05:30,1,5.17,1,N,246,75,1,24.7,1.0,0.5,6.09,0.0,1.0,36.54,2.5,0.0,0.75,2025-12-01,2025-12-01,0,0,12,2,Monday,20.43,4.78
2,2025-12-01T00:02:40.000+05:30,2025-12-01T00:10:22.000+05:30,1,1.95,1,N,143,141,1,10.7,1.0,0.5,3.14,0.0,1.0,18.84,2.5,0.0,0.0,2025-12-01,2025-12-01,0,0,12,2,Monday,7.7,5.49
2,2025-12-01T00:22:25.000+05:30,2025-12-01T00:36:58.000+05:30,1,4.5,1,N,138,73,1,21.2,6.0,0.5,5.74,0.0,1.0,36.19,0.0,1.75,0.0,2025-12-01,2025-12-01,0,0,12,2,Monday,14.55,4.71
1,2025-12-01T00:39:56.000+05:30,2025-12-01T01:10:01.000+05:30,1,10.5,1,N,132,61,1,43.6,2.75,0.5,9.55,0.0,1.0,57.4,0.0,1.75,0.0,2025-12-01,2025-12-01,0,1,12,2,Monday,30.08,4.15
1,2025-12-01T00:11:22.000+05:30,2025-12-01T00:18:53.000+05:30,1,2.1,1,N,161,114,1,10.7,4.25,0.5,4.95,0.0,1.0,21.4,2.5,0.0,0.75,2025-12-01,2025-12-01,0,0,12,2,Monday,7.52,5.1
1,2025-12-01T00:55:07.000+05:30,2025-12-01T00:58:36.000+05:30,1,0.6,1,N,249,125,2,5.1,4.25,0.5,0.0,0.0,1.0,10.85,2.5,0.0,0.75,2025-12-01,2025-12-01,0,0,12,2,Monday,3.48,8.5
7,2025-12-01T00:08:50.000+05:30,2025-12-01T00:08:50.000+05:30,1,0.9,1,N,239,143,1,6.5,0.0,0.5,2.3,0.0,1.0,13.8,2.5,0.0,0.0,2025-12-01,2025-12-01,0,0,12,2,Monday,0.0,7.22
7,2025-12-01T00:35:17.000+05:30,2025-12-01T00:35:17.000+05:30,4,2.54,1,N,143,170,2,19.8,0.0,0.5,0.0,0.0,1.0,25.55,2.5,0.0,0.75,2025-12-01,2025-12-01,0,0,12,2,Monday,0.0,7.8
2,2025-12-01T00:07:47.000+05:30,2025-12-01T00:16:53.000+05:30,2,1.41,1,N,142,43,1,10.7,1.0,0.5,3.29,0.0,1.0,19.74,2.5,0.0,0.75,2025-12-01,2025-12-01,0,0,12,2,Monday,9.1,7.59
2,2025-12-01T00:21:21.000+05:30,2025-12-01T00:27:28.000+05:30,1,1.66,1,N,142,141,1,10.0,1.0,0.5,1.75,0.0,1.0,16.75,2.5,0.0,0.0,2025-12-01,2025-12-01,0,0,12,2,Monday,6.12,6.02
2,2025-12-01T00:08:22.000+05:30,2025-12-01T00:21:40.000+05:30,1,6.78,1,N,138,145,1,27.5,6.0,0.5,7.35,0.0,1.0,44.1,0.0,1.75,0.0,2025-12-01,2025-12-01,0,0,12,2,Monday,13.3,4.06
2,2025-12-01T00:31:50.000+05:30,2025-12-01T00:37:53.000+05:30,1,1.08,1,N,170,229,1,7.9,1.0,0.5,2.0,0.0,1.0,15.65,2.5,0.0,0.75,2025-12-01,2025-12-01,0,0,12,2,Monday,6.05,7.31
1,2025-12-01T00:01:21.000+05:30,2025-12-01T00:10:02.000+05:30,1,1.5,1,N,68,50,1,10.7,4.25,0.5,4.1,0.0,1.0,20.55,2.5,0.0,0.75,2025-12-01,2025-12-01,0,0,12,2,Monday,8.68,7.13
1,2025-12-01T00:47:41.000+05:30,2025-12-01T00:53:20.000+05:30,1,2.3,1,N,141,107,1,10.7,4.25,0.5,1.5,0.0,1.0,17.95,2.5,0.0,0.75,2025-12-01,2025-12-01,0,0,12,2,Monday,5.65,4.65
2,2025-12-01T00:05:53.000+05:30,2025-12-01T00:08:58.000+05:30,2,0.8,1,N,236,262,1,5.8,1.0,0.5,2.16,0.0,1.0,12.96,2.5,0.0,0.0,2025-12-01,2025-12-01,0,0,12,2,Monday,3.08,7.25
1,2025-12-01T00:03:11.000+05:30,2025-12-01T00:14:10.000+05:30,1,2.5,1,N,140,239,1,12.8,3.5,0.5,4.45,0.0,1.0,22.25,2.5,0.0,0.0,2025-12-01,2025-12-01,0,0,12,2,Monday,10.98,5.12
1,2025-12-01T00:23:48.000+05:30,2025-12-01T00:41:38.000+05:30,1,3.9,1,N,239,42,1,19.1,3.5,0.5,4.8,0.0,1.0,28.9,2.5,0.0,0.0,2025-12-01,2025-12-01,0,0,12,2,Monday,17.83,4.9
2,2025-12-01T00:11:22.000+05:30,2025-12-01T00:23:31.000+05:30,1,3.09,1,N,170,142,1,15.6,1.0,0.5,1.0,0.0,1.0,22.35,2.5,0.0,0.75,2025-12-01,2025-12-01,0,0,12,2,Monday,12.15,5.05
2,2025-12-01T00:35:37.000+05:30,2025-12-01T00:56:39.000+05:30,1,12.03,1,N,230,212,2,46.4,1.0,0.5,0.0,0.0,1.0,52.15,2.5,0.0,0.75,2025-12-01,2025-12-01,0,0,12,2,Monday,21.03,3.86
2,2025-12-01T00:30:26.000+05:30,2025-12-01T00:53:12.000+05:30,2,10.29,1,N,132,92,1,42.2,1.0,0.5,5.0,0.0,1.0,51.45,0.0,1.75,0.0,2025-12-01,2025-12-01,0,0,12,2,Monday,22.77,4.1
2,2025-12-01T00:42:14.000+05:30,2025-12-01T01:03:01.000+05:30,1,12.63,1,N,132,129,1,47.8,1.0,0.5,5.0,0.0,1.0,57.05,0.0,1.75,0.0,2025-12-01,2025-12-01,0,1,12,2,Monday,20.78,3.78
2,2025-12-01T00:16:44.000+05:30,2025-12-01T00:33:15.000+05:30,1,5.23,1,N,138,7,2,24.0,6.0,0.5,0.0,0.0,1.0,33.25,0.0,1.75,0.0,2025-12-01,2025-12-01,0,0,12,2,Monday,16.52,4.59
2,2025-12-01T00:52:59.000+05:30,2025-12-01T01:05:24.000+05:30,2,3.42,1,N,246,13,1,17.7,1.0,0.5,4.69,0.0,1.0,28.14,2.5,0.0,0.75,2025-12-01,2025-12-01,0,1,12,2,Monday,12.42,5.18
1,2025-12-01T00:05:18.000+05:30,2025-12-01T00:14:19.000+05:30,1,1.4,1,N,229,48,1,9.3,4.25,0.5,3.0,0.0,1.0,18.05,2.5,0.0,0.75,2025-12-01,2025-12-01,0,0,12,2,Monday,9.02,6.64
1,2025-12-01T00:27:46.000+05:30,2025-12-01T01:08:34.000+05:30,1,9.4,1,N,48,89,1,40.8,4.25,0.5,11.65,0.0,1.0,58.2,2.5,0.0,0.75,2025-12-01,2025-12-01,0,1,12,2,Monday,40.8,4.34
1,2025-12-01T00:01:02.000+05:30,2025-12-01T00:05:55.000+05:30,1,1.4,1,N,239,237,1,7.9,3.5,0.5,2.58,0.0,1.0,15.48,2.5,0.0,0.0,2025-12-01,2025-12-01,0,0,12,2,Monday,4.88,5.64
1,2025-12-01T00:09:19.000+05:30,2025-12-01T00:22:51.000+05:30,1,2.8,1,N,163,114,1,14.9,4.25,0.5,2.06,0.0,1.0,22.71,2.5,0.0,0.75,2025-12-01,2025-12-01,0,0,12,2,Monday,13.53,5.32
1,2025-12-01T00:53:28.000+05:30,2025-12-01T01:01:06.000+05:30,1,1.1,1,N,36,37,1,8.6,1.0,0.5,2.2,0.0,1.0,13.3,0.0,0.0,0.0,2025-12-01,2025-12-01,0,1,12,2,Monday,7.63,7.82
2,2025-12-01T00:58:07.000+05:30,2025-12-01T01:22:32.000+05:30,1,12.43,1,N,138,87,2,48.5,6.0,0.5,0.0,0.0,1.0,61.0,2.5,1.75,0.75,2025-12-01,2025-12-01,0,1,12,2,Monday,24.42,3.9
2,2025-12-01T00:09:22.000+05:30,2025-12-01T00:39:12.000+05:30,3,16.46,1,N,132,112,1,63.2,1.0,0.5,6.0,0.0,1.0,73.45,0.0,1.75,0.0,2025-12-01,2025-12-01,0,0,12,2,Monday,29.83,3.84
2,2025-12-01T00:06:52.000+05:30,2025-12-01T00:17:01.000+05:30,1,3.22,1,N,232,87,1,15.6,1.0,0.5,2.14,0.0,1.0,23.49,2.5,0.0,0.75,2025-12-01,2025-12-01,0,0,12,2,Monday,10.15,4.84
2,2025-12-01T00:33:50.000+05:30,2025-12-01T00:52:32.000+05:30,2,4.16,1,N,211,48,1,21.9,1.0,0.5,1.0,0.0,1.0,28.65,2.5,0.0,0.75,2025-12-01,2025-12-01,0,0,12,2,Monday,18.7,5.26
2,2025-12-01T00:34:31.000+05:30,2025-12-01T00:55:38.000+05:30,1,9.38,1,N,231,244,1,39.4,1.0,0.5,9.03,0.0,1.0,54.18,2.5,0.0,0.75,2025-12-01,2025-12-01,0,0,12,2,Monday,21.12,4.2
1,2025-12-01T00:11:33.000+05:30,2025-12-01T00:24:50.000+05:30,1,3.1,1,N,142,107,3,15.6,4.25,0.5,0.0,0.0,1.0,21.35,2.5,0.0,0.75,2025-12-01,2025-12-01,0,0,12,2,Monday,13.28,5.03
1,2025-12-01T00:45:39.000+05:30,2025-12-01T01:10:46.000+05:30,2,15.0,1,N,132,145,1,56.9,2.75,0.5,9.17,0.0,1.0,70.32,0.0,1.75,0.0,2025-12-01,2025-12-01,0,1,12,2,Monday,25.12,3.79
2,2025-12-01T00:13:46.000+05:30,2025-12-01T00:47:38.000+05:30,2,19.24,2,N,132,114,1,70.0,0.0,0.5,13.77,0.0,1.0,90.27,2.5,1.75,0.75,2025-12-01,2025-12-01,0,0,12,2,Monday,33.87,3.64
2,2025-12-01T00:09:11.000+05:30,2025-12-01T00:17:56.000+05:30,1,2.26,1,N,249,68,1,12.1,1.0,0.5,4.46,0.0,1.0,22.31,2.5,0.0,0.75,2025-12-01,2025-12-01,0,0,12,2,Monday,8.75,5.35
1,2025-12-01T00:04:56.000+05:30,2025-12-01T00:15:08.000+05:30,1,2.3,1,N,239,162,1,12.8,4.25,0.5,2.0,0.0,1.0,20.55,2.5,0.0,0.75,2025-12-01,2025-12-01,0,0,12,2,Monday,10.2,5.57
2,2025-12-01T00:02:05.000+05:30,2025-12-01T00:20:20.000+05:30,2,7.43,1,N,138,166,2,31.0,6.0,0.5,0.0,6.94,1.0,47.19,0.0,1.75,0.0,2025-12-01,2025-12-01,0,0,12,2,Monday,18.25,4.17
2,2025-12-01T00:07:48.000+05:30,2025-12-01T00:23:53.000+05:30,1,9.62,1,N,138,148,1,37.3,6.0,0.5,9.61,0.0,1.0,59.41,2.5,1.75,0.75,2025-12-01,2025-12-01,0,0,12,2,Monday,16.08,3.88
2,2025-12-01T00:19:01.000+05:30,2025-12-01T00:55:23.000+05:30,1,11.3,1,N,142,181,1,49.9,1.0,0.5,8.25,0.0,1.0,63.15,2.5,0.0,0.0,2025-12-01,2025-12-01,0,0,12,2,Monday,36.37,4.42
1,2025-12-01T00:05:55.000+05:30,2025-12-01T00:17:38.000+05:30,1,1.7,1,N,68,107,1,11.4,4.25,0.5,3.45,0.0,1.0,20.6,2.5,0.0,0.75,2025-12-01,2025-12-01,0,0,12,2,Monday,11.72,6.71
1,2025-12-01T00:39:12.000+05:30,2025-12-01T00:51:47.000+05:30,1,1.9,1,N,186,113,1,12.1,4.25,0.5,0.0,0.0,1.0,17.85,2.5,0.0,0.75,2025-12-01,2025-12-01,0,0,12,2,Monday,12.58,6.37
2,2025-12-01T00:12:08.000+05:30,2025-12-01T00:42:38.000+05:30,1,17.57,1,N,138,22,1,67.4,6.0,0.5,14.98,0.0,1.0,91.63,0.0,1.75,0.0,2025-12-01,2025-12-01,0,0,12,2,Monday,30.5,3.84
2,2025-12-01T00:18:33.000+05:30,2025-12-01T00:21:09.000+05:30,1,0.69,1,N,249,90,2,5.1,1.0,0.5,0.0,0.0,1.0,10.85,2.5,0.0,0.75,2025-12-01,2025-12-01,0,0,12,2,Monday,2.6,7.39
2,2025-12-01T00:24:31.000+05:30,2025-12-01T00:38:11.000+05:30,3,2.1,1,N,90,144,1,14.2,1.0,0.5,1.0,0.0,1.0,20.95,2.5,0.0,0.75,2025-12-01,2025-12-01,0,0,12,2,Monday,13.67,6.76
2,2025-12-01T00:07:12.000+05:30,2025-12-01T00:10:51.000+05:30,1,2.33,1,N,132,132,2,10.7,1.0,0.5,0.0,0.0,1.0,14.95,0.0,1.75,0.0,2025-12-01,2025-12-01,0,0,12,2,Monday,3.65,4.59
2,2025-12-01T00:28:59.000+05:30,2025-12-01T00:42:23.000+05:30,2,5.03,1,N,148,263,1,21.2,1.0,0.5,5.39,0.0,1.0,32.34,2.5,0.0,0.75,2025-12-01,2025-12-01,0,0,12,2,Monday,13.4,4.21
2,2025-12-01T00:38:54.000+05:30,2025-12-01T00:55:23.000+05:30,1,4.0,1,N,143,116,1,21.2,1.0,0.5,5.24,0.0,1.0,31.44,2.5,0.0,0.0,2025-12-01,2025-12-01,0,0,12,2,Monday,16.48,5.3
2,2025-12-01T00:31:08.000+05:30,2025-12-01T00:48:17.000+05:30,2,9.17,1,N,138,107,1,36.6,6.0,0.5,10.86,6.94,1.0,66.9,2.5,1.75,0.75,2025-12-01,2025-12-01,0,0,12,2,Monday,17.15,3.99
2,2025-12-01T00:14:09.000+05:30,2025-12-01T00:30:18.000+05:30,1,8.99,1,N,138,263,1,35.2,6.0,0.5,8.08,6.94,1.0,61.97,2.5,1.75,0.0,2025-12-01,2025-12-01,0,0,12,2,Monday,16.15,3.92
2,2025-12-01T00:21:18.000+05:30,2025-12-01T00:29:36.000+05:30,1,2.59,1,N,144,186,1,12.8,1.0,0.5,3.71,0.0,1.0,22.26,2.5,0.0,0.75,2025-12-01,2025-12-01,0,0,12,2,Monday,8.3,4.94
2,2025-12-01T00:05:42.000+05:30,2025-12-01T00:11:48.000+05:30,1,2.44,1,N,137,4,2,11.4,1.0,0.5,0.0,0.0,1.0,17.15,2.5,0.0,0.75,2025-12-01,2025-12-01,0,0,12,2,Monday,6.1,4.67
2,2025-12-01T00:31:39.000+05:30,2025-12-01T00:44:57.000+05:30,1,4.16,1,N,137,74,1,18.4,1.0,0.5,4.83,0.0,1.0,28.98,2.5,0.0,0.75,2025-12-01,2025-12-01,0,0,12,2,Monday,13.3,4.42
2,2025-12-01T00:06:29.000+05:30,2025-12-01T00:17:03.000+05:30,1,2.18,1,N,142,229,1,13.5,1.0,0.5,3.0,0.0,1.0,22.25,2.5,0.0,0.75,2025-12-01,2025-12-01,0,0,12,2,Monday,10.57,6.19
2,2025-12-01T00:43:46.000+05:30,2025-12-01T00:49:42.000+05:30,1,0.94,1,N,48,164,1,7.9,1.0,0.5,3.41,0.0,1.0,17.06,2.5,0.0,0.75,2025-12-01,2025-12-01,0,0,12,2,Monday,5.93,8.4
2,2025-12-01T00:03:04.000+05:30,2025-12-01T00:07:29.000+05:30,1,1.08,1,N,68,186,1,7.2,1.0,0.5,2.0,0.0,1.0,14.95,2.5,0.0,0.75,2025-12-01,2025-12-01,0,0,12,2,Monday,4.42,6.67
2,2025-12-01T00:09:30.000+05:30,2025-12-01T00:32:00.000+05:30,1,5.64,1,N,186,112,1,27.5,1.0,0.5,3.0,0.0,1.0,36.25,2.5,0.0,0.75,2025-12-01,2025-12-01,0,0,12,2,Monday,22.5,4.88
2,2025-12-01T00:17:29.000+05:30,2025-12-01T00:35:22.000+05:30,1,9.01,1,N,138,107,1,35.2,6.0,0.5,10.58,6.94,1.0,65.22,2.5,1.75,0.75,2025-12-01,2025-12-01,0,0,12,2,Monday,17.88,3.91
2,2025-12-01T00:02:06.000+05:30,2025-12-01T00:08:32.000+05:30,1,1.52,1,N,236,161,1,10.0,1.0,0.5,3.15,0.0,1.0,18.9,2.5,0.0,0.75,2025-12-01,2025-12-01,0,0,12,2,Monday,6.43,6.58
2,2025-12-01T00:15:52.000+05:30,2025-12-01T00:23:29.000+05:30,1,2.43,1,N,234,87,1,12.1,1.0,0.5,3.57,0.0,1.0,21.42,2.5,0.0,0.75,2025-12-01,2025-12-01,0,0,12,2,Monday,7.62,4.98
2,2025-12-01T00:15:40.000+05:30,2025-12-01T00:18:34.000+05:30,1,0.42,1,N,152,166,4,5.1,1.0,0.5,0.0,0.0,1.0,7.6,0.0,0.0,0.0,2025-12-01,2025-12-01,0,0,12,2,Monday,2.9,12.14
2,2025-12-01T00:49:51.000+05:30,2025-12-01T00:57:33.000+05:30,2,1.22,1,N,239,143,1,9.3,1.0,0.5,3.76,0.0,1.0,18.81,2.5,0.0,0.75,2025-12-01,2025-12-01,0,0,12,2,Monday,7.7,7.62
2,2025-12-01T00:15:21.000+05:30,2025-12-01T00:30:10.000+05:30,2,8.73,1,N,138,49,1,33.8,6.0,0.5,8.26,0.0,1.0,51.31,0.0,1.75,0.0,2025-12-01,2025-12-01,0,0,12,2,Monday,14.82,3.87
1,2025-12-01T00:10:53.000+05:30,2025-12-01T00:34:30.000+05:30,1,8.7,1,N,138,50,1,35.9,11.0,0.5,0.0,6.94,1.0,55.34,2.5,1.75,0.75,2025-12-01,2025-12-01,0,0,12,2,Monday,23.62,4.13
2,2025-12-01T00:12:32.000+05:30,2025-12-01T00:17:26.000+05:30,1,0.95,1,N,148,144,1,7.2,1.0,0.5,3.24,0.0,1.0,16.19,2.5,0.0,0.75,2025-12-01,2025-12-01,0,0,12,2,Monday,4.9,7.58
2,2025-12-01T00:08:53.000+05:30,2025-12-01T00:27:09.000+05:30,1,10.57,1,N,138,162,1,40.1,6.0,0.5,8.0,6.94,1.0,67.54,2.5,1.75,0.75,2025-12-01,2025-12-01,0,0,12,2,Monday,18.27,3.79
2,2025-12-01T00:25:09.000+05:30,2025-12-01T00:37:49.000+05:30,1,3.38,1,N,237,226,1,17.7,1.0,0.5,3.0,0.0,1.0,26.45,2.5,0.0,0.75,2025-12-01,2025-12-01,0,0,12,2,Monday,12.67,5.24
2,2025-12-01T00:04:06.000+05:30,2025-12-01T00:24:44.000+05:30,2,9.34,1,N,138,230,1,38.7,6.0,0.5,11.28,6.94,1.0,69.42,2.5,1.75,0.75,2025-12-01,2025-12-01,0,0,12,2,Monday,20.63,4.14
2,2025-12-01T00:54:38.000+05:30,2025-12-01T01:25:55.000+05:30,1,18.44,2,N,132,152,1,70.0,0.0,0.5,15.69,6.94,1.0,95.88,0.0,1.75,0.0,2025-12-01,2025-12-01,0,1,12,2,Monday,31.28,3.8
2,2025-12-01T00:20:04.000+05:30,2025-12-01T00:44:11.000+05:30,1,16.54,2,N,132,170,1,70.0,0.0,0.5,0.0,6.94,1.0,83.44,2.5,1.75,0.75,2025-12-01,2025-12-01,0,0,12,2,Monday,24.12,4.23
2,2025-12-01T00:36:31.000+05:30,2025-12-01T00:43:39.000+05:30,1,2.96,5,N,6,214,2,0.01,0.0,0.0,0.0,13.88,1.0,14.89,0.0,0.0,0.0,2025-12-01,2025-12-01,0,0,12,2,Monday,7.13,0.0
2,2025-12-01T00:03:41.000+05:30,2025-12-01T00:26:57.000+05:30,2,8.27,1,N,138,24,1,36.6,6.0,0.5,10.21,6.94,1.0,63.0,0.0,1.75,0.0,2025-12-01,2025-12-01,0,0,12,2,Monday,23.27,4.43
2,2025-12-01T00:40:41.000+05:30,2025-12-01T00:47:44.000+05:30,1,1.44,1,N,186,249,1,9.3,1.0,0.5,4.51,0.0,1.0,19.56,2.5,0.0,0.75,2025-12-01,2025-12-01,0,0,12,2,Monday,7.05,6.46
2,2025-12-01T00:11:08.000+05:30,2025-12-01T00:31:45.000+05:30,1,8.9,1,N,138,166,1,37.3,6.0,0.5,5.0,6.94,1.0,58.49,0.0,1.75,0.0,2025-12-01,2025-12-01,0,0,12,2,Monday,20.62,4.19
2,2025-12-01T00:01:53.000+05:30,2025-12-01T00:09:31.000+05:30,1,2.54,1,N,239,152,2,12.1,1.0,0.5,0.0,0.0,1.0,17.1,2.5,0.0,0.0,2025-12-01,2025-12-01,0,0,12,2,Monday,7.63,4.76
1,2025-12-01T00:25:01.000+05:30,2025-12-01T00:35:09.000+05:30,1,2.1,1,N,90,148,1,11.4,4.25,0.5,3.45,0.0,1.0,20.6,2.5,0.0,0.75,2025-12-01,2025-12-01,0,0,12,2,Monday,10.13,5.43
2,2025-12-01T00:53:28.000+05:30,2025-12-01T01:10:32.000+05:30,1,4.18,1,N,90,112,2,21.2,1.0,0.5,0.0,6.94,1.0,33.89,2.5,0.0,0.75,2025-12-01,2025-12-01,0,1,12,2,Monday,17.07,5.07
2,2025-12-01T00:05:44.000+05:30,2025-12-01T00:14:31.000+05:30,1,3.56,1,N,138,7,1,17.0,6.0,0.5,6.12,0.0,1.0,32.37,0.0,1.75,0.0,2025-12-01,2025-12-01,0,0,12,2,Monday,8.78,4.78
2,2025-12-01T00:01:45.000+05:30,2025-12-01T00:23:28.000+05:30,1,4.46,1,N,68,145,1,24.7,1.0,0.5,6.09,0.0,1.0,36.54,2.5,0.0,0.75,2025-12-01,2025-12-01,0,0,12,2,Monday,21.72,5.54
2,2025-12-01T00:02:05.000+05:30,2025-12-01T00:10:01.000+05:30,1,2.37,1,N,249,48,1,12.1,1.0,0.5,3.57,0.0,1.0,21.42,2.5,0.0,0.75,2025-12-01,2025-12-01,0,0,12,2,Monday,7.93,5.11
2,2025-12-01T00:01:36.000+05:30,2025-12-01T00:07:18.000+05:30,1,0.74,1,N,230,68,2,7.2,1.0,0.5,0.0,0.0,1.0,12.95,2.5,0.0,0.75,2025-12-01,2025-12-01,0,0,12,2,Monday,5.7,9.73
2,2025-12-01T00:58:54.000+05:30,2025-12-01T01:03:03.000+05:30,1,1.06,1,N,229,170,1,7.2,1.0,0.5,1.5,0.0,1.0,14.45,2.5,0.0,0.75,2025-12-01,2025-12-01,0,1,12,2,Monday,4.15,6.79
2,2025-12-01T00:12:47.000+05:30,2025-12-01T00:15:32.000+05:30,1,0.67,1,N,186,90,1,5.1,1.0,0.5,1.0,0.0,1.0,11.85,2.5,0.0,0.75,2025-12-01,2025-12-01,0,0,12,2,Monday,2.75,7.61
2,2025-12-01T00:41:15.000+05:30,2025-12-01T00:51:03.000+05:30,1,1.15,1,N,186,107,1,10.7,1.0,0.5,1.0,0.0,1.0,17.45,2.5,0.0,0.75,2025-12-01,2025-12-01,0,0,12,2,Monday,9.8,9.3
2,2025-12-01T00:55:42.000+05:30,2025-12-01T01:06:53.000+05:30,1,2.4,1,N,234,45,1,12.24,1.0,0.5,0.0,0.0,1.0,17.99,2.5,0.0,0.75,2025-12-01,2025-12-01,0,1,12,2,Monday,11.18,5.1
2,2025-12-01T00:16:34.000+05:30,2025-12-01T00:27:24.000+05:30,2,2.34,1,N,142,167,1,14.2,1.0,0.5,3.84,0.0,1.0,23.04,2.5,0.0,0.0,2025-12-01,2025-12-01,0,0,12,2,Monday,10.83,6.07
2,2025-12-01T00:11:36.000+05:30,2025-12-01T00:38:02.000+05:30,1,6.99,1,N,186,80,1,33.8,1.0,0.5,7.91,0.0,1.0,47.46,2.5,0.0,0.75,2025-12-01,2025-12-01,0,0,12,2,Monday,26.43,4.84
2,2025-12-01T00:05:03.000+05:30,2025-12-01T00:09:31.000+05:30,1,1.03,1,N,79,137,1,7.2,1.0,0.5,0.0,0.0,1.0,12.95,2.5,0.0,0.75,2025-12-01,2025-12-01,0,0,12,2,Monday,4.47,6.99
2,2025-12-01T00:11:32.000+05:30,2025-12-01T00:41:12.000+05:30,1,9.77,1,N,137,177,2,42.9,1.0,0.5,0.0,0.0,1.0,48.65,2.5,0.0,0.75,2025-12-01,2025-12-01,0,0,12,2,Monday,29.67,4.39
2,2025-12-01T00:28:54.000+05:30,2025-12-01T00:57:33.000+05:30,2,17.55,2,N,132,90,1,70.0,0.0,0.5,20.42,6.94,1.0,103.86,2.5,1.75,0.75,2025-12-01,2025-12-01,0,0,12,2,Monday,28.65,3.99
1,2025-12-01T00:07:58.000+05:30,2025-12-01T00:23:05.000+05:30,1,3.1,1,N,143,137,1,17.0,4.25,0.5,4.5,0.0,1.0,27.25,2.5,0.0,0.75,2025-12-01,2025-12-01,0,0,12,2,Monday,15.12,5.48
2,2025-12-01T00:04:04.000+05:30,2025-12-01T00:26:03.000+05:30,2,5.53,1,N,68,52,1,26.1,1.0,0.5,6.37,0.0,1.0,38.22,2.5,0.0,0.75,2025-12-01,2025-12-01,0,0,12,2,Monday,21.98,4.72
2,2025-12-01T00:05:56.000+05:30,2025-12-01T00:28:30.000+05:30,1,6.21,1,N,186,42,1,28.2,1.0,0.5,6.79,0.0,1.0,40.74,2.5,0.0,0.75,2025-12-01,2025-12-01,0,0,12,2,Monday,22.57,4.54
2,2025-12-01T00:09:35.000+05:30,2025-12-01T00:25:25.000+05:30,2,8.72,1,N,138,262,1,35.2,6.0,0.5,5.5,6.94,1.0,59.39,2.5,1.75,0.0,2025-12-01,2025-12-01,0,0,12,2,Monday,15.83,4.04
2,2025-12-01T00:28:12.000+05:30,2025-12-01T00:44:01.000+05:30,1,5.12,1,N,262,249,1,23.3,1.0,0.5,2.5,0.0,1.0,31.55,2.5,0.0,0.75,2025-12-01,2025-12-01,0,0,12,2,Monday,15.82,4.55
2,2025-12-01T00:07:43.000+05:30,2025-12-01T00:12:29.000+05:30,1,1.0,1,N,166,151,1,7.2,1.0,0.5,1.94,0.0,1.0,11.64,0.0,0.0,0.0,2025-12-01,2025-12-01,0,0,12,2,Monday,4.77,7.2
2,2025-12-01T00:12:59.000+05:30,2025-12-01T00:32:36.000+05:30,1,10.15,1,N,138,114,1,40.8,6.0,0.5,9.0,0.0,1.0,62.3,2.5,1.75,0.75,2025-12-01,2025-12-01,0,0,12,2,Monday,19.62,4.02
2,2025-12-01T00:02:35.000+05:30,2025-12-01T00:17:05.000+05:30,1,3.17,1,N,48,236,1,17.0,1.0,0.5,4.55,0.0,1.0,27.3,2.5,0.0,0.75,2025-12-01,2025-12-01,0,0,12,2,Monday,14.5,5.36
2,2025-12-01T00:29:33.000+05:30,2025-12-01T00:37:22.000+05:30,1,1.76,1,N,142,162,2,10.7,1.0,0.5,0.0,0.0,1.0,16.45,2.5,0.0,0.75,2025-12-01,2025-12-01,0,0,12,2,Monday,7.82,6.08
1,2025-12-01T00:19:34.000+05:30,2025-12-01T00:34:17.000+05:30,2,9.1,1,N,48,127,1,35.2,4.25,0.5,8.15,0.0,1.0,49.1,2.5,0.0,0.75,2025-12-01,2025-12-01,0,0,12,2,Monday,14.72,3.87
1,2025-12-01T00:51:32.000+05:30,2025-12-01T00:52:41.000+05:30,2,0.1,1,N,244,244,3,3.7,1.0,0.5,0.0,0.0,1.0,6.2,0.0,0.0,0.0,2025-12-01,2025-12-01,0,0,12,2,Monday,1.15,37.0
2,2025-12-01T00:15:30.000+05:30,2025-12-01T00:24:37.000+05:30,2,2.68,1,N,114,230,2,13.5,1.0,0.5,0.0,0.0,1.0,19.25,2.5,0.0,0.75,2025-12-01,2025-12-01,0,0,12,2,Monday,9.12,5.04
1,2025-12-01T00:47:58.000+05:30,2025-12-01T00:54:10.000+05:30,1,1.5,1,N,50,186,1,8.6,4.25,0.5,3.6,0.0,1.0,17.95,2.5,0.0,0.75,2025-12-01,2025-12-01,0,0,12,2,Monday,6.2,5.73
2,2025-12-01T00:56:23.000+05:30,2025-12-01T01:20:17.000+05:30,2,16.51,2,N,132,233,1,70.0,0.0,0.5,7.0,6.94,1.0,90.44,2.5,1.75,0.75,2025-12-01,2025-12-01,0,1,12,2,Monday,23.9,4.24
2,2025-12-01T00:35:35.000+05:30,2025-12-01T01:01:59.000+05:30,1,17.7,2,N,132,144,1,70.0,0.0,0.5,4.0,0.0,1.0,80.5,2.5,1.75,0.75,2025-12-01,2025-12-01,0,1,12,2,Monday,26.4,3.95
2,2025-12-01T00:20:18.000+05:30,2025-12-01T00:23:27.000+05:30,1,0.35,1,N,230,100,1,5.1,1.0,0.5,2.17,0.0,1.0,13.02,2.5,0.0,0.75,2025-12-01,2025-12-01,0,0,12,2,Monday,3.15,14.57
2,2025-12-01T00:26:26.000+05:30,2025-12-01T00:30:38.000+05:30,2,0.8,1,N,48,68,1,6.5,1.0,0.5,0.0,0.0,1.0,12.25,2.5,0.0,0.75,2025-12-01,2025-12-01,0,0,12,2,Monday,4.2,8.13
2,2025-12-01T00:19:21.000+05:30,2025-12-01T00:29:26.000+05:30,1,2.73,1,N,239,186,1,14.2,1.0,0.5,5.99,0.0,1.0,25.94,2.5,0.0,0.75,2025-12-01,2025-12-01,0,0,12,2,Monday,10.08,5.2
2,2025-12-01T00:20:49.000+05:30,2025-12-01T00:27:19.000+05:30,1,1.48,1,N,114,249,1,9.3,1.0,0.5,3.01,0.0,1.0,18.06,2.5,0.0,0.75,2025-12-01,2025-12-01,0,0,12,2,Monday,6.5,6.28
2,2025-12-01T00:01:47.000+05:30,2025-12-01T00:30:10.000+05:30,3,15.2,1,N,138,76,1,59.0,6.0,0.5,0.0,0.0,1.0,68.25,0.0,1.75,0.0,2025-12-01,2025-12-01,0,0,12,2,Monday,28.38,3.88
2,2025-12-01T00:15:43.000+05:30,2025-12-01T00:41:12.000+05:30,1,9.57,1,N,138,48,1,40.1,6.0,0.5,10.17,0.0,1.0,62.77,2.5,1.75,0.75,2025-12-01,2025-12-01,0,0,12,2,Monday,25.48,4.19
1,2025-12-01T00:07:13.000+05:30,2025-12-01T00:28:41.000+05:30,2,11.2,1,N,138,249,1,45.0,10.0,0.5,12.0,0.0,1.0,68.5,2.5,1.75,0.75,2025-12-01,2025-12-01,0,0,12,2,Monday,21.47,4.02
2,2025-12-01T00:57:20.000+05:30,2025-12-01T01:19:27.000+05:30,1,12.01,1,N,138,261,1,47.1,6.0,0.5,11.57,0.0,1.0,71.17,2.5,1.75,0.75,2025-12-01,2025-12-01,0,1,12,2,Monday,22.12,3.92
2,2025-12-01T00:05:06.000+05:30,2025-12-01T00:09:00.000+05:30,1,0.97,1,N,237,236,1,6.5,1.0,0.5,2.3,0.0,1.0,13.8,2.5,0.0,0.0,2025-12-01,2025-12-01,0,0,12,2,Monday,3.9,6.7
2,2025-12-01T00:52:01.000+05:30,2025-12-01T00:56:36.000+05:30,1,1.18,1,N,107,162,1,7.2,1.0,0.5,2.0,0.0,1.0,14.95,2.5,0.0,0.75,2025-12-01,2025-12-01,0,0,12,2,Monday,4.58,6.1
2,2025-12-01T00:12:55.000+05:30,2025-12-01T00:16:12.000+05:30,1,0.56,1,N,137,170,1,5.8,1.0,0.5,2.31,0.0,1.0,13.86,2.5,0.0,0.75,2025-12-01,2025-12-01,0,0,12,2,Monday,3.28,10.36
2,2025-12-01T00:04:12.000+05:30,2025-12-01T00:31:09.000+05:30,1,16.61,1,N,138,13,1,62.5,6.0,0.5,16.04,6.94,1.0,97.98,2.5,1.75,0.75,2025-12-01,2025-12-01,0,0,12,2,Monday,26.95,3.76
2,2025-12-01T00:15:30.000+05:30,2025-12-01T00:22:55.000+05:30,1,1.44,1,N,163,143,1,9.3,1.0,0.5,3.01,0.0,1.0,18.06,2.5,0.0,0.75,2025-12-01,2025-12-01,0,0,12,2,Monday,7.42,6.46
2,2025-12-01T00:41:57.000+05:30,2025-12-01T00:46:44.000+05:30,1,1.0,1,N,68,50,1,7.2,1.0,0.5,2.59,0.0,1.0,15.54,2.5,0.0,0.75,2025-12-01,2025-12-01,0,0,12,2,Monday,4.78,7.2
1,2025-12-01T00:39:51.000+05:30,2025-12-01T00:54:53.000+05:30,1,2.9,1,N,239,42,2,15.6,3.5,0.5,0.0,0.0,1.0,20.6,2.5,0.0,0.0,2025-12-01,2025-12-01,0,0,12,2,Monday,15.03,5.38
2,2025-12-01T00:35:16.000+05:30,2025-12-01T00:40:33.000+05:30,1,0.9,1,N,234,68,1,7.9,1.0,0.5,2.73,0.0,1.0,16.38,2.5,0.0,0.75,2025-12-01,2025-12-01,0,0,12,2,Monday,5.28,8.78
2,2025-12-01T00:48:40.000+05:30,2025-12-01T00:54:57.000+05:30,1,1.25,1,N,48,142,1,8.6,1.0,0.5,2.87,0.0,1.0,17.22,2.5,0.0,0.75,2025-12-01,2025-12-01,0,0,12,2,Monday,6.28,6.88
2,2025-12-01T00:00:01.000+05:30,2025-12-01T00:11:09.000+05:30,1,2.36,1,N,138,129,1,13.5,6.0,0.5,3.0,0.0,1.0,25.75,0.0,1.75,0.0,2025-12-01,2025-12-01,0,0,12,2,Monday,11.13,5.72
2,2025-12-01T00:27:15.000+05:30,2025-12-01T00:35:54.000+05:30,1,1.58,1,N,152,244,2,11.4,1.0,0.5,0.0,0.0,1.0,13.9,0.0,0.0,0.0,2025-12-01,2025-12-01,0,0,12,2,Monday,8.65,7.22
2,2025-12-01T00:25:27.000+05:30,2025-12-01T00:41:34.000+05:30,3,9.96,1,N,138,229,1,38.7,6.0,0.5,11.28,6.94,1.0,69.42,2.5,1.75,0.75,2025-12-01,2025-12-01,0,0,12,2,Monday,16.12,3.89
2,2025-12-01T00:01:56.000+05:30,2025-12-01T00:11:26.000+05:30,1,1.91,1,N,186,249,1,11.4,1.0,0.5,1.0,0.0,1.0,18.15,2.5,0.0,0.75,2025-12-01,2025-12-01,0,0,12,2,Monday,9.5,5.97
2,2025-12-01T00:36:08.000+05:30,2025-12-01T00:40:44.000+05:30,1,1.17,1,N,48,68,1,7.2,1.0,0.5,2.59,0.0,1.0,15.54,2.5,0.0,0.75,2025-12-01,2025-12-01,0,0,12,2,Monday,4.6,6.15
2,2025-12-01T00:44:05.000+05:30,2025-12-01T00:54:56.000+05:30,1,2.53,1,N,186,125,1,13.5,1.0,0.5,3.85,0.0,1.0,23.1,2.5,0.0,0.75,2025-12-01,2025-12-01,0,0,12,2,Monday,10.85,5.34
2,2025-12-01T00:40:21.000+05:30,2025-12-01T01:02:52.000+05:30,1,13.03,1,N,138,261,1,49.9,6.0,0.5,12.13,0.0,1.0,74.53,2.5,1.75,0.75,2025-12-01,2025-12-01,0,1,12,2,Monday,22.52,3.83
2,2025-12-01T00:09:30.000+05:30,2025-12-01T00:19:56.000+05:30,1,2.29,1,N,234,237,1,13.5,1.0,0.5,2.89,0.0,1.0,22.14,2.5,0.0,0.75,2025-12-01,2025-12-01,0,0,12,2,Monday,10.43,5.9
2,2025-12-01T00:11:24.000+05:30,2025-12-01T00:16:48.000+05:30,5,1.22,1,N,48,234,1,7.2,1.0,0.5,3.24,0.0,1.0,16.19,2.5,0.0,0.75,2025-12-01,2025-12-01,0,0,12,2,Monday,5.4,5.9
2,2025-12-01T00:22:48.000+05:30,2025-12-01T00:30:11.000+05:30,5,1.27,1,N,164,233,1,9.3,1.0,0.5,3.01,0.0,1.0,18.06,2.5,0.0,0.75,2025-12-01,2025-12-01,0,0,12,2,Monday,7.38,7.32
2,2025-12-01T00:34:55.000+05:30,2025-12-01T00:46:23.000+05:30,5,3.31,1,N,164,263,1,16.3,1.0,0.5,4.41,0.0,1.0,26.46,2.5,0.0,0.75,2025-12-01,2025-12-01,0,0,12,2,Monday,11.47,4.92
2,2025-12-01T00:55:56.000+05:30,2025-12-01T00:58:43.000+05:30,1,0.47,1,N,249,249,1,5.1,1.0,0.5,2.17,0.0,1.0,13.02,2.5,0.0,0.75,2025-12-01,2025-12-01,0,0,12,2,Monday,2.78,10.85
2,2025-12-01T00:33:36.000+05:30,2025-12-01T00:50:53.000+05:30,2,4.64,1,N,249,239,1,21.9,1.0,0.5,5.53,0.0,1.0,33.18,2.5,0.0,0.75,2025-12-01,2025-12-01,0,0,12,2,Monday,17.28,4.72
2,2025-12-01T00:05:35.000+05:30,2025-12-01T00:15:09.000+05:30,1,2.43,1,N,239,186,2,12.8,1.0,0.5,0.0,0.0,1.0,18.55,2.5,0.0,0.75,2025-12-01,2025-12-01,0,0,12,2,Monday,9.57,5.27
2,2025-12-01T00:35:05.000+05:30,2025-12-01T00:38:46.000+05:30,1,0.81,1,N,186,230,1,5.8,1.0,0.5,1.0,0.0,1.0,12.55,2.5,0.0,0.75,2025-12-01,2025-12-01,0,0,12,2,Monday,3.68,7.16
2,2025-12-01T00:42:55.000+05:30,2025-12-01T01:02:59.000+05:30,2,5.21,1,N,230,65,1,25.4,1.0,0.5,0.0,0.0,1.0,31.15,2.5,0.0,0.75,2025-12-01,2025-12-01,0,1,12,2,Monday,20.07,4.88
2,2025-12-01T00:09:31.000+05:30,2025-12-01T00:31:43.000+05:30,3,6.29,1,N,114,151,1,29.6,1.0,0.5,3.0,0.0,1.0,38.35,2.5,0.0,0.75,2025-12-01,2025-12-01,0,0,12,2,Monday,22.2,4.71
7,2025-12-01T00:57:33.000+05:30,2025-12-01T00:57:33.000+05:30,1,8.74,1,N,138,107,1,34.5,0.0,0.5,10.79,6.94,1.0,64.73,2.5,6.75,0.75,2025-12-01,2025-12-01,0,0,12,2,Monday,0.0,3.95
1,2025-12-01T00:58:43.000+05:30,2025-12-01T01:26:31.000+05:30,1,11.3,1,N,70,62,1,47.1,7.75,0.5,5.0,0.0,1.0,61.35,0.0,1.75,0.0,2025-12-01,2025-12-01,0,1,12,2,Monday,27.8,4.17
2,2025-12-01T00:03:47.000+05:30,2025-12-01T00:03:52.000+05:30,1,0.0,1,N,48,50,1,3.0,1.0,0.5,5.0,0.0,1.0,13.75,2.5,0.0,0.75,2025-12-01,2025-12-01,0,0,12,2,Monday,0.08,
2,2025-12-01T00:03:28.000+05:30,2025-12-01T00:25:05.000+05:30,1,12.24,1,N,138,220,1,47.1,6.0,0.5,30.0,10.12,1.0,96.47,0.0,1.75,0.0,2025-12-01,2025-12-01,0,0,12,2,Monday,21.62,3.85
2,2025-12-01T00:38:43.000+05:30,2025-12-01T00:57:20.000+05:30,1,9.2,1,N,138,244,1,37.3,6.0,0.5,0.0,6.94,1.0,53.49,0.0,1.75,0.0,2025-12-01,2025-12-01,0,0,12,2,Monday,18.62,4.05
1,2025-12-01T00:59:07.000+05:30,2025-12-01T01:28:32.000+05:30,1,18.6,2,N,132,113,1,70.0,5.0,0.5,16.7,6.94,1.0,100.14,2.5,1.75,0.75,2025-12-01,2025-12-01,0,1,12,2,Monday,29.42,3.76
2,2025-12-01T00:11:35.000+05:30,2025-12-01T00:16:07.000+05:30,1,0.83,1,N,100,164,1,6.5,1.0,0.5,1.84,0.0,1.0,14.09,2.5,0.0,0.75,2025-12-01,2025-12-01,0,0,12,2,Monday,4.53,7.83
2,2025-12-01T00:21:37.000+05:30,2025-12-01T00:30:56.000+05:30,1,1.97,1,N,230,141,1,12.1,1.0,0.5,3.57,0.0,1.0,21.42,2.5,0.0,0.75,2025-12-01,2025-12-01,0,0,12,2,Monday,9.32,6.14
2,2025-12-01T00:35:15.000+05:30,2025-12-01T00:38:55.000+05:30,4,0.74,1,N,230,162,1,5.8,1.0,0.5,0.0,0.0,1.0,11.55,2.5,0.0,0.75,2025-12-01,2025-12-01,0,0,12,2,Monday,3.67,7.84
2,2025-12-01T00:41:12.000+05:30,2025-12-01T00:50:47.000+05:30,3,2.04,1,N,142,161,2,12.1,1.0,0.5,0.0,0.0,1.0,17.85,2.5,0.0,0.75,2025-12-01,2025-12-01,0,0,12,2,Monday,9.58,5.93
2,2025-12-01T00:16:38.000+05:30,2025-12-01T00:46:58.000+05:30,1,17.81,2,N,132,230,1,70.0,0.0,0.5,16.4,6.94,1.0,99.84,2.5,1.75,0.75,2025-12-01,2025-12-01,0,0,12,2,Monday,30.33,3.93
2,2025-12-01T00:49:26.000+05:30,2025-12-01T01:04:57.000+05:30,1,4.66,1,N,161,75,2,20.5,1.0,0.5,0.0,0.0,1.0,26.25,2.5,0.0,0.75,2025-12-01,2025-12-01,0,1,12,2,Monday,15.52,4.4
1,2025-12-01T00:16:11.000+05:30,2025-12-01T00:23:40.000+05:30,1,1.1,1,N,246,234,1,7.9,4.25,0.5,2.75,0.0,1.0,16.4,2.5,0.0,0.75,2025-12-01,2025-12-01,0,0,12,2,Monday,7.48,7.18
1,2025-12-01T00:25:05.000+05:30,2025-12-01T00:29:52.000+05:30,2,0.8,1,N,234,107,1,6.5,4.25,0.5,3.05,0.0,1.0,15.3,2.5,0.0,0.75,2025-12-01,2025-12-01,0,0,12,2,Monday,4.78,8.13
1,2025-12-01T00:10:07.000+05:30,2025-12-01T00:23:53.000+05:30,1,3.5,1,N,186,236,1,16.3,4.25,0.5,5.5,0.0,1.0,27.55,2.5,0.0,0.75,2025-12-01,2025-12-01,0,0,12,2,Monday,13.77,4.66
1,2025-12-01T00:42:43.000+05:30,2025-12-01T01:05:14.000+05:30,1,7.1,1,N,186,52,1,28.9,4.25,0.5,8.3,6.94,1.0,49.89,2.5,0.0,0.75,2025-12-01,2025-12-01,0,1,12,2,Monday,22.52,4.07
2,2025-12-01T00:13:43.000+05:30,2025-12-01T00:30:15.000+05:30,1,7.38,1,N,138,41,1,30.3,6.0,0.5,8.95,6.94,1.0,55.44,0.0,1.75,0.0,2025-12-01,2025-12-01,0,0,12,2,Monday,16.53,4.11
2,2025-12-01T00:00:05.000+05:30,2025-12-01T00:09:19.000+05:30,1,2.68,1,N,148,80,1,14.2,1.0,0.5,0.0,0.0,1.0,19.95,2.5,0.0,0.75,2025-12-01,2025-12-01,0,0,12,2,Monday,9.23,5.3
2,2025-12-01T00:00:15.000+05:30,2025-12-01T00:31:24.000+05:30,2,6.01,1,N,68,41,1,35.2,1.0,0.5,8.19,0.0,1.0,49.14,2.5,0.0,0.75,2025-12-01,2025-12-01,0,0,12,2,Monday,31.15,5.86
2,2025-12-01T00:09:29.000+05:30,2025-12-01T00:29:07.000+05:30,1,9.83,1,N,138,79,1,39.4,6.0,0.5,10.03,0.0,1.0,61.93,2.5,1.75,0.75,2025-12-01,2025-12-01,0,0,12,2,Monday,19.63,4.01
2,2025-12-01T00:17:05.000+05:30,2025-12-01T00:43:03.000+05:30,1,18.34,2,N,132,232,1,70.0,0.0,0.5,14.95,0.0,1.0,91.45,2.5,1.75,0.75,2025-12-01,2025-12-01,0,0,12,2,Monday,25.97,3.82
2,2025-12-01T00:10:37.000+05:30,2025-12-01T00:22:57.000+05:30,2,2.87,1,N,100,231,1,14.9,1.0,0.5,3.0,0.0,1.0,23.65,2.5,0.0,0.75,2025-12-01,2025-12-01,0,0,12,2,Monday,12.33,5.19
2,2025-12-01T00:39:19.000+05:30,2025-12-01T00:50:16.000+05:30,1,1.39,1,N,186,107,1,11.4,1.0,0.5,3.43,0.0,1.0,20.58,2.5,0.0,0.75,2025-12-01,2025-12-01,0,0,12,2,Monday,10.95,8.2
2,2025-12-01T00:13:23.000+05:30,2025-12-01T00:29:20.000+05:30,1,4.63,1,N,43,79,2,21.2,1.0,0.5,0.0,0.0,1.0,26.95,2.5,0.0,0.75,2025-12-01,2025-12-01,0,0,12,2,Monday,15.95,4.58
2,2025-12-01T00:19:31.000+05:30,2025-12-01T00:25:18.000+05:30,1,1.09,1,N,107,79,4,7.9,1.0,0.5,0.0,0.0,1.0,13.65,2.5,0.0,0.75,2025-12-01,2025-12-01,0,0,12,2,Monday,5.78,7.25
2,2025-12-01T00:11:33.000+05:30,2025-12-01T00:30:39.000+05:30,1,10.37,1,N,138,79,2,41.5,6.0,0.5,0.0,0.0,1.0,54.0,2.5,1.75,0.75,2025-12-01,2025-12-01,0,0,12,2,Monday,19.1,4.0
1,2025-12-01T00:15:44.000+05:30,2025-12-01T00:24:15.000+05:30,1,1.7,1,N,90,230,1,10.7,4.25,0.5,3.3,0.0,1.0,19.75,2.5,0.0,0.75,2025-12-01,2025-12-01,0,0,12,2,Monday,8.52,6.29
1,2025-12-01T00:38:12.000+05:30,2025-12-01T00:42:45.000+05:30,1,1.3,1,N,211,234,2,7.2,4.25,0.5,0.0,0.0,1.0,12.95,2.5,0.0,0.75,2025-12-01,2025-12-01,0,0,12,2,Monday,4.55,5.54
1,2025-12-01T00:52:38.000+05:30,2025-12-01T00:57:33.000+05:30,1,1.0,1,N,90,249,1,7.2,4.25,0.5,3.25,0.0,1.0,16.2,2.5,0.0,0.75,2025-12-01,2025-12-01,0,0,12,2,Monday,4.92,7.2
2,2025-12-01T00:03:56.000+05:30,2025-12-01T00:28:18.000+05:30,1,15.38,1,N,132,80,1,56.9,1.0,0.5,14.85,0.0,1.0,76.0,0.0,1.75,0.0,2025-12-01,2025-12-01,0,0,12,2,Monday,24.37,3.7
2,2025-12-01T00:05:40.000+05:30,2025-12-01T00:23:15.000+05:30,1,3.33,1,N,186,140,1,19.8,1.0,0.5,5.11,0.0,1.0,30.66,2.5,0.0,0.75,2025-12-01,2025-12-01,0,0,12,2,Monday,17.58,5.95
2,2025-12-01T00:34:17.000+05:30,2025-12-01T00:39:42.000+05:30,1,1.8,1,N,233,79,1,9.3,1.0,0.5,1.0,0.0,1.0,16.05,2.5,0.0,0.75,2025-12-01,2025-12-01,0,0,12,2,Monday,5.42,5.17
2,2025-12-01T00:08:50.000+05:30,2025-12-01T00:23:56.000+05:30,1,11.8,1,N,132,132,2,44.3,1.0,0.5,0.0,0.0,1.0,48.55,0.0,1.75,0.0,2025-12-01,2025-12-01,0,0,12,2,Monday,15.1,3.75
2,2025-12-01T00:18:38.000+05:30,2025-12-01T01:03:57.000+05:30,1,12.54,1,N,170,76,2,56.2,1.0,0.5,0.0,0.0,1.0,61.95,2.5,0.0,0.75,2025-12-01,2025-12-01,0,1,12,2,Monday,45.32,4.48
2,2025-12-01T00:01:35.000+05:30,2025-12-01T00:09:12.000+05:30,1,1.9,1,N,239,236,1,11.4,1.0,0.5,2.0,0.0,1.0,18.4,2.5,0.0,0.0,2025-12-01,2025-12-01,0,0,12,2,Monday,7.62,6.0
2,2025-12-01T00:12:53.000+05:30,2025-12-01T00:14:46.000+05:30,1,0.51,1,N,68,68,1,4.4,1.0,0.5,2.03,0.0,1.0,12.18,2.5,0.0,0.75,2025-12-01,2025-12-01,0,0,12,2,Monday,1.88,8.63
2,2025-12-01T00:38:57.000+05:30,2025-12-01T00:47:09.000+05:30,1,2.05,1,N,246,163,1,11.4,1.0,0.5,5.0,0.0,1.0,22.15,2.5,0.0,0.75,2025-12-01,2025-12-01,0,0,12,2,Monday,8.2,5.56
1,2025-12-01T00:02:32.000+05:30,2025-12-01T00:28:38.000+05:30,1,4.5,1,N,125,37,4,24.7,4.25,0.5,0.0,0.0,1.0,30.45,2.5,0.0,0.75,2025-12-01,2025-12-01,0,0,12,2,Monday,26.1,5.49
2,2025-12-01T00:05:50.000+05:30,2025-12-01T00:15:31.000+05:30,1,2.4,1,N,143,75,1,12.8,1.0,0.5,2.2,0.0,1.0,20.0,2.5,0.0,0.0,2025-12-01,2025-12-01,0,0,12,2,Monday,9.68,5.33
2,2025-12-01T00:28:59.000+05:30,2025-12-01T00:34:52.000+05:30,1,1.52,1,N,143,48,1,9.3,1.0,0.5,1.5,0.0,1.0,16.55,2.5,0.0,0.75,2025-12-01,2025-12-01,0,0,12,2,Monday,5.88,6.12
2,2025-12-01T00:44:24.000+05:30,2025-12-01T00:48:58.000+05:30,1,1.11,1,N,143,230,1,7.9,1.0,0.5,2.73,0.0,1.0,16.38,2.5,0.0,0.75,2025-12-01,2025-12-01,0,0,12,2,Monday,4.57,7.12
2,2025-12-01T00:13:17.000+05:30,2025-12-01T00:17:33.000+05:30,2,0.79,1,N,114,148,1,7.2,1.0,0.5,2.59,0.0,1.0,15.54,2.5,0.0,0.75,2025-12-01,2025-12-01,0,0,12,2,Monday,4.27,9.11
1,2025-12-01T00:03:04.000+05:30,2025-12-01T00:20:35.000+05:30,1,3.8,1,N,186,263,1,18.4,4.25,0.5,4.85,0.0,1.0,29.0,2.5,0.0,0.75,2025-12-01,2025-12-01,0,0,12,2,Monday,17.52,4.84
1,2025-12-01T00:36:13.000+05:30,2025-12-01T00:59:36.000+05:30,1,6.7,1,N,164,159,1,28.2,4.25,0.5,6.8,0.0,1.0,40.75,2.5,0.0,0.75,2025-12-01,2025-12-01,0,0,12,2,Monday,23.38,4.21
2,2025-12-01T00:11:26.000+05:30,2025-12-01T00:29:58.000+05:30,1,9.11,1,N,138,161,1,36.6,6.0,0.5,10.86,6.94,1.0,66.9,2.5,1.75,0.75,2025-12-01,2025-12-01,0,0,12,2,Monday,18.53,4.02
2,2025-12-01T00:02:55.000+05:30,2025-12-01T00:07:50.000+05:30,1,0.53,1,N,100,164,1,6.5,1.0,0.5,3.06,0.0,1.0,15.31,2.5,0.0,0.75,2025-12-01,2025-12-01,0,0,12,2,Monday,4.92,12.26
2,2025-12-01T00:09:18.000+05:30,2025-12-01T00:15:38.000+05:30,2,0.97,1,N,164,68,1,7.9,1.0,0.5,2.73,0.0,1.0,16.38,2.5,0.0,0.75,2025-12-01,2025-12-01,0,0,12,2,Monday,6.33,8.14
2,2025-12-01T00:48:34.000+05:30,2025-12-01T00:56:20.000+05:30,1,3.34,1,N,137,263,1,14.2,1.0,0.5,5.99,0.0,1.0,25.94,2.5,0.0,0.75,2025-12-01,2025-12-01,0,0,12,2,Monday,7.77,4.25
1,2025-12-01T00:08:01.000+05:30,2025-12-01T00:42:28.000+05:30,1,8.8,1,N,186,71,1,38.0,4.25,0.5,8.75,0.0,1.0,52.5,2.5,0.0,0.75,2025-12-01,2025-12-01,0,0,12,2,Monday,34.45,4.32
2,2025-12-01T00:49:58.000+05:30,2025-12-01T00:54:18.000+05:30,1,0.88,1,N,141,263,1,7.2,1.0,0.5,2.44,0.0,1.0,14.64,2.5,0.0,0.0,2025-12-01,2025-12-01,0,0,12,2,Monday,4.33,8.18
2,2025-12-01T00:05:44.000+05:30,2025-12-01T00:41:01.000+05:30,2,18.08,2,N,132,48,1,70.0,0.0,0.5,16.34,6.94,1.0,99.78,2.5,1.75,0.75,2025-12-01,2025-12-01,0,0,12,2,Monday,35.28,3.87
1,2025-12-01T00:12:37.000+05:30,2025-12-01T00:37:49.000+05:30,1,10.1,1,N,138,230,2,41.5,11.0,0.5,0.0,6.94,1.0,60.94,2.5,1.75,0.75,2025-12-01,2025-12-01,0,0,12,2,Monday,25.2,4.11
2,2025-12-01T00:29:13.000+05:30,2025-12-01T00:45:56.000+05:30,1,8.99,1,N,138,97,1,35.9,6.0,0.5,8.68,0.0,1.0,53.83,0.0,1.75,0.0,2025-12-01,2025-12-01,0,0,12,2,Monday,16.72,3.99
1,2025-12-01T00:02:23.000+05:30,2025-12-01T00:17:12.000+05:30,1,3.8,1,N,143,113,1,17.7,4.25,0.5,5.85,0.0,1.0,29.3,2.5,0.0,0.75,2025-12-01,2025-12-01,0,0,12,2,Monday,14.82,4.66
2,2025-12-01T00:37:07.000+05:30,2025-12-01T00:47:43.000+05:30,1,3.38,1,N,143,158,1,16.3,1.0,0.5,4.41,0.0,1.0,26.46,2.5,0.0,0.75,2025-12-01,2025-12-01,0,0,12,2,Monday,10.6,4.82
1,2025-12-01T00:01:13.000+05:30,2025-12-01T00:14:17.000+05:30,1,3.5,1,N,24,237,1,17.0,3.5,0.5,3.0,0.0,1.0,25.0,2.5,0.0,0.0,2025-12-01,2025-12-01,0,0,12,2,Monday,13.07,4.86
1,2025-12-01T00:47:57.000+05:30,2025-12-01T00:54:45.000+05:30,1,1.5,1,N,107,211,1,9.3,4.25,0.5,3.75,0.0,1.0,18.8,2.5,0.0,0.75,2025-12-01,2025-12-01,0,0,12,2,Monday,6.8,6.2
2,2025-12-01T00:14:24.000+05:30,2025-12-01T00:16:51.000+05:30,1,0.56,1,N,48,48,1,5.1,1.0,0.5,2.17,0.0,1.0,13.02,2.5,0.0,0.75,2025-12-01,2025-12-01,0,0,12,2,Monday,2.45,9.11
1,2025-12-01T00:19:21.000+05:30,2025-12-01T00:36:39.000+05:30,2,10.0,1,N,138,169,1,40.1,7.75,0.5,10.0,6.94,1.0,66.29,0.0,1.75,0.0,2025-12-01,2025-12-01,0,0,12,2,Monday,17.3,4.01
2,2025-12-01T00:04:59.000+05:30,2025-12-01T00:15:54.000+05:30,1,2.17,1,N,230,158,1,12.8,1.0,0.5,3.71,0.0,1.0,22.26,2.5,0.0,0.75,2025-12-01,2025-12-01,0,0,12,2,Monday,10.92,5.9
1,2025-12-01T00:03:45.000+05:30,2025-12-01T00:19:59.000+05:30,1,3.6,1,N,68,141,1,17.7,4.25,0.5,4.65,0.0,1.0,28.1,2.5,0.0,0.75,2025-12-01,2025-12-01,0,0,12,2,Monday,16.23,4.92
2,2025-12-01T00:42:49.000+05:30,2025-12-01T00:52:52.000+05:30,1,2.14,1,N,186,141,1,12.8,1.0,0.5,3.71,0.0,1.0,22.26,2.5,0.0,0.75,2025-12-01,2025-12-01,0,0,12,2,Monday,10.05,5.98
1,2025-12-01T00:46:50.000+05:30,2025-12-01T00:48:43.000+05:30,1,0.0,1,N,113,113,3,3.7,4.25,0.5,0.0,0.0,1.0,9.45,2.5,0.0,0.75,2025-12-01,2025-12-01,0,0,12,2,Monday,1.88,
1,2025-12-01T00:49:39.000+05:30,2025-12-01T01:03:37.000+05:30,1,4.2,1,N,113,265,1,18.4,4.25,0.5,6.05,0.0,1.0,30.2,2.5,0.0,0.75,2025-12-01,2025-12-01,0,1,12,2,Monday,13.97,4.38
7,2025-12-01T00:10:13.000+05:30,2025-12-01T00:10:13.000+05:30,1,1.46,1,N,186,113,1,8.6,0.0,0.5,2.87,0.0,1.0,17.22,2.5,0.0,0.75,2025-12-01,2025-12-01,0,0,12,2,Monday,0.0,5.89
2,2025-12-01T00:09:33.000+05:30,2025-12-01T00:39:51.000+05:30,1,21.0,2,N,132,237,1,70.0,0.0,0.5,5.0,6.94,1.0,87.69,2.5,1.75,0.0,2025-12-01,2025-12-01,0,0,12,2,Monday,30.3,3.33
2,2025-12-01T00:49:15.000+05:30,2025-12-01T00:54:54.000+05:30,1,2.24,1,N,161,263,2,10.7,1.0,0.5,0.0,0.0,1.0,16.45,2.5,0.0,0.75,2025-12-01,2025-12-01,0,0,12,2,Monday,5.65,4.78
2,2025-12-01T00:16:42.000+05:30,2025-12-01T00:45:07.000+05:30,2,18.37,2,N,132,148,1,70.0,0.0,0.5,12.22,0.0,1.0,88.72,2.5,1.75,0.75,2025-12-01,2025-12-01,0,0,12,2,Monday,28.42,3.81
2,2025-12-01T00:14:13.000+05:30,2025-12-01T00:54:33.000+05:30,2,22.24,1,N,132,181,2,84.2,1.0,0.5,0.0,0.0,1.0,88.45,0.0,1.75,0.0,2025-12-01,2025-12-01,0,0,12,2,Monday,40.33,3.79
2,2025-12-01T00:22:12.000+05:30,2025-12-01T00:25:29.000+05:30,5,0.53,1,N,230,48,1,5.8,1.0,0.5,0.0,0.0,1.0,11.55,2.5,0.0,0.75,2025-12-01,2025-12-01,0,0,12,2,Monday,3.28,10.94
2,2025-12-01T00:32:46.000+05:30,2025-12-01T00:47:32.000+05:30,1,8.02,1,N,138,255,2,32.4,6.0,0.5,0.0,0.0,1.0,41.65,0.0,1.75,0.0,2025-12-01,2025-12-01,0,0,12,2,Monday,14.77,4.04
2,2025-12-01T00:50:40.000+05:30,2025-12-01T00:57:16.000+05:30,1,0.95,1,N,170,186,1,7.9,1.0,0.5,0.0,0.0,1.0,13.65,2.5,0.0,0.75,2025-12-01,2025-12-01,0,0,12,2,Monday,6.6,8.32
2,2025-12-01T00:21:55.000+05:30,2025-12-01T00:43:26.000+05:30,3,9.89,1,N,138,249,1,40.1,6.0,0.5,11.56,6.94,1.0,71.1,2.5,1.75,0.75,2025-12-01,2025-12-01,0,0,12,2,Monday,21.52,4.05
2,2025-12-01T00:45:08.000+05:30,2025-12-01T00:48:40.000+05:30,2,0.47,1,N,249,90,1,5.8,1.0,0.5,2.89,0.0,1.0,14.44,2.5,0.0,0.75,2025-12-01,2025-12-01,0,0,12,2,Monday,3.53,12.34
2,2025-12-01T00:05:43.000+05:30,2025-12-01T00:22:02.000+05:30,1,8.01,1,N,138,41,1,32.4,6.0,0.5,4.0,6.94,1.0,52.59,0.0,1.75,0.0,2025-12-01,2025-12-01,0,0,12,2,Monday,16.32,4.04
2,2025-12-01T00:34:55.000+05:30,2025-12-01T00:56:03.000+05:30,1,9.71,1,N,132,36,1,38.7,1.0,0.5,8.24,0.0,1.0,51.19,0.0,1.75,0.0,2025-12-01,2025-12-01,0,0,12,2,Monday,21.13,3.99
2,2025-12-01T00:02:26.000+05:30,2025-12-01T00:10:07.000+05:30,1,2.18,1,N,43,230,2,11.4,1.0,0.5,0.0,0.0,1.0,17.15,2.5,0.0,0.75,2025-12-01,2025-12-01,0,0,12,2,Monday,7.68,5.23
2,2025-12-01T00:35:57.000+05:30,2025-12-01T00:50:28.000+05:30,2,1.82,1,N,230,229,1,14.2,1.0,0.5,3.99,0.0,1.0,23.94,2.5,0.0,0.75,2025-12-01,2025-12-01,0,0,12,2,Monday,14.52,7.8
2,2025-12-01T00:18:09.000+05:30,2025-12-01T00:25:53.000+05:30,1,1.23,1,N,144,79,1,9.3,1.0,0.5,1.5,0.0,1.0,16.55,2.5,0.0,0.75,2025-12-01,2025-12-01,0,0,12,2,Monday,7.73,7.56
2,2025-12-01T00:53:25.000+05:30,2025-12-01T01:07:03.000+05:30,1,2.65,1,N,144,233,2,15.6,1.0,0.5,0.0,0.0,1.0,21.35,2.5,0.0,0.75,2025-12-01,2025-12-01,0,1,12,2,Monday,13.63,5.89
2,2025-12-01T00:24:53.000+05:30,2025-12-01T00:52:21.000+05:30,1,13.75,1,N,138,61,1,54.8,6.0,0.5,11.53,0.0,1.0,75.58,0.0,1.75,0.0,2025-12-01,2025-12-01,0,0,12,2,Monday,27.47,3.99
2,2025-12-01T00:09:00.000+05:30,2025-12-01T00:20:09.000+05:30,1,2.7,1,N,142,68,1,14.9,1.0,0.5,4.13,0.0,1.0,24.78,2.5,0.0,0.75,2025-12-01,2025-12-01,0,0,12,2,Monday,11.15,5.52
2,2025-12-01T00:02:21.000+05:30,2025-12-01T00:10:45.000+05:30,1,1.56,1,N,186,107,1,10.7,1.0,0.5,3.29,0.0,1.0,19.74,2.5,0.0,0.75,2025-12-01,2025-12-01,0,0,12,2,Monday,8.4,6.86
1,2025-12-01T00:06:46.000+05:30,2025-12-01T00:18:01.000+05:30,1,2.6,1,N,113,12,1,14.2,4.25,0.5,1.0,0.0,1.0,20.95,2.5,0.0,0.75,2025-12-01,2025-12-01,0,0,12,2,Monday,11.25,5.46
2,2025-12-01T00:13:00.000+05:30,2025-12-01T00:23:47.000+05:30,6,2.61,1,N,148,186,1,14.2,1.0,0.5,3.99,0.0,1.0,23.94,2.5,0.0,0.75,2025-12-01,2025-12-01,0,0,12,2,Monday,10.78,5.44
2,2025-12-01T00:27:56.000+05:30,2025-12-01T00:36:15.000+05:30,6,2.12,1,N,164,48,1,11.4,1.0,0.5,3.43,0.0,1.0,20.58,2.5,0.0,0.75,2025-12-01,2025-12-01,0,0,12,2,Monday,8.32,5.38
2,2025-12-01T00:17:37.000+05:30,2025-12-01T00:34:48.000+05:30,2,4.27,1,N,236,68,1,21.2,1.0,0.5,3.05,0.0,1.0,30.0,2.5,0.0,0.75,2025-12-01,2025-12-01,0,0,12,2,Monday,17.18,4.96
2,2025-12-01T00:39:51.000+05:30,2025-12-01T00:53:59.000+05:30,1,3.79,1,N,186,148,1,19.1,1.0,0.5,4.97,0.0,1.0,29.82,2.5,0.0,0.75,2025-12-01,2025-12-01,0,0,12,2,Monday,14.13,5.04
2,2025-12-01T00:03:01.000+05:30,2025-12-01T00:21:42.000+05:30,4,7.78,1,N,138,263,1,33.8,6.0,0.5,15.75,6.94,1.0,68.24,2.5,1.75,0.0,2025-12-01,2025-12-01,0,0,12,2,Monday,18.68,4.34
2,2025-12-01T00:39:55.000+05:30,2025-12-01T00:45:46.000+05:30,1,1.88,1,N,186,125,1,9.3,1.0,0.5,3.01,0.0,1.0,18.06,2.5,0.0,0.75,2025-12-01,2025-12-01,0,0,12,2,Monday,5.85,4.95
2,2025-12-01T00:03:57.000+05:30,2025-12-01T00:24:01.000+05:30,1,9.93,1,N,138,237,1,39.4,6.0,0.5,11.27,6.94,1.0,69.36,2.5,1.75,0.0,2025-12-01,2025-12-01,0,0,12,2,Monday,20.07,3.97
2,2025-11-30T23:53:25.000+05:30,2025-11-30T23:58:32.000+05:30,1,1.6,1,N,43,143,1,9.3,1.0,0.5,2.86,0.0,1.0,17.16,2.5,0.0,0.0,2025-11-30,2025-11-30,23,23,11,1,Sunday,5.12,5.81
2,2025-12-01T00:01:30.000+05:30,2025-12-01T00:15:35.000+05:30,1,8.1,1,N,138,140,1,32.4,6.0,0.5,9.87,6.94,1.0,60.96,2.5,1.75,0.0,2025-12-01,2025-12-01,0,0,12,2,Monday,14.08,4.0
2,2025-12-01T00:02:50.000+05:30,2025-12-01T00:08:08.000+05:30,4,1.54,1,N,142,239,1,8.6,1.0,0.5,2.0,0.0,1.0,15.6,2.5,0.0,0.0,2025-12-01,2025-12-01,0,0,12,2,Monday,5.3,5.58
2,2025-12-01T00:18:57.000+05:30,2025-12-01T00:32:15.000+05:30,2,2.48,1,N,239,229,1,14.9,1.0,0.5,3.1,0.0,1.0,23.75,2.5,0.0,0.75,2025-12-01,2025-12-01,0,0,12,2,Monday,13.3,6.01
2,2025-12-01T00:29:13.000+05:30,2025-12-01T00:35:55.000+05:30,1,1.25,1,N,246,164,1,8.6,1.0,0.5,3.0,0.0,1.0,17.35,2.5,0.0,0.75,2025-12-01,2025-12-01,0,0,12,2,Monday,6.7,6.88
2,2025-12-01T00:51:55.000+05:30,2025-12-01T00:56:12.000+05:30,1,0.82,1,N,186,48,1,6.5,1.0,0.5,2.45,0.0,1.0,14.7,2.5,0.0,0.75,2025-12-01,2025-12-01,0,0,12,2,Monday,4.28,7.93
2,2025-12-01T00:03:29.000+05:30,2025-12-01T00:20:18.000+05:30,2,4.53,1,N,186,151,1,23.3,1.0,0.5,5.81,0.0,1.0,34.86,2.5,0.0,0.75,2025-12-01,2025-12-01,0,0,12,2,Monday,16.82,5.14
2,2025-12-01T00:36:24.000+05:30,2025-12-01T00:53:25.000+05:30,3,2.54,1,N,48,164,1,17.0,1.0,0.5,0.0,0.0,1.0,22.75,2.5,0.0,0.75,2025-12-01,2025-12-01,0,0,12,2,Monday,17.02,6.69
1,2025-12-01T00:09:47.000+05:30,2025-12-01T00:14:08.000+05:30,1,1.3,1,N,68,249,1,7.2,4.25,0.5,2.6,0.0,1.0,15.55,2.5,0.0,0.75,2025-12-01,2025-12-01,0,0,12,2,Monday,4.35,5.54
2,2025-12-01T00:04:43.000+05:30,2025-12-01T00:19:48.000+05:30,1,4.42,1,N,138,226,1,21.9,6.0,0.5,4.5,0.0,1.0,35.65,0.0,1.75,0.0,2025-12-01,2025-12-01,0,0,12,2,Monday,15.08,4.95
2,2025-12-01T00:32:24.000+05:30,2025-12-01T00:54:53.000+05:30,1,18.54,2,N,132,42,1,70.0,0.0,0.5,15.69,6.94,1.0,95.88,0.0,1.75,0.0,2025-12-01,2025-12-01,0,0,12,2,Monday,22.48,3.78
2,2025-12-01T00:37:53.000+05:30,2025-12-01T01:02:02.000+05:30,1,16.84,2,N,132,170,1,70.0,0.0,0.5,2.0,6.94,1.0,85.44,2.5,1.75,0.75,2025-12-01,2025-12-01,0,1,12,2,Monday,24.15,4.16
2,2025-12-01T00:03:06.000+05:30,2025-12-01T00:28:32.000+05:30,1,11.02,1,N,138,233,1,45.7,6.0,0.5,15.85,6.94,1.0,80.99,2.5,1.75,0.75,2025-12-01,2025-12-01,0,0,12,2,Monday,25.43,4.15
7,2025-12-01T00:35:34.000+05:30,2025-12-01T00:35:34.000+05:30,1,12.27,1,N,138,209,1,48.5,0.0,0.5,8.0,0.0,1.0,69.0,2.5,6.75,0.75,2025-12-01,2025-12-01,0,0,12,2,Monday,0.0,3.95
2,2025-12-01T00:08:01.000+05:30,2025-12-01T00:17:02.000+05:30,1,2.34,1,N,186,239,1,12.8,1.0,0.5,3.71,0.0,1.0,22.26,2.5,0.0,0.75,2025-12-01,2025-12-01,0,0,12,2,Monday,9.02,5.47
2,2025-12-01T00:22:19.000+05:30,2025-12-01T00:37:21.000+05:30,2,3.21,1,N,239,170,1,18.4,1.0,0.5,6.04,0.0,1.0,30.19,2.5,0.0,0.75,2025-12-01,2025-12-01,0,0,12,2,Monday,15.03,5.73
2,2025-12-01T00:44:02.000+05:30,2025-12-01T00:57:26.000+05:30,2,4.85,1,N,137,256,1,21.9,1.0,0.5,0.0,0.0,1.0,27.65,2.5,0.0,0.75,2025-12-01,2025-12-01,0,0,12,2,Monday,13.4,4.52
2,2025-12-01T00:16:05.000+05:30,2025-12-01T00:34:35.000+05:30,1,4.5,1,N,148,142,1,22.6,1.0,0.5,5.67,0.0,1.0,34.02,2.5,0.0,0.75,2025-12-01,2025-12-01,0,0,12,2,Monday,18.5,5.02
2,2025-12-01T00:04:15.000+05:30,2025-12-01T00:14:29.000+05:30,4,2.03,1,N,230,224,1,12.1,1.0,0.5,4.46,0.0,1.0,22.31,2.5,0.0,0.75,2025-12-01,2025-12-01,0,0,12,2,Monday,10.23,5.96
2,2025-12-01T00:08:40.000+05:30,2025-12-01T00:29:15.000+05:30,1,4.22,1,N,68,141,1,23.3,1.0,0.5,4.0,0.0,1.0,33.05,2.5,0.0,0.75,2025-12-01,2025-12-01,0,0,12,2,Monday,20.58,5.52
2,2025-12-01T00:34:23.000+05:30,2025-12-01T00:56:20.000+05:30,1,9.67,1,N,138,186,1,40.1,6.0,0.5,5.95,6.94,1.0,65.49,2.5,1.75,0.75,2025-12-01,2025-12-01,0,0,12,2,Monday,21.95,4.15
2,2025-12-01T00:47:25.000+05:30,2025-12-01T01:17:40.000+05:30,2,17.89,2,N,132,90,1,70.0,0.0,0.5,2.56,6.94,1.0,86.0,2.5,1.75,0.75,2025-12-01,2025-12-01,0,1,12,2,Monday,30.25,3.91
2,2025-12-01T00:12:32.000+05:30,2025-12-01T00:33:00.000+05:30,1,7.52,1,N,138,36,1,33.1,6.0,0.5,2.0,0.0,1.0,44.35,0.0,1.75,0.0,2025-12-01,2025-12-01,0,0,12,2,Monday,20.47,4.4
2,2025-12-01T00:01:49.000+05:30,2025-12-01T00:20:21.000+05:30,1,11.69,1,N,138,261,1,44.3,6.0,0.5,0.0,0.0,1.0,56.8,2.5,1.75,0.75,2025-12-01,2025-12-01,0,0,12,2,Monday,18.53,3.79
1,2025-12-01T00:55:22.000+05:30,2025-12-01T01:22:10.000+05:30,0,18.5,1,N,132,25,1,68.8,2.75,0.5,10.0,0.0,1.0,83.05,0.0,1.75,0.0,2025-12-01,2025-12-01,0,1,12,2,Monday,26.8,3.72
2,2025-12-01T00:26:33.000+05:30,2025-12-01T00:40:01.000+05:30,1,4.26,1,N,140,249,1,18.57,1.0,0.5,0.0,0.0,1.0,24.32,2.5,0.0,0.75,2025-12-01,2025-12-01,0,0,12,2,Monday,13.47,4.36
2,2025-12-01T00:07:02.000+05:30,2025-12-01T00:25:06.000+05:30,2,4.09,1,N,143,224,1,21.2,1.0,0.5,5.39,0.0,1.0,32.34,2.5,0.0,0.75,2025-12-01,2025-12-01,0,0,12,2,Monday,18.07,5.18
1,2025-12-01T00:02:35.000+05:30,2025-12-01T00:15:54.000+05:30,1,2.3,1,N,68,79,1,14.9,4.25,0.5,2.0,0.0,1.0,22.65,2.5,0.0,0.75,2025-12-01,2025-12-01,0,0,12,2,Monday,13.32,6.48
1,2025-12-01T00:37:36.000+05:30,2025-12-01T00:47:27.000+05:30,2,2.3,1,N,186,141,1,12.8,4.25,0.5,3.7,0.0,1.0,22.25,2.5,0.0,0.75,2025-12-01,2025-12-01,0,0,12,2,Monday,9.85,5.57
2,2025-12-01T00:23:47.000+05:30,2025-12-01T00:30:51.000+05:30,1,1.22,1,N,90,246,1,8.6,1.0,0.5,2.87,0.0,1.0,17.22,2.5,0.0,0.75,2025-12-01,2025-12-01,0,0,12,2,Monday,7.07,7.05
2,2025-12-01T00:59:15.000+05:30,2025-12-01T01:06:38.000+05:30,1,1.31,1,N,246,230,2,9.3,1.0,0.5,0.0,0.0,1.0,15.05,2.5,0.0,0.75,2025-12-01,2025-12-01,0,1,12,2,Monday,7.38,7.1
2,2025-12-01T00:19:21.000+05:30,2025-12-01T00:19:38.000+05:30,1,0.0,1,N,90,90,2,3.0,1.0,0.5,0.0,0.0,1.0,8.75,2.5,0.0,0.75,2025-12-01,2025-12-01,0,0,12,2,Monday,0.28,
1,2025-12-01T00:43:49.000+05:30,2025-12-01T01:11:00.000+05:30,1,5.7,1,N,186,7,1,27.5,4.25,0.5,6.65,0.0,1.0,39.9,2.5,0.0,0.75,2025-12-01,2025-12-01,0,1,12,2,Monday,27.18,4.82
2,2025-12-01T00:18:56.000+05:30,2025-12-01T00:27:42.000+05:30,1,2.21,1,N,142,162,1,12.8,1.0,0.5,3.71,0.0,1.0,22.26,2.5,0.0,0.75,2025-12-01,2025-12-01,0,0,12,2,Monday,8.77,5.79
2,2025-12-01T00:13:57.000+05:30,2025-12-01T00:22:54.000+05:30,1,4.4,1,N,179,74,2,19.1,1.0,0.5,0.0,6.94,1.0,28.54,0.0,0.0,0.0,2025-12-01,2025-12-01,0,0,12,2,Monday,8.95,4.34
2,2025-12-01T00:44:10.000+05:30,2025-12-01T01:12:14.000+05:30,1,16.52,1,N,132,256,1,63.9,1.0,0.5,10.22,0.0,1.0,78.37,0.0,1.75,0.0,2025-12-01,2025-12-01,0,1,12,2,Monday,28.07,3.87
2,2025-12-01T00:57:42.000+05:30,2025-12-01T01:07:38.000+05:30,2,2.21,1,N,114,170,1,12.1,1.0,0.5,1.0,0.0,1.0,18.85,2.5,0.0,0.75,2025-12-01,2025-12-01,0,1,12,2,Monday,9.93,5.48
2,2025-12-01T00:38:22.000+05:30,2025-12-01T01:04:57.000+05:30,1,17.94,4,N,138,265,4,82.1,6.0,0.5,0.0,6.94,1.0,98.29,0.0,1.75,0.0,2025-12-01,2025-12-01,0,1,12,2,Monday,26.58,4.58
7,2025-12-01T00:15:26.000+05:30,2025-12-01T00:15:26.000+05:30,1,1.31,1,N,186,137,1,11.4,0.0,0.5,1.0,0.0,1.0,18.15,2.5,0.0,0.75,2025-12-01,2025-12-01,0,0,12,2,Monday,0.0,8.7
2,2025-12-01T00:05:43.000+05:30,2025-12-01T00:30:54.000+05:30,1,16.49,2,N,132,229,1,70.0,0.0,0.5,15.3,0.0,1.0,91.8,2.5,1.75,0.75,2025-12-01,2025-12-01,0,0,12,2,Monday,25.18,4.24
2,2025-12-01T00:18:56.000+05:30,2025-12-01T00:34:11.000+05:30,2,8.3,1,N,138,263,1,33.1,6.0,0.5,10.01,6.94,1.0,61.8,2.5,1.75,0.0,2025-12-01,2025-12-01,0,0,12,2,Monday,15.25,3.99
1,2025-12-01T00:12:57.000+05:30,2025-12-01T00:13:05.000+05:30,1,0.0,1,N,264,138,2,3.0,7.75,0.5,0.0,0.0,1.0,12.25,0.0,1.75,0.0,2025-12-01,2025-12-01,0,0,12,2,Monday,0.13,
1,2025-12-01T00:13:36.000+05:30,2025-12-01T00:31:10.000+05:30,2,7.8,1,N,138,43,1,32.4,7.75,0.5,9.7,6.94,1.0,58.29,0.0,1.75,0.0,2025-12-01,2025-12-01,0,0,12,2,Monday,17.57,4.15
1,2025-12-01T00:27:49.000+05:30,2025-12-01T00:31:54.000+05:30,1,1.4,1,N,107,229,1,7.9,4.25,0.5,3.4,0.0,1.0,17.05,2.5,0.0,0.75,2025-12-01,2025-12-01,0,0,12,2,Monday,4.08,5.64
2,2025-12-01T00:02:04.000+05:30,2025-12-01T00:03:16.000+05:30,1,0.43,1,N,90,186,1,4.4,1.0,0.5,2.03,0.0,1.0,12.18,2.5,0.0,0.75,2025-12-01,2025-12-01,0,0,12,2,Monday,1.2,10.23
2,2025-12-01T00:03:52.000+05:30,2025-12-01T00:21:59.000+05:30,1,3.69,1,N,186,261,1,20.5,1.0,0.5,4.0,0.0,1.0,30.25,2.5,0.0,0.75,2025-12-01,2025-12-01,0,0,12,2,Monday,18.12,5.56
1,2025-12-01T00:13:36.000+05:30,2025-12-01T00:16:50.000+05:30,1,0.8,1,N,141,229,1,5.8,4.25,0.5,1.0,0.0,1.0,12.55,2.5,0.0,0.75,2025-12-01,2025-12-01,0,0,12,2,Monday,3.23,7.25
2,2025-12-01T00:33:41.000+05:30,2025-12-01T00:56:25.000+05:30,1,8.84,1,N,114,227,1,38.0,1.0,0.5,10.94,0.0,1.0,54.69,2.5,0.0,0.75,2025-12-01,2025-12-01,0,0,12,2,Monday,22.73,4.3
2,2025-12-01T00:09:33.000+05:30,2025-12-01T00:31:06.000+05:30,1,11.86,1,N,138,209,1,45.7,6.0,0.5,11.64,0.0,1.0,69.84,2.5,1.75,0.75,2025-12-01,2025-12-01,0,0,12,2,Monday,21.55,3.85
2,2025-12-01T00:10:36.000+05:30,2025-12-01T00:29:09.000+05:30,1,9.77,1,N,138,237,1,39.4,6.0,0.5,14.09,6.94,1.0,72.18,2.5,1.75,0.0,2025-12-01,2025-12-01,0,0,12,2,Monday,18.55,4.03
2,2025-12-01T00:07:42.000+05:30,2025-12-01T00:33:03.000+05:30,1,5.3,1,N,100,25,1,28.2,1.0,0.5,6.79,0.0,1.0,40.74,2.5,0.0,0.75,2025-12-01,2025-12-01,0,0,12,2,Monday,25.35,5.32
2,2025-12-01T00:07:12.000+05:30,2025-12-01T00:13:06.000+05:30,1,1.0,1,N,166,238,1,8.6,1.0,0.5,1.0,0.0,1.0,12.1,0.0,0.0,0.0,2025-12-01,2025-12-01,0,0,12,2,Monday,5.9,8.6
2,2025-12-01T00:28:19.000+05:30,2025-12-01T00:34:10.000+05:30,1,1.3,1,N,48,246,1,8.6,1.0,0.5,2.87,0.0,1.0,17.22,2.5,0.0,0.75,2025-12-01,2025-12-01,0,0,12,2,Monday,5.85,6.62
2,2025-12-01T00:08:02.000+05:30,2025-12-01T00:37:47.000+05:30,1,13.31,1,N,138,79,1,53.4,6.0,0.5,10.93,6.94,1.0,83.77,2.5,1.75,0.75,2025-12-01,2025-12-01,0,0,12,2,Monday,29.75,4.01
2,2025-12-01T00:09:54.000+05:30,2025-12-01T00:23:46.000+05:30,1,2.73,1,N,141,50,1,16.3,1.0,0.5,1.95,0.0,1.0,24.0,2.5,0.0,0.75,2025-12-01,2025-12-01,0,0,12,2,Monday,13.87,5.97
2,2025-12-01T00:45:14.000+05:30,2025-12-01T00:55:51.000+05:30,1,2.8,1,N,79,48,1,14.2,1.0,0.5,3.99,0.0,1.0,23.94,2.5,0.0,0.75,2025-12-01,2025-12-01,0,0,12,2,Monday,10.62,5.07
2,2025-12-01T00:15:04.000+05:30,2025-12-01T00:37:05.000+05:30,1,9.67,1,N,138,90,1,38.7,6.0,0.5,4.0,6.94,1.0,62.14,2.5,1.75,0.75,2025-12-01,2025-12-01,0,0,12,2,Monday,22.02,4.0
2,2025-12-01T00:40:53.000+05:30,2025-12-01T00:56:32.000+05:30,1,6.01,1,N,138,145,1,26.1,6.0,0.5,6.72,0.0,1.0,42.07,0.0,1.75,0.0,2025-12-01,2025-12-01,0,0,12,2,Monday,15.65,4.34
2,2025-12-01T00:04:13.000+05:30,2025-12-01T00:54:47.000+05:30,1,42.4,4,N,132,265,1,231.2,1.0,0.0,0.0,6.94,1.0,241.89,0.0,1.75,0.0,2025-12-01,2025-12-01,0,0,12,2,Monday,50.57,5.45
2,2025-12-01T00:10:58.000+05:30,2025-12-01T00:37:54.000+05:30,1,17.01,1,N,70,89,1,64.6,6.0,0.5,14.42,0.0,1.0,88.27,0.0,1.75,0.0,2025-12-01,2025-12-01,0,0,12,2,Monday,26.93,3.8
2,2025-12-01T00:02:50.000+05:30,2025-12-01T00:11:33.000+05:30,1,1.54,1,N,90,230,2,10.7,1.0,0.5,0.0,0.0,1.0,16.45,2.5,0.0,0.75,2025-12-01,2025-12-01,0,0,12,2,Monday,8.72,6.95
2,2025-12-01T00:13:34.000+05:30,2025-12-01T00:17:11.000+05:30,1,0.7,1,N,230,48,2,5.8,1.0,0.5,0.0,0.0,1.0,11.55,2.5,0.0,0.75,2025-12-01,2025-12-01,0,0,12,2,Monday,3.62,8.29
2,2025-12-01T00:38:54.000+05:30,2025-12-01T00:51:10.000+05:30,1,5.93,1,N,132,124,1,24.0,1.0,0.5,5.3,0.0,1.0,33.55,0.0,1.75,0.0,2025-12-01,2025-12-01,0,0,12,2,Monday,12.27,4.05
2,2025-12-01T00:43:51.000+05:30,2025-12-01T01:11:59.000+05:30,2,18.04,2,N,132,186,1,70.0,0.0,0.5,11.0,6.94,1.0,94.44,2.5,1.75,0.75,2025-12-01,2025-12-01,0,1,12,2,Monday,28.13,3.88
2,2025-12-01T00:02:07.000+05:30,2025-12-01T00:05:48.000+05:30,1,1.56,1,N,256,232,1,8.6,1.0,0.5,2.87,0.0,1.0,17.22,2.5,0.0,0.75,2025-12-01,2025-12-01,0,0,12,2,Monday,3.68,5.51
1,2025-12-01T00:33:05.000+05:30,2025-12-01T00:41:54.000+05:30,1,3.9,1,N,88,224,1,17.7,4.25,0.5,4.65,0.0,1.0,28.1,2.5,0.0,0.75,2025-12-01,2025-12-01,0,0,12,2,Monday,8.82,4.54
1,2025-12-01T00:19:08.000+05:30,2025-12-01T00:31:29.000+05:30,1,6.8,1,N,138,112,1,27.5,7.75,0.5,5.0,0.0,1.0,41.75,0.0,1.75,0.0,2025-12-01,2025-12-01,0,0,12,2,Monday,12.35,4.04
2,2025-12-01T00:50:23.000+05:30,2025-12-01T01:02:36.000+05:30,1,2.83,1,N,79,246,1,15.6,1.0,0.5,4.27,0.0,1.0,25.62,2.5,0.0,0.75,2025-12-01,2025-12-01,0,1,12,2,Monday,12.22,5.51
2,2025-12-01T00:27:08.000+05:30,2025-12-01T00:44:18.000+05:30,1,9.04,1,N,138,236,1,35.9,6.0,0.5,10.92,6.94,1.0,65.51,2.5,1.75,0.0,2025-12-01,2025-12-01,0,0,12,2,Monday,17.17,3.97
2,2025-12-01T00:05:42.000+05:30,2025-12-01T00:28:28.000+05:30,1,10.87,1,N,138,66,1,45.0,6.0,0.5,10.5,0.0,1.0,64.75,0.0,1.75,0.0,2025-12-01,2025-12-01,0,0,12,2,Monday,22.77,4.14
1,2025-12-01T00:30:48.000+05:30,2025-12-01T00:33:02.000+05:30,1,0.7,1,N,213,212,1,5.1,1.0,0.5,2.0,0.0,1.0,9.6,0.0,0.0,0.0,2025-12-01,2025-12-01,0,0,12,2,Monday,2.23,7.29
2,2025-12-01T00:12:23.000+05:30,2025-12-01T00:19:57.000+05:30,1,1.82,1,N,142,238,1,11.4,1.0,0.5,5.14,0.0,1.0,22.29,2.5,0.0,0.75,2025-12-01,2025-12-01,0,0,12,2,Monday,7.57,6.26
2,2025-12-01T00:29:29.000+05:30,2025-12-01T01:02:42.000+05:30,1,19.73,2,N,132,249,1,70.0,0.0,0.5,14.95,0.0,1.0,91.45,2.5,1.75,0.75,2025-12-01,2025-12-01,0,1,12,2,Monday,33.22,3.55
1,2025-12-01T00:02:52.000+05:30,2025-12-01T00:11:44.000+05:30,1,4.0,1,N,132,216,1,17.7,2.75,0.5,5.5,0.0,1.0,27.45,0.0,1.75,0.0,2025-12-01,2025-12-01,0,0,12,2,Monday,8.87,4.43
1,2025-12-01T00:54:14.000+05:30,2025-12-01T01:20:04.000+05:30,1,16.9,2,N,132,79,1,70.0,3.25,0.5,8.27,6.94,1.0,89.96,2.5,0.0,0.75,2025-12-01,2025-12-01,0,1,12,2,Monday,25.83,4.14
1,2025-12-01T00:06:17.000+05:30,2025-12-01T00:14:48.000+05:30,0,1.6,1,N,249,148,1,10.7,4.25,0.5,2.0,0.0,1.0,18.45,2.5,0.0,0.75,2025-12-01,2025-12-01,0,0,12,2,Monday,8.52,6.69
2,2025-12-01T00:43:49.000+05:30,2025-12-01T01:10:08.000+05:30,1,17.8,2,N,132,107,1,70.0,0.0,0.5,16.34,6.94,1.0,99.78,2.5,1.75,0.75,2025-12-01,2025-12-01,0,1,12,2,Monday,26.32,3.93
2,2025-12-01T00:52:50.000+05:30,2025-12-01T01:06:03.000+05:30,4,7.41,1,N,138,263,1,29.6,6.0,0.5,9.66,6.94,1.0,57.95,2.5,1.75,0.0,2025-12-01,2025-12-01,0,1,12,2,Monday,13.22,3.99
2,2025-12-01T00:36:03.000+05:30,2025-12-01T01:03:12.000+05:30,1,19.33,2,N,132,140,1,70.0,0.0,0.5,16.19,6.94,1.0,98.88,2.5,1.75,0.0,2025-12-01,2025-12-01,0,1,12,2,Monday,27.15,3.62
2,2025-12-01T00:05:31.000+05:30,2025-12-01T00:09:39.000+05:30,2,0.49,1,N,261,88,1,5.8,1.0,0.5,2.31,0.0,1.0,13.86,2.5,0.0,0.75,2025-12-01,2025-12-01,0,0,12,2,Monday,4.13,11.84
1,2025-12-01T00:50:02.000+05:30,2025-12-01T01:24:55.000+05:30,1,26.3,1,N,132,257,1,96.1,2.75,0.5,20.05,0.0,1.0,120.4,0.0,1.75,0.0,2025-12-01,2025-12-01,0,1,12,2,Monday,34.88,3.65
2,2025-12-01T00:02:15.000+05:30,2025-12-01T00:31:05.000+05:30,1,11.66,1,N,138,188,1,47.8,6.0,0.5,0.0,0.0,1.0,57.05,0.0,1.75,0.0,2025-12-01,2025-12-01,0,0,12,2,Monday,28.83,4.1
2,2025-12-01T00:04:59.000+05:30,2025-12-01T00:11:18.000+05:30,1,1.36,1,N,144,113,1,9.3,1.0,0.5,0.0,0.0,1.0,15.05,2.5,0.0,0.75,2025-12-01,2025-12-01,0,0,12,2,Monday,6.32,6.84
2,2025-12-01T00:51:19.000+05:30,2025-12-01T01:02:37.000+05:30,2,2.5,1,N,249,163,1,14.2,1.0,0.5,2.05,0.0,1.0,22.0,2.5,0.0,0.75,2025-12-01,2025-12-01,0,1,12,2,Monday,11.3,5.68
2,2025-12-01T00:09:53.000+05:30,2025-12-01T00:17:19.000+05:30,1,1.65,1,N,239,50,1,10.0,1.0,0.5,3.0,0.0,1.0,18.75,2.5,0.0,0.75,2025-12-01,2025-12-01,0,0,12,2,Monday,7.43,6.06
2,2025-12-01T00:01:53.000+05:30,2025-12-01T00:12:22.000+05:30,2,1.73,1,N,239,141,1,12.1,1.0,0.5,3.42,0.0,1.0,20.52,2.5,0.0,0.0,2025-12-01,2025-12-01,0,0,12,2,Monday,10.48,6.99
2,2025-12-01T00:24:20.000+05:30,2025-12-01T00:37:18.000+05:30,1,2.79,1,N,48,79,1,15.6,1.0,0.5,4.27,0.0,1.0,25.62,2.5,0.0,0.75,2025-12-01,2025-12-01,0,0,12,2,Monday,12.97,5.59
1,2025-12-01T00:01:49.000+05:30,2025-12-01T00:19:51.000+05:30,1,9.0,1,N,138,164,1,35.2,11.0,0.5,10.95,6.94,1.0,65.59,2.5,1.75,0.75,2025-12-01,2025-12-01,0,0,12,2,Monday,18.03,3.91
2,2025-12-01T00:14:46.000+05:30,2025-12-01T00:24:56.000+05:30,1,4.07,1,N,163,151,1,18.4,1.0,0.5,2.0,0.0,1.0,26.15,2.5,0.0,0.75,2025-12-01,2025-12-01,0,0,12,2,Monday,10.17,4.52
2,2025-12-01T00:14:14.000+05:30,2025-12-01T00:26:51.000+05:30,1,3.08,1,N,138,179,1,17.0,6.0,0.5,2.62,0.0,1.0,28.87,0.0,1.75,0.0,2025-12-01,2025-12-01,0,0,12,2,Monday,12.62,5.52
2,2025-12-01T00:13:17.000+05:30,2025-12-01T00:15:24.000+05:30,1,0.52,1,N,186,90,1,5.1,1.0,0.5,2.0,0.0,1.0,12.85,2.5,0.0,0.75,2025-12-01,2025-12-01,0,0,12,2,Monday,2.12,9.81
2,2025-12-01T00:40:25.000+05:30,2025-12-01T00:44:46.000+05:30,1,0.71,1,N,186,230,1,6.5,1.0,0.5,2.0,0.0,1.0,14.25,2.5,0.0,0.75,2025-12-01,2025-12-01,0,0,12,2,Monday,4.35,9.15
2,2025-12-01T00:45:13.000+05:30,2025-12-01T01:00:53.000+05:30,1,2.34,1,N,186,79,1,16.3,1.0,0.5,1.0,0.0,1.0,23.05,2.5,0.0,0.75,2025-12-01,2025-12-01,0,1,12,2,Monday,15.67,6.97
2,2025-12-01T00:29:20.000+05:30,2025-12-01T00:46:48.000+05:30,1,4.59,1,N,239,211,1,21.9,1.0,0.5,5.53,0.0,1.0,33.18,2.5,0.0,0.75,2025-12-01,2025-12-01,0,0,12,2,Monday,17.47,4.77
2,2025-12-01T00:11:00.000+05:30,2025-12-01T00:27:21.000+05:30,1,9.69,1,N,138,141,1,38.0,6.0,0.5,0.0,6.94,1.0,56.69,2.5,1.75,0.0,2025-12-01,2025-12-01,0,0,12,2,Monday,16.35,3.92
2,2025-12-01T00:18:19.000+05:30,2025-12-01T00:37:17.000+05:30,1,3.63,1,N,186,87,1,19.8,1.0,0.5,5.0,0.0,1.0,30.55,2.5,0.0,0.75,2025-12-01,2025-12-01,0,0,12,2,Monday,18.97,5.45
2,2025-11-30T23:57:39.000+05:30,2025-12-01T00:24:09.000+05:30,1,19.74,4,N,132,265,2,94.0,1.0,0.5,0.0,0.0,1.0,98.25,0.0,1.75,0.0,2025-11-30,2025-12-01,23,0,11,1,Sunday,26.5,4.76
2,2025-12-01T00:20:28.000+05:30,2025-12-01T00:39:03.000+05:30,1,9.28,1,N,138,234,1,37.3,6.0,0.5,11.0,6.94,1.0,67.74,2.5,1.75,0.75,2025-12-01,2025-12-01,0,0,12,2,Monday,18.58,4.02
2,2025-12-01T00:08:55.000+05:30,2025-12-01T00:33:06.000+05:30,1,5.89,1,N,230,97,2,28.9,1.0,0.5,0.0,0.0,1.0,34.65,2.5,0.0,0.75,2025-12-01,2025-12-01,0,0,12,2,Monday,24.18,4.91
2,2025-12-01T00:40:10.000+05:30,2025-12-01T00:53:02.000+05:30,1,2.86,1,N,239,161,2,16.3,1.0,0.5,0.0,0.0,1.0,22.05,2.5,0.0,0.75,2025-12-01,2025-12-01,0,0,12,2,Monday,12.87,5.7
1,2025-12-01T00:28:02.000+05:30,2025-12-01T00:33:50.000+05:30,1,1.4,1,N,48,239,1,8.6,4.25,0.5,0.0,0.0,1.0,14.35,2.5,0.0,0.75,2025-12-01,2025-12-01,0,0,12,2,Monday,5.8,6.14
1,2025-12-01T00:39:14.000+05:30,2025-12-01T00:48:24.000+05:30,1,1.9,1,N,142,141,2,11.4,3.5,0.5,0.0,0.0,1.0,16.4,2.5,0.0,0.0,2025-12-01,2025-12-01,0,0,12,2,Monday,9.17,6.0
2,2025-12-01T00:01:59.000+05:30,2025-12-01T00:15:53.000+05:30,1,8.01,1,N,138,262,1,31.7,6.0,0.5,9.73,6.94,1.0,60.12,2.5,1.75,0.0,2025-12-01,2025-12-01,0,0,12,2,Monday,13.9,3.96
1,2025-12-01T00:31:29.000+05:30,2025-12-01T00:43:18.000+05:30,1,2.7,1,N,113,48,1,14.2,4.25,0.5,0.0,0.0,1.0,19.95,2.5,0.0,0.75,2025-12-01,2025-12-01,0,0,12,2,Monday,11.82,5.26
1,2025-12-01T00:41:55.000+05:30,2025-12-01T00:50:51.000+05:30,1,1.9,1,N,68,230,1,12.1,4.25,0.5,0.0,0.0,1.0,17.85,2.5,0.0,0.75,2025-12-01,2025-12-01,0,0,12,2,Monday,8.93,6.37
2,2025-12-01T00:25:10.000+05:30,2025-12-01T00:29:16.000+05:30,1,1.31,1,N,211,88,1,7.2,1.0,0.5,3.24,0.0,1.0,16.19,2.5,0.0,0.75,2025-12-01,2025-12-01,0,0,12,2,Monday,4.1,5.5
1,2025-12-01T00:11:48.000+05:30,2025-12-01T00:36:04.000+05:30,2,4.7,1,N,234,262,1,25.4,4.25,0.5,6.2,0.0,1.0,37.35,2.5,0.0,0.75,2025-12-01,2025-12-01,0,0,12,2,Monday,24.27,5.4
2,2025-12-01T00:13:30.000+05:30,2025-12-01T00:25:44.000+05:30,1,3.39,1,N,48,144,1,16.3,1.0,0.5,5.51,0.0,1.0,27.56,2.5,0.0,0.75,2025-12-01,2025-12-01,0,0,12,2,Monday,12.23,4.81
2,2025-12-01T00:11:48.000+05:30,2025-12-01T00:21:45.000+05:30,1,1.92,1,N,113,68,1,12.1,1.0,0.5,3.57,0.0,1.0,21.42,2.5,0.0,0.75,2025-12-01,2025-12-01,0,0,12,2,Monday,9.95,6.3
2,2025-12-01T00:44:32.000+05:30,2025-12-01T01:14:20.000+05:30,2,17.66,2,N,132,162,1,70.0,0.0,0.5,16.34,6.94,1.0,99.78,2.5,1.75,0.75,2025-12-01,2025-12-01,0,1,12,2,Monday,29.8,3.96
1,2025-12-01T00:46:06.000+05:30,2025-12-01T00:48:38.000+05:30,1,0.7,1,N,186,230,1,5.8,4.25,0.5,2.3,0.0,1.0,13.85,2.5,0.0,0.75,2025-12-01,2025-12-01,0,0,12,2,Monday,2.53,8.29
1,2025-12-01T00:52:00.000+05:30,2025-12-01T01:11:14.000+05:30,1,5.1,1,N,230,179,1,25.4,4.25,0.5,6.2,0.0,1.0,37.35,2.5,0.0,0.75,2025-12-01,2025-12-01,0,1,12,2,Monday,19.23,4.98
2,2025-12-01T00:17:05.000+05:30,2025-12-01T00:37:44.000+05:30,1,4.2,1,N,261,107,1,23.3,1.0,0.5,3.0,0.0,1.0,32.05,2.5,0.0,0.75,2025-12-01,2025-12-01,0,0,12,2,Monday,20.65,5.55
2,2025-12-01T00:06:36.000+05:30,2025-12-01T00:06:42.000+05:30,1,0.02,3,N,132,132,2,23.0,1.0,0.0,0.0,0.0,1.0,26.75,0.0,1.75,0.0,2025-12-01,2025-12-01,0,0,12,2,Monday,0.1,1150.0
2,2025-12-01T00:08:14.000+05:30,2025-12-01T00:50:12.000+05:30,1,17.9,5,N,132,265,1,170.0,0.0,0.0,30.0,21.0,1.0,222.75,0.0,0.0,0.75,2025-12-01,2025-12-01,0,0,12,2,Monday,41.97,9.5
2,2025-12-01T00:59:24.000+05:30,2025-12-01T01:18:49.000+05:30,1,8.76,1,N,148,228,1,37.3,1.0,0.5,8.0,0.0,1.0,51.05,2.5,0.0,0.75,2025-12-01,2025-12-01,0,1,12,2,Monday,19.42,4.26
2,2025-12-01T00:48:23.000+05:30,2025-12-01T00:58:36.000+05:30,1,2.85,1,N,239,162,1,14.9,1.0,0.5,4.13,0.0,1.0,24.78,2.5,0.0,0.75,2025-12-01,2025-12-01,0,0,12,2,Monday,10.22,5.23
2,2025-12-01T00:28:43.000+05:30,2025-12-01T00:33:46.000+05:30,2,1.46,1,N,114,186,1,8.6,1.0,0.5,2.0,0.0,1.0,16.35,2.5,0.0,0.75,2025-12-01,2025-12-01,0,0,12,2,Monday,5.05,5.89
2,2025-12-01T00:46:05.000+05:30,2025-12-01T01:05:14.000+05:30,1,9.84,1,N,138,49,1,39.4,6.0,0.5,9.38,0.0,1.0,58.03,0.0,1.75,0.0,2025-12-01,2025-12-01,0,1,12,2,Monday,19.15,4.0
2,2025-12-01T00:15:36.000+05:30,2025-12-01T00:19:18.000+05:30,1,0.75,1,N,49,97,1,6.5,1.0,0.5,1.8,0.0,1.0,10.8,0.0,0.0,0.0,2025-12-01,2025-12-01,0,0,12,2,Monday,3.7,8.67
2,2025-12-01T00:03:24.000+05:30,2025-12-01T00:06:53.000+05:30,2,0.76,1,N,68,234,2,5.8,1.0,0.5,0.0,0.0,1.0,11.55,2.5,0.0,0.75,2025-12-01,2025-12-01,0,0,12,2,Monday,3.48,7.63
2,2025-12-01T00:38:14.000+05:30,2025-12-01T00:50:06.000+05:30,1,2.49,1,N,239,161,1,14.9,1.0,0.5,4.13,0.0,1.0,24.78,2.5,0.0,0.75,2025-12-01,2025-12-01,0,0,12,2,Monday,11.87,5.98
2,2025-12-01T00:30:09.000+05:30,2025-12-01T00:45:53.000+05:30,1,6.51,1,N,132,258,2,28.2,1.0,0.5,0.0,0.0,1.0,32.45,0.0,1.75,0.0,2025-12-01,2025-12-01,0,0,12,2,Monday,15.73,4.33
2,2025-12-01T00:54:07.000+05:30,2025-12-01T01:54:02.000+05:30,3,21.33,5,N,138,145,4,120.0,5.0,0.0,0.0,0.0,1.0,131.0,2.5,1.75,0.75,2025-12-01,2025-12-01,0,1,12,2,Monday,59.92,5.63
2,2025-12-01T00:32:16.000+05:30,2025-12-01T00:47:32.000+05:30,2,8.27,1,N,70,162,1,32.4,6.0,0.5,15.03,6.94,1.0,66.87,2.5,1.75,0.75,2025-12-01,2025-12-01,0,0,12,2,Monday,15.27,3.92
2,2025-12-01T00:35:48.000+05:30,2025-12-01T00:41:26.000+05:30,1,1.45,1,N,114,90,1,8.6,1.0,0.5,0.0,0.0,1.0,14.35,2.5,0.0,0.75,2025-12-01,2025-12-01,0,0,12,2,Monday,5.63,5.93
2,2025-12-01T00:17:17.000+05:30,2025-12-01T00:25:20.000+05:30,1,1.74,1,N,161,140,1,10.7,1.0,0.5,2.0,0.0,1.0,18.45,2.5,0.0,0.75,2025-12-01,2025-12-01,0,0,12,2,Monday,8.05,6.15
2,2025-12-01T00:48:07.000+05:30,2025-12-01T01:03:15.000+05:30,1,8.2,4,N,132,265,1,35.9,1.0,0.5,4.02,0.0,1.0,44.17,0.0,1.75,0.0,2025-12-01,2025-12-01,0,1,12,2,Monday,15.13,4.38
2,2025-12-01T00:41:28.000+05:30,2025-12-01T00:58:43.000+05:30,1,10.1,1,N,138,65,1,40.1,6.0,0.5,11.9,0.0,1.0,61.25,0.0,1.75,0.0,2025-12-01,2025-12-01,0,0,12,2,Monday,17.25,3.97
1,2025-12-01T00:45:28.000+05:30,2025-12-01T01:12:15.000+05:30,1,17.4,2,N,132,234,1,70.0,5.0,0.5,3.0,6.94,1.0,86.44,2.5,1.75,0.75,2025-12-01,2025-12-01,0,1,12,2,Monday,26.78,4.02
1,2025-12-01T00:01:49.000+05:30,2025-12-01T00:20:23.000+05:30,1,8.5,1,N,138,238,1,34.5,7.75,0.5,3.0,6.94,1.0,53.69,0.0,1.75,0.0,2025-12-01,2025-12-01,0,0,12,2,Monday,18.57,4.06
1,2025-12-01T00:00:09.000+05:30,2025-12-01T00:11:42.000+05:30,1,2.1,1,N,186,142,2,12.1,4.25,0.5,0.0,0.0,1.0,17.85,2.5,0.0,0.75,2025-12-01,2025-12-01,0,0,12,2,Monday,11.55,5.76
2,2025-12-01T00:07:18.000+05:30,2025-12-01T00:17:25.000+05:30,1,1.51,1,N,68,233,1,10.7,1.0,0.5,3.0,0.0,1.0,19.45,2.5,0.0,0.75,2025-12-01,2025-12-01,0,0,12,2,Monday,10.12,7.09
2,2025-12-01T00:50:02.000+05:30,2025-12-01T01:10:10.000+05:30,1,3.77,1,N,186,79,2,21.2,1.0,0.5,0.0,0.0,1.0,26.95,2.5,0.0,0.75,2025-12-01,2025-12-01,0,1,12,2,Monday,20.13,5.62
2,2025-12-01T00:47:11.000+05:30,2025-12-01T00:57:23.000+05:30,2,2.52,1,N,162,239,1,13.5,1.0,0.5,1.92,0.0,1.0,21.17,2.5,0.0,0.75,2025-12-01,2025-12-01,0,0,12,2,Monday,10.2,5.36
2,2025-12-01T00:21:24.000+05:30,2025-12-01T00:28:45.000+05:30,2,3.58,1,N,132,219,2,15.6,1.0,0.5,0.0,0.0,1.0,19.85,0.0,1.75,0.0,2025-12-01,2025-12-01,0,0,12,2,Monday,7.35,4.36
2,2025-12-01T00:18:27.000+05:30,2025-12-01T00:29:35.000+05:30,2,2.47,1,N,79,164,1,14.2,1.0,0.5,3.99,0.0,1.0,23.94,2.5,0.0,0.75,2025-12-01,2025-12-01,0,0,12,2,Monday,11.13,5.75
2,2025-12-01T00:38:51.000+05:30,2025-12-01T00:55:05.000+05:30,1,7.13,1,N,132,95,1,29.6,1.0,0.5,6.77,0.0,1.0,40.62,0.0,1.75,0.0,2025-12-01,2025-12-01,0,0,12,2,Monday,16.23,4.15
2,2025-12-01T00:01:27.000+05:30,2025-12-01T00:07:25.000+05:30,1,0.75,1,N,186,246,1,7.2,1.0,0.5,2.59,0.0,1.0,15.54,2.5,0.0,0.75,2025-12-01,2025-12-01,0,0,12,2,Monday,5.97,9.6
2,2025-12-01T00:11:57.000+05:30,2025-12-01T00:12:14.000+05:30,1,0.0,1,N,48,50,2,3.0,1.0,0.5,0.0,0.0,1.0,8.75,2.5,0.0,0.75,2025-12-01,2025-12-01,0,0,12,2,Monday,0.28,
2,2025-12-01T00:14:22.000+05:30,2025-12-01T00:14:42.000+05:30,1,0.0,5,N,50,50,1,40.0,0.0,0.0,5.0,0.0,1.0,49.25,2.5,0.0,0.75,2025-12-01,2025-12-01,0,0,12,2,Monday,0.33,
2,2025-12-01T00:01:58.000+05:30,2025-12-01T00:18:42.000+05:30,1,9.38,1,N,138,49,1,37.3,6.0,0.5,5.0,0.0,1.0,51.55,0.0,1.75,0.0,2025-12-01,2025-12-01,0,0,12,2,Monday,16.73,3.98
2,2025-12-01T00:26:33.000+05:30,2025-12-01T00:43:05.000+05:30,1,6.62,1,N,68,74,1,28.2,1.0,0.5,0.0,0.0,1.0,33.95,2.5,0.0,0.75,2025-12-01,2025-12-01,0,0,12,2,Monday,16.53,4.26
2,2025-12-01T00:32:35.000+05:30,2025-12-01T00:45:28.000+05:30,1,8.14,1,N,138,263,1,31.7,6.0,0.5,10.08,6.94,1.0,60.47,2.5,1.75,0.0,2025-12-01,2025-12-01,0,0,12,2,Monday,12.88,3.89
2,2025-12-01T00:02:51.000+05:30,2025-12-01T00:07:45.000+05:30,1,1.3,1,N,68,249,1,7.9,1.0,0.5,2.73,0.0,1.0,16.38,2.5,0.0,0.75,2025-12-01,2025-12-01,0,0,12,2,Monday,4.9,6.08
2,2025-12-01T00:39:33.000+05:30,2025-12-01T01:04:27.000+05:30,2,10.21,1,N,138,48,1,43.6,6.0,0.5,8.0,6.94,1.0,71.04,2.5,1.75,0.75,2025-12-01,2025-12-01,0,1,12,2,Monday,24.9,4.27
2,2025-12-01T00:04:20.000+05:30,2025-12-01T00:32:56.000+05:30,1,19.12,2,N,132,79,1,70.0,0.0,0.5,0.0,0.0,1.0,76.5,2.5,1.75,0.75,2025-12-01,2025-12-01,0,0,12,2,Monday,28.6,3.66
7,2025-12-01T00:38:06.000+05:30,2025-12-01T00:38:06.000+05:30,1,14.29,1,N,138,181,1,54.1,0.0,0.5,12.67,0.0,1.0,76.02,0.0,6.75,0.0,2025-12-01,2025-12-01,0,0,12,2,Monday,0.0,3.79
2,2025-12-01T00:56:08.000+05:30,2025-12-01T01:03:40.000+05:30,1,1.42,1,N,161,170,1,10.0,1.0,0.5,1.0,0.0,1.0,16.75,2.5,0.0,0.75,2025-12-01,2025-12-01,0,1,12,2,Monday,7.53,7.04
2,2025-12-01T00:54:03.000+05:30,2025-12-01T01:25:45.000+05:30,2,17.71,2,N,132,48,1,70.0,0.0,0.5,16.34,6.94,1.0,99.78,2.5,1.75,0.75,2025-12-01,2025-12-01,0,1,12,2,Monday,31.7,3.95
2,2025-12-01T00:05:37.000+05:30,2025-12-01T00:13:20.000+05:30,1,1.6,1,N,186,107,1,10.0,1.0,0.5,3.15,0.0,1.0,18.9,2.5,0.0,0.75,2025-12-01,2025-12-01,0,0,12,2,Monday,7.72,6.25
2,2025-12-01T00:40:49.000+05:30,2025-12-01T00:52:07.000+05:30,2,2.54,1,N,186,141,1,13.5,1.0,0.5,4.81,0.0,1.0,24.06,2.5,0.0,0.75,2025-12-01,2025-12-01,0,0,12,2,Monday,11.3,5.31
2,2025-12-01T00:12:34.000+05:30,2025-12-01T00:34:44.000+05:30,1,8.76,1,N,138,50,1,37.3,6.0,0.5,11.0,6.94,1.0,67.74,2.5,1.75,0.75,2025-12-01,2025-12-01,0,0,12,2,Monday,22.17,4.26
2,2025-12-01T00:51:34.000+05:30,2025-12-01T01:11:26.000+05:30,1,9.69,1,N,138,68,1,39.4,6.0,0.5,14.27,6.94,1.0,73.11,2.5,1.75,0.75,2025-12-01,2025-12-01,0,1,12,2,Monday,19.87,4.07
2,2025-12-01T00:02:04.000+05:30,2025-12-01T00:15:51.000+05:30,1,2.88,1,N,186,45,1,16.3,1.0,0.5,4.41,0.0,1.0,26.46,2.5,0.0,0.75,2025-12-01,2025-12-01,0,0,12,2,Monday,13.78,5.66
2,2025-12-01T00:29:33.000+05:30,2025-12-01T00:35:22.000+05:30,2,1.51,1,N,114,164,1,9.3,1.0,0.5,3.01,0.0,1.0,18.06,2.5,0.0,0.75,2025-12-01,2025-12-01,0,0,12,2,Monday,5.82,6.16
2,2025-12-01T00:43:35.000+05:30,2025-12-01T00:55:45.000+05:30,1,3.52,1,N,186,238,1,17.0,1.0,0.5,5.69,0.0,1.0,28.44,2.5,0.0,0.75,2025-12-01,2025-12-01,0,0,12,2,Monday,12.17,4.83
2,2025-12-01T00:41:40.000+05:30,2025-12-01T00:57:30.000+05:30,1,4.65,1,N,249,238,1,21.2,1.0,0.5,8.09,0.0,1.0,35.04,2.5,0.0,0.75,2025-12-01,2025-12-01,0,0,12,2,Monday,15.83,4.56
2,2025-12-01T00:06:22.000+05:30,2025-12-01T00:11:26.000+05:30,2,1.62,1,N,234,162,1,8.6,1.0,0.5,2.87,0.0,1.0,17.22,2.5,0.0,0.75,2025-12-01,2025-12-01,0,0,12,2,Monday,5.07,5.31
2,2025-12-01T00:24:54.000+05:30,2025-12-01T00:40:43.000+05:30,1,10.69,1,N,132,255,1,40.8,1.0,0.5,25.0,0.0,1.0,70.05,0.0,1.75,0.0,2025-12-01,2025-12-01,0,0,12,2,Monday,15.82,3.82
2,2025-12-01T00:39:59.000+05:30,2025-12-01T00:58:24.000+05:30,1,8.93,1,N,138,238,1,35.9,6.0,0.5,15.1,6.94,1.0,67.19,0.0,1.75,0.0,2025-12-01,2025-12-01,0,0,12,2,Monday,18.42,4.02
1,2025-12-01T00:52:04.000+05:30,2025-12-01T01:17:44.000+05:30,1,16.3,2,N,132,164,1,81.69,3.25,0.5,0.0,6.94,1.0,93.38,2.5,0.0,0.75,2025-12-01,2025-12-01,0,1,12,2,Monday,25.67,5.01
2,2025-12-01T00:03:18.000+05:30,2025-12-01T00:21:37.000+05:30,1,5.28,1,N,186,87,1,26.1,1.0,0.5,6.37,0.0,1.0,38.22,2.5,0.0,0.75,2025-12-01,2025-12-01,0,0,12,2,Monday,18.32,4.94
2,2025-12-01T00:27:15.000+05:30,2025-12-01T00:30:58.000+05:30,1,0.52,1,N,161,230,1,5.8,1.0,0.5,2.31,0.0,1.0,13.86,2.5,0.0,0.75,2025-12-01,2025-12-01,0,0,12,2,Monday,3.72,11.15
2,2025-12-01T00:34:24.000+05:30,2025-12-01T00:54:03.000+05:30,1,4.34,1,N,230,179,1,23.3,1.0,0.5,5.81,0.0,1.0,34.86,2.5,0.0,0.75,2025-12-01,2025-12-01,0,0,12,2,Monday,19.65,5.37
2,2025-12-01T00:20:30.000+05:30,2025-12-01T00:49:12.000+05:30,2,26.78,1,N,132,40,1,96.8,1.0,0.5,19.86,0.0,1.0,120.91,0.0,1.75,0.0,2025-12-01,2025-12-01,0,0,12,2,Monday,28.7,3.61
1,2025-12-01T00:38:38.000+05:30,2025-12-01T00:47:02.000+05:30,1,1.0,1,N,186,246,1,8.6,4.25,0.5,1.5,0.0,1.0,15.85,2.5,0.0,0.75,2025-12-01,2025-12-01,0,0,12,2,Monday,8.4,8.6
2,2025-12-01T00:00:50.000+05:30,2025-12-01T00:22:52.000+05:30,1,11.21,1,N,138,142,1,44.3,6.0,0.5,6.37,6.94,1.0,70.11,2.5,1.75,0.75,2025-12-01,2025-12-01,0,0,12,2,Monday,22.03,3.95
2,2025-12-01T00:18:27.000+05:30,2025-12-01T00:27:25.000+05:30,1,1.65,1,N,162,68,1,10.7,1.0,0.5,3.29,0.0,1.0,19.74,2.5,0.0,0.75,2025-12-01,2025-12-01,0,0,12,2,Monday,8.97,6.48
1,2025-12-01T00:38:49.000+05:30,2025-12-01T00:51:17.000+05:30,1,2.4,1,N,68,79,1,13.5,4.25,0.5,3.85,0.0,1.0,23.1,2.5,0.0,0.75,2025-12-01,2025-12-01,0,0,12,2,Monday,12.47,5.63
2,2025-12-01T00:14:51.000+05:30,2025-12-01T00:22:20.000+05:30,1,2.14,1,N,229,263,1,10.0,1.0,0.5,3.15,0.0,1.0,18.9,2.5,0.0,0.75,2025-12-01,2025-12-01,0,0,12,2,Monday,7.48,4.67
2,2025-12-01T00:34:05.000+05:30,2025-12-01T00:38:56.000+05:30,1,1.08,1,N,164,90,1,7.9,1.0,0.5,5.0,0.0,1.0,18.65,2.5,0.0,0.75,2025-12-01,2025-12-01,0,0,12,2,Monday,4.85,7.31
2,2025-12-01T00:41:42.000+05:30,2025-12-01T00:45:13.000+05:30,1,1.13,1,N,186,48,1,6.5,1.0,0.5,1.0,0.0,1.0,13.25,2.5,0.0,0.75,2025-12-01,2025-12-01,0,0,12,2,Monday,3.52,5.75
2,2025-12-01T00:58:43.000+05:30,2025-12-01T01:14:49.000+05:30,1,5.12,1,N,68,41,1,23.3,1.0,0.5,7.26,0.0,1.0,36.31,2.5,0.0,0.75,2025-12-01,2025-12-01,0,1,12,2,Monday,16.1,4.55
2,2025-12-01T00:26:13.000+05:30,2025-12-01T00:30:48.000+05:30,1,1.4,1,N,231,113,1,7.9,1.0,0.5,2.0,0.0,1.0,15.65,2.5,0.0,0.75,2025-12-01,2025-12-01,0,0,12,2,Monday,4.58,5.64
2,2025-12-01T00:09:35.000+05:30,2025-12-01T00:15:50.000+05:30,1,1.57,1,N,87,232,1,9.3,1.0,0.5,3.01,0.0,1.0,18.06,2.5,0.0,0.75,2025-12-01,2025-12-01,0,0,12,2,Monday,6.25,5.92
2,2025-12-01T00:35:46.000+05:30,2025-12-01T00:40:27.000+05:30,1,0.96,1,N,143,48,1,7.2,1.0,0.5,5.0,0.0,1.0,17.95,2.5,0.0,0.75,2025-12-01,2025-12-01,0,0,12,2,Monday,4.68,7.5
2,2025-12-01T00:43:17.000+05:30,2025-12-01T00:57:41.000+05:30,1,3.93,1,N,68,238,1,19.8,1.0,0.5,2.0,0.0,1.0,27.55,2.5,0.0,0.75,2025-12-01,2025-12-01,0,0,12,2,Monday,14.4,5.04
2,2025-12-01T00:15:15.000+05:30,2025-12-01T00:34:39.000+05:30,1,6.61,1,N,138,166,1,30.3,6.0,0.5,8.95,6.94,1.0,55.44,0.0,1.75,0.0,2025-12-01,2025-12-01,0,0,12,2,Monday,19.4,4.58
2,2025-12-01T00:08:01.000+05:30,2025-12-01T00:18:18.000+05:30,3,2.86,1,N,138,7,1,14.9,6.0,0.5,4.83,0.0,1.0,28.98,0.0,1.75,0.0,2025-12-01,2025-12-01,0,0,12,2,Monday,10.28,5.21
2,2025-12-01T00:31:23.000+05:30,2025-12-01T00:49:51.000+05:30,1,9.93,1,N,138,237,1,40.1,6.0,0.5,11.76,6.94,1.0,70.55,2.5,1.75,0.0,2025-12-01,2025-12-01,0,0,12,2,Monday,18.47,4.04
1,2025-12-01T00:46:56.000+05:30,2025-12-01T00:54:39.000+05:30,2,1.3,1,N,162,246,1,9.3,4.25,0.5,0.0,0.0,1.0,15.05,2.5,0.0,0.75,2025-12-01,2025-12-01,0,0,12,2,Monday,7.72,7.15
2,2025-12-01T00:06:15.000+05:30,2025-12-01T00:23:23.000+05:30,1,3.05,1,N,68,144,1,18.4,1.0,0.5,4.83,0.0,1.0,28.98,2.5,0.0,0.75,2025-12-01,2025-12-01,0,0,12,2,Monday,17.13,6.03
2,2025-12-01T00:39:27.000+05:30,2025-12-01T00:53:48.000+05:30,1,3.83,1,N,249,141,1,18.4,1.0,0.5,4.0,0.0,1.0,28.15,2.5,0.0,0.75,2025-12-01,2025-12-01,0,0,12,2,Monday,14.35,4.8
2,2025-12-01T00:25:05.000+05:30,2025-12-01T00:31:25.000+05:30,1,1.19,1,N,236,141,1,8.6,1.0,0.5,4.08,0.0,1.0,17.68,2.5,0.0,0.0,2025-12-01,2025-12-01,0,0,12,2,Monday,6.33,7.23
1,2025-12-01T00:10:44.000+05:30,2025-12-01T00:15:23.000+05:30,1,1.6,1,N,142,151,1,8.6,3.5,0.5,2.7,0.0,1.0,16.3,2.5,0.0,0.0,2025-12-01,2025-12-01,0,0,12,2,Monday,4.65,5.37
1,2025-12-01T00:25:27.000+05:30,2025-12-01T00:40:59.000+05:30,1,3.5,1,N,239,249,1,17.7,4.25,0.5,4.7,0.0,1.0,28.15,2.5,0.0,0.75,2025-12-01,2025-12-01,0,0,12,2,Monday,15.53,5.06
2,2025-12-01T00:09:47.000+05:30,2025-12-01T00:37:37.000+05:30,1,10.53,1,N,138,48,1,43.6,6.0,0.5,6.0,6.94,1.0,69.04,2.5,1.75,0.75,2025-12-01,2025-12-01,0,0,12,2,Monday,27.83,4.14
1,2025-12-01T00:40:41.000+05:30,2025-12-01T00:51:56.000+05:30,1,2.7,1,N,158,161,1,13.5,4.25,0.5,3.85,0.0,1.0,23.1,2.5,0.0,0.75,2025-12-01,2025-12-01,0,0,12,2,Monday,11.25,5.0
1,2025-12-01T00:10:16.000+05:30,2025-12-01T00:14:49.000+05:30,1,1.2,1,N,234,113,1,7.2,4.25,0.5,0.0,0.0,1.0,12.95,2.5,0.0,0.75,2025-12-01,2025-12-01,0,0,12,2,Monday,4.55,6.0
1,2025-12-01T00:31:12.000+05:30,2025-12-01T00:41:20.000+05:30,1,2.9,1,N,79,87,1,14.2,4.25,0.5,4.0,0.0,1.0,23.95,2.5,0.0,0.75,2025-12-01,2025-12-01,0,0,12,2,Monday,10.13,4.9
1,2025-12-01T00:53:11.000+05:30,2025-12-01T00:58:38.000+05:30,1,1.3,1,N,249,107,1,7.9,4.25,0.5,2.75,0.0,1.0,16.4,2.5,0.0,0.75,2025-12-01,2025-12-01,0,0,12,2,Monday,5.45,6.08
2,2025-12-01T00:07:35.000+05:30,2025-12-01T00:17:09.000+05:30,1,3.71,1,N,138,179,1,17.7,6.0,0.5,5.04,0.0,1.0,31.99,0.0,1.75,0.0,2025-12-01,2025-12-01,0,0,12,2,Monday,9.57,4.77
2,2025-12-01T00:01:11.000+05:30,2025-12-01T00:16:21.000+05:30,1,3.34,1,N,186,151,1,17.7,1.0,0.5,3.0,0.0,1.0,26.45,2.5,0.0,0.75,2025-12-01,2025-12-01,0,0,12,2,Monday,15.17,5.3
2,2025-12-01T00:41:54.000+05:30,2025-12-01T00:49:53.000+05:30,1,1.77,1,N,79,234,1,10.7,1.0,0.5,0.0,0.0,1.0,16.45,2.5,0.0,0.75,2025-12-01,2025-12-01,0,0,12,2,Monday,7.98,6.05
2,2025-12-01T00:14:11.000+05:30,2025-12-01T00:32:37.000+05:30,1,10.02,1,N,138,237,1,40.1,6.0,0.5,10.0,6.94,1.0,68.79,2.5,1.75,0.0,2025-12-01,2025-12-01,0,0,12,2,Monday,18.43,4.0
2,2025-12-01T00:27:23.000+05:30,2025-12-01T01:06:42.000+05:30,1,18.86,1,N,1,142,1,73.7,1.0,0.5,0.0,14.06,1.0,95.46,2.5,0.0,0.75,2025-12-01,2025-12-01,0,1,12,2,Monday,39.32,3.91
1,2025-12-01T00:51:37.000+05:30,2025-12-01T01:23:56.000+05:30,2,19.0,2,N,132,264,1,70.0,5.0,0.5,15.3,0.0,1.0,91.8,2.5,1.75,0.75,2025-12-01,2025-12-01,0,1,12,2,Monday,32.32,3.68
2,2025-12-01T00:10:09.000+05:30,2025-12-01T00:38:14.000+05:30,1,15.59,1,N,132,255,1,60.4,1.0,0.5,12.58,0.0,1.0,77.23,0.0,1.75,0.0,2025-12-01,2025-12-01,0,0,12,2,Monday,28.08,3.87
2,2025-12-01T00:02:59.000+05:30,2025-12-01T00:16:03.000+05:30,1,2.18,1,N,249,261,1,14.9,1.0,0.5,4.13,0.0,1.0,24.78,2.5,0.0,0.75,2025-12-01,2025-12-01,0,0,12,2,Monday,13.07,6.83
2,2025-12-01T00:03:50.000+05:30,2025-12-01T00:08:54.000+05:30,1,2.54,1,N,132,10,1,12.1,1.0,0.5,2.92,0.0,1.0,19.27,0.0,1.75,0.0,2025-12-01,2025-12-01,0,0,12,2,Monday,5.07,4.76
2,2025-12-01T00:59:20.000+05:30,2025-12-01T01:29:37.000+05:30,1,17.74,1,N,132,49,1,66.7,1.0,0.5,13.84,0.0,1.0,84.79,0.0,1.75,0.0,2025-12-01,2025-12-01,0,1,12,2,Monday,30.28,3.76
2,2025-12-01T00:15:04.000+05:30,2025-12-01T00:37:42.000+05:30,1,10.02,1,N,138,61,1,40.8,6.0,0.5,9.66,0.0,1.0,59.71,0.0,1.75,0.0,2025-12-01,2025-12-01,0,0,12,2,Monday,22.63,4.07
2,2025-12-01T00:17:59.000+05:30,2025-12-01T00:43:22.000+05:30,2,15.29,1,N,132,145,1,56.9,1.0,0.5,7.0,0.0,1.0,68.15,0.0,1.75,0.0,2025-12-01,2025-12-01,0,0,12,2,Monday,25.38,3.72
1,2025-12-01T00:04:08.000+05:30,2025-12-01T00:34:54.000+05:30,1,7.9,1,N,100,49,1,37.3,4.25,0.5,10.75,0.0,1.0,53.8,2.5,0.0,0.75,2025-12-01,2025-12-01,0,0,12,2,Monday,30.77,4.72
2,2025-11-30T23:57:36.000+05:30,2025-12-01T00:01:47.000+05:30,2,0.82,1,N,48,48,1,6.5,1.0,0.5,0.0,0.0,1.0,12.25,2.5,0.0,0.75,2025-11-30,2025-12-01,23,0,11,1,Sunday,4.18,7.93
2,2025-12-01T00:04:22.000+05:30,2025-12-02T00:01:47.000+05:30,2,3.03,1,N,48,24,1,14.9,1.0,0.5,0.0,0.0,1.0,20.65,2.5,0.0,0.75,2025-12-01,2025-12-02,0,0,12,2,Monday,1437.42,4.92
2,2025-12-01T00:22:20.000+05:30,2025-12-01T00:31:14.000+05:30,2,2.85,1,N,142,164,1,13.5,1.0,0.5,4.81,0.0,1.0,24.06,2.5,0.0,0.75,2025-12-01,2025-12-01,0,0,12,2,Monday,8.9,4.74
2,2025-12-01T00:09:32.000+05:30,2025-12-01T00:19:13.000+05:30,1,2.21,1,N,143,236,1,12.8,1.0,0.5,2.67,0.0,1.0,20.47,2.5,0.0,0.0,2025-12-01,2025-12-01,0,0,12,2,Monday,9.68,5.79
2,2025-12-01T00:31:24.000+05:30,2025-12-01T01:01:21.000+05:30,1,9.98,1,N,143,181,1,43.6,1.0,0.5,11.26,6.94,1.0,67.55,2.5,0.0,0.75,2025-12-01,2025-12-01,0,1,12,2,Monday,29.95,4.37
2,2025-12-01T00:46:16.000+05:30,2025-12-01T01:14:56.000+05:30,1,20.85,4,N,132,265,1,122.7,1.0,0.5,25.04,0.0,1.0,151.99,0.0,1.75,0.0,2025-12-01,2025-12-01,0,1,12,2,Monday,28.67,5.88
2,2025-12-01T00:06:25.000+05:30,2025-12-01T00:11:55.000+05:30,1,1.67,1,N,141,233,1,9.3,1.0,0.5,3.01,0.0,1.0,18.06,2.5,0.0,0.75,2025-12-01,2025-12-01,0,0,12,2,Monday,5.5,5.57
1,2025-12-01T00:06:43.000+05:30,2025-12-01T00:15:22.000+05:30,1,2.2,1,N,143,68,2,12.1,4.25,0.5,0.0,0.0,1.0,17.85,2.5,0.0,0.75,2025-12-01,2025-12-01,0,0,12,2,Monday,8.65,5.5
1,2025-12-01T00:43:15.000+05:30,2025-12-01T00:56:05.000+05:30,1,2.6,1,N,107,87,2,14.9,4.25,0.5,0.0,0.0,1.0,20.65,2.5,0.0,0.75,2025-12-01,2025-12-01,0,0,12,2,Monday,12.83,5.73
1,2025-12-01T00:09:14.000+05:30,2025-12-01T00:31:39.000+05:30,1,7.5,99,N,232,41,1,31.5,0.0,0.5,0.0,0.0,0.0,32.0,0.0,0.0,0.0,2025-12-01,2025-12-01,0,0,12,2,Monday,22.42,4.2
2,2025-12-01T00:02:39.000+05:30,2025-12-01T00:16:37.000+05:30,1,2.19,1,N,68,233,1,14.2,1.0,0.5,3.99,0.0,1.0,23.94,2.5,0.0,0.75,2025-12-01,2025-12-01,0,0,12,2,Monday,13.97,6.48
1,2025-12-01T00:34:11.000+05:30,2025-12-01T00:52:58.000+05:30,1,9.7,1,N,138,237,1,38.0,10.25,0.5,11.35,6.94,1.0,68.04,2.5,1.75,0.0,2025-12-01,2025-12-01,0,0,12,2,Monday,18.78,3.92
2,2025-12-01T00:11:50.000+05:30,2025-12-01T00:23:43.000+05:30,1,2.75,1,N,138,7,1,15.6,6.0,0.5,5.78,0.0,1.0,30.63,0.0,1.75,0.0,2025-12-01,2025-12-01,0,0,12,2,Monday,11.88,5.67
2,2025-12-01T00:41:26.000+05:30,2025-12-01T01:10:08.000+05:30,2,18.92,2,N,132,114,1,70.0,0.0,0.5,0.0,0.0,1.0,76.5,2.5,1.75,0.75,2025-12-01,2025-12-01,0,1,12,2,Monday,28.7,3.7
2,2025-12-01T00:56:50.000+05:30,2025-12-01T01:34:44.000+05:30,1,20.31,2,N,132,90,1,70.0,0.0,0.5,4.0,6.94,1.0,87.44,2.5,1.75,0.75,2025-12-01,2025-12-01,0,1,12,2,Monday,37.9,3.45
1,2025-12-01T00:00:00.000+05:30,2025-12-01T00:10:21.000+05:30,1,2.6,1,N,234,142,1,13.5,4.25,0.5,4.8,0.0,1.0,24.05,2.5,0.0,0.75,2025-12-01,2025-12-01,0,0,12,2,Monday,10.35,5.19
2,2025-12-01T00:40:07.000+05:30,2025-12-01T00:50:48.000+05:30,1,1.81,1,N,234,114,4,12.1,1.0,0.5,0.0,0.0,1.0,17.85,2.5,0.0,0.75,2025-12-01,2025-12-01,0,0,12,2,Monday,10.68,6.69
2,2025-12-01T00:56:05.000+05:30,2025-12-01T01:08:41.000+05:30,1,4.11,1,N,79,262,1,17.7,1.0,0.5,1.0,0.0,1.0,24.45,2.5,0.0,0.75,2025-12-01,2025-12-01,0,1,12,2,Monday,12.6,4.31
2,2025-12-01T00:03:47.000+05:30,2025-12-01T00:11:08.000+05:30,2,1.27,1,N,239,50,1,9.3,1.0,0.5,3.01,0.0,1.0,18.06,2.5,0.0,0.75,2025-12-01,2025-12-01,0,0,12,2,Monday,7.35,7.32
2,2025-12-01T00:15:14.000+05:30,2025-12-01T00:34:35.000+05:30,4,3.86,1,N,142,125,2,21.9,1.0,0.5,0.0,0.0,1.0,27.65,2.5,0.0,0.75,2025-12-01,2025-12-01,0,0,12,2,Monday,19.35,5.67
2,2025-12-01T00:43:47.000+05:30,2025-12-01T00:58:11.000+05:30,1,2.98,1,N,186,79,1,17.0,1.0,0.5,4.55,0.0,1.0,27.3,2.5,0.0,0.75,2025-12-01,2025-12-01,0,0,12,2,Monday,14.4,5.7
1,2025-12-01T00:08:18.000+05:30,2025-12-01T00:19:22.000+05:30,1,1.9,1,N,239,140,1,12.1,3.5,0.5,4.3,0.0,1.0,21.4,2.5,0.0,0.0,2025-12-01,2025-12-01,0,0,12,2,Monday,11.07,6.37
2,2025-12-01T00:42:28.000+05:30,2025-12-01T01:21:13.000+05:30,1,23.53,2,N,132,50,1,70.0,0.0,0.5,20.42,6.94,1.0,103.86,2.5,1.75,0.75,2025-12-01,2025-12-01,0,1,12,2,Monday,38.75,2.97
2,2025-12-01T00:36:53.000+05:30,2025-12-01T00:42:47.000+05:30,1,1.29,1,N,229,233,1,8.6,1.0,0.5,1.44,0.0,1.0,15.79,2.5,0.0,0.75,2025-12-01,2025-12-01,0,0,12,2,Monday,5.9,6.67
2,2025-12-01T00:28:54.000+05:30,2025-12-01T00:37:59.000+05:30,2,1.74,1,N,141,163,1,12.1,1.0,0.5,2.0,0.0,1.0,19.85,2.5,0.0,0.75,2025-12-01,2025-12-01,0,0,12,2,Monday,9.08,6.95
1,2025-12-01T00:12:08.000+05:30,2025-12-01T00:19:06.000+05:30,2,2.0,1,N,230,236,2,10.0,4.25,0.5,0.0,0.0,1.0,15.75,2.5,0.0,0.75,2025-12-01,2025-12-01,0,0,12,2,Monday,6.97,5.0
1,2025-12-01T00:22:55.000+05:30,2025-12-01T00:25:39.000+05:30,1,0.4,1,N,236,75,2,5.1,3.5,0.5,0.0,0.0,1.0,10.1,2.5,0.0,0.0,2025-12-01,2025-12-01,0,0,12,2,Monday,2.73,12.75
2,2025-12-01T00:29:49.000+05:30,2025-12-01T00:38:24.000+05:30,1,3.56,1,N,263,107,2,15.6,1.0,0.5,0.0,0.0,1.0,21.35,2.5,0.0,0.75,2025-12-01,2025-12-01,0,0,12,2,Monday,8.58,4.38
2,2025-12-01T00:12:38.000+05:30,2025-12-01T00:19:27.000+05:30,4,0.72,1,N,164,233,1,7.9,1.0,0.5,2.73,0.0,1.0,16.38,2.5,0.0,0.75,2025-12-01,2025-12-01,0,0,12,2,Monday,6.82,10.97
2,2025-12-01T00:05:07.000+05:30,2025-12-01T00:16:38.000+05:30,1,2.25,1,N,79,246,2,14.2,1.0,0.5,0.0,0.0,1.0,19.95,2.5,0.0,0.75,2025-12-01,2025-12-01,0,0,12,2,Monday,11.52,6.31
2,2025-12-01T00:34:47.000+05:30,2025-12-01T00:40:55.000+05:30,1,2.19,1,N,48,239,1,10.7,1.0,0.5,1.0,0.0,1.0,17.45,2.5,0.0,0.75,2025-12-01,2025-12-01,0,0,12,2,Monday,6.13,4.89
2,2025-12-01T00:14:37.000+05:30,2025-12-01T00:49:50.000+05:30,1,27.48,1,N,132,33,2,100.3,1.0,0.5,0.0,0.0,1.0,104.55,0.0,1.75,0.0,2025-12-01,2025-12-01,0,0,12,2,Monday,35.22,3.65
1,2025-12-01T00:17:30.000+05:30,2025-12-01T00:31:29.000+05:30,1,3.4,1,N,237,90,1,16.3,4.25,0.5,4.0,0.0,1.0,26.05,2.5,0.0,0.75,2025-12-01,2025-12-01,0,0,12,2,Monday,13.98,4.79
2,2025-12-01T00:03:52.000+05:30,2025-12-01T00:13:33.000+05:30,1,0.0,1,N,230,107,1,9.3,1.0,0.5,3.76,0.0,1.0,18.81,2.5,0.0,0.75,2025-12-01,2025-12-01,0,0,12,2,Monday,9.68,
2,2025-12-01T00:30:14.000+05:30,2025-12-01T00:42:26.000+05:30,1,2.63,1,N,186,4,1,15.6,1.0,0.5,4.27,0.0,1.0,25.62,2.5,0.0,0.75,2025-12-01,2025-12-01,0,0,12,2,Monday,12.2,5.93
2,2025-12-01T00:55:50.000+05:30,2025-12-01T01:23:25.000+05:30,1,10.87,1,N,138,142,1,45.7,6.0,0.5,12.53,6.94,1.0,76.92,2.5,1.75,0.0,2025-12-01,2025-12-01,0,1,12,2,Monday,27.58,4.2
2,2025-12-01T00:41:48.000+05:30,2025-12-01T00:49:05.000+05:30,1,1.85,1,N,186,50,1,10.0,1.0,0.5,2.0,0.0,1.0,17.75,2.5,0.0,0.75,2025-12-01,2025-12-01,0,0,12,2,Monday,7.28,5.41
2,2025-12-01T00:14:02.000+05:30,2025-12-01T00:15:52.000+05:30,1,0.49,1,N,90,249,1,4.4,1.0,0.5,2.0,0.0,1.0,12.15,2.5,0.0,0.75,2025-12-01,2025-12-01,0,0,12,2,Monday,1.83,8.98
2,2025-12-01T00:48:07.000+05:30,2025-12-01T01:18:33.000+05:30,1,17.88,2,N,132,90,1,70.0,0.0,0.5,16.34,6.94,1.0,99.78,2.5,1.75,0.75,2025-12-01,2025-12-01,0,1,12,2,Monday,30.43,3.91
2,2025-12-01T00:39:12.000+05:30,2025-12-01T01:10:37.000+05:30,1,17.83,2,N,132,50,1,70.0,0.0,0.5,16.34,6.94,1.0,99.78,2.5,1.75,0.75,2025-12-01,2025-12-01,0,1,12,2,Monday,31.42,3.93
1,2025-12-01T00:14:56.000+05:30,2025-12-01T00:36:03.000+05:30,1,9.3,1,N,138,17,1,38.0,7.75,0.5,9.45,0.0,1.0,56.7,0.0,1.75,0.0,2025-12-01,2025-12-01,0,0,12,2,Monday,21.12,4.09
2,2025-12-01T00:59:10.000+05:30,2025-12-01T01:21:58.000+05:30,1,9.74,1,N,138,211,1,40.8,6.0,0.5,10.31,0.0,1.0,63.61,2.5,1.75,0.75,2025-12-01,2025-12-01,0,1,12,2,Monday,22.8,4.19
2,2025-12-01T00:13:03.000+05:30,2025-12-01T00:26:03.000+05:30,1,2.45,1,N,237,43,1,14.9,1.0,0.5,3.1,0.0,1.0,23.75,2.5,0.0,0.75,2025-12-01,2025-12-01,0,0,12,2,Monday,13.0,6.08
2,2025-12-01T00:14:20.000+05:30,2025-12-01T00:24:26.000+05:30,2,1.51,1,N,239,24,1,12.1,1.0,0.5,4.28,0.0,1.0,21.38,2.5,0.0,0.0,2025-12-01,2025-12-01,0,0,12,2,Monday,10.1,8.01
2,2025-12-01T00:40:37.000+05:30,2025-12-01T00:58:14.000+05:30,1,4.81,1,N,142,148,1,21.9,1.0,0.5,1.0,0.0,1.0,28.65,2.5,0.0,0.75,2025-12-01,2025-12-01,0,0,12,2,Monday,17.62,4.55
2,2025-12-01T00:05:35.000+05:30,2025-12-01T00:12:46.000+05:30,1,1.3,1,N,114,90,1,9.3,1.0,0.5,3.76,0.0,1.0,18.81,2.5,0.0,0.75,2025-12-01,2025-12-01,0,0,12,2,Monday,7.18,7.15
2,2025-12-01T00:51:46.000+05:30,2025-12-01T00:51:54.000+05:30,1,0.0,5,N,126,126,1,40.0,0.0,0.0,12.3,0.0,1.0,53.3,0.0,0.0,0.0,2025-12-01,2025-12-01,0,0,12,2,Monday,0.13,
2,2025-12-01T00:08:49.000+05:30,2025-12-01T00:14:00.000+05:30,2,0.86,1,N,90,68,1,7.2,1.0,0.5,3.88,0.0,1.0,16.83,2.5,0.0,0.75,2025-12-01,2025-12-01,0,0,12,2,Monday,5.18,8.37
2,2025-12-01T00:03:50.000+05:30,2025-12-01T00:17:37.000+05:30,1,3.14,1,N,230,231,1,16.3,1.0,0.5,4.41,0.0,1.0,26.46,2.5,0.0,0.75,2025-12-01,2025-12-01,0,0,12,2,Monday,13.78,5.19
2,2025-12-01T00:50:35.000+05:30,2025-12-01T00:56:44.000+05:30,1,0.75,1,N,79,113,1,7.9,1.0,0.5,2.73,0.0,1.0,16.38,2.5,0.0,0.75,2025-12-01,2025-12-01,0,0,12,2,Monday,6.15,10.53
2,2025-12-01T00:21:29.000+05:30,2025-12-01T00:28:44.000+05:30,1,1.65,1,N,114,261,1,10.0,1.0,0.5,3.15,0.0,1.0,18.9,2.5,0.0,0.75,2025-12-01,2025-12-01,0,0,12,2,Monday,7.25,6.06
2,2025-12-01T00:41:42.000+05:30,2025-12-01T00:52:22.000+05:30,2,2.54,1,N,114,230,1,13.5,1.0,0.5,3.85,0.0,1.0,23.1,2.5,0.0,0.75,2025-12-01,2025-12-01,0,0,12,2,Monday,10.67,5.31
1,2025-12-01T00:31:00.000+05:30,2025-12-01T00:37:32.000+05:30,1,1.7,1,N,230,43,2,9.3,4.25,0.5,0.0,0.0,1.0,15.05,2.5,0.0,0.75,2025-12-01,2025-12-01,0,0,12,2,Monday,6.53,5.47
2,2025-12-01T00:21:31.000+05:30,2025-12-01T00:45:30.000+05:30,1,9.91,1,N,70,236,1,40.1,6.0,0.5,2.0,0.0,1.0,53.85,2.5,1.75,0.0,2025-12-01,2025-12-01,0,0,12,2,Monday,23.98,4.05
2,2025-12-01T00:52:06.000+05:30,2025-12-01T01:16:21.000+05:30,1,16.93,2,N,132,164,1,70.0,0.0,0.5,10.0,6.94,1.0,93.44,2.5,1.75,0.75,2025-12-01,2025-12-01,0,1,12,2,Monday,24.25,4.13
2,2025-12-01T00:32:35.000+05:30,2025-12-01T00:43:30.000+05:30,2,2.96,1,N,7,138,2,15.6,6.0,0.5,0.0,0.0,1.0,23.1,0.0,0.0,0.0,2025-12-01,2025-12-01,0,0,12,2,Monday,10.92,5.27
2,2025-12-01T00:06:19.000+05:30,2025-12-01T00:25:56.000+05:30,1,5.32,1,N,48,33,1,24.0,1.0,0.5,7.44,0.0,1.0,37.19,2.5,0.0,0.75,2025-12-01,2025-12-01,0,0,12,2,Monday,19.62,4.51
2,2025-12-01T00:16:48.000+05:30,2025-12-01T00:23:11.000+05:30,1,1.16,1,N,249,164,1,8.6,1.0,0.5,2.87,0.0,1.0,17.22,2.5,0.0,0.75,2025-12-01,2025-12-01,0,0,12,2,Monday,6.38,7.41
2,2025-12-01T00:39:05.000+05:30,2025-12-01T00:45:24.000+05:30,1,1.08,1,N,68,246,1,7.9,1.0,0.5,2.73,0.0,1.0,16.38,2.5,0.0,0.75,2025-12-01,2025-12-01,0,0,12,2,Monday,6.32,7.31
2,2025-12-01T00:02:20.000+05:30,2025-12-01T00:14:08.000+05:30,1,2.95,1,N,48,114,1,14.2,1.0,0.5,4.99,0.0,1.0,24.94,2.5,0.0,0.75,2025-12-01,2025-12-01,0,0,12,2,Monday,11.8,4.81
2,2025-12-01T00:34:09.000+05:30,2025-12-01T00:58:11.000+05:30,1,17.45,2,N,132,164,1,70.0,0.0,0.5,20.42,6.94,1.0,103.86,2.5,1.75,0.75,2025-12-01,2025-12-01,0,0,12,2,Monday,24.03,4.01
2,2025-12-01T00:02:53.000+05:30,2025-12-01T00:05:18.000+05:30,1,0.44,1,N,249,158,2,5.1,1.0,0.5,0.0,0.0,1.0,10.85,2.5,0.0,0.75,2025-12-01,2025-12-01,0,0,12,2,Monday,2.42,11.59
2,2025-12-01T00:19:55.000+05:30,2025-12-01T00:25:33.000+05:30,1,1.04,1,N,144,107,2,7.9,1.0,0.5,0.0,0.0,1.0,13.65,2.5,0.0,0.75,2025-12-01,2025-12-01,0,0,12,2,Monday,5.63,7.6
2,2025-12-01T00:33:52.000+05:30,2025-12-01T00:37:15.000+05:30,1,0.08,1,N,234,113,4,3.7,1.0,0.5,0.0,0.0,1.0,9.45,2.5,0.0,0.75,2025-12-01,2025-12-01,0,0,12,2,Monday,3.38,46.25
1,2025-12-01T00:21:01.000+05:30,2025-12-01T00:45:29.000+05:30,0,8.5,1,N,249,264,1,37.3,4.25,0.5,0.0,6.94,1.0,49.99,2.5,0.0,0.75,2025-12-01,2025-12-01,0,0,12,2,Monday,24.47,4.39
2,2025-12-01T00:34:08.000+05:30,2025-12-01T00:58:02.000+05:30,1,9.47,1,N,138,142,1,40.8,6.0,0.5,16.7,0.0,1.0,70.0,2.5,1.75,0.75,2025-12-01,2025-12-01,0,0,12,2,Monday,23.9,4.31
2,2025-12-01T00:10:10.000+05:30,2025-12-01T00:39:42.000+05:30,1,17.96,2,N,132,236,1,70.0,0.0,0.5,16.54,6.94,1.0,99.23,2.5,1.75,0.0,2025-12-01,2025-12-01,0,0,12,2,Monday,29.53,3.9
2,2025-12-01T00:03:39.000+05:30,2025-12-01T00:16:36.000+05:30,1,1.5,1,N,68,170,1,12.8,1.0,0.5,3.71,0.0,1.0,22.26,2.5,0.0,0.75,2025-12-01,2025-12-01,0,0,12,2,Monday,12.95,8.53
2,2025-12-01T00:08:51.000+05:30,2025-12-01T00:20:05.000+05:30,2,1.68,1,N,239,236,1,12.8,1.0,0.5,3.56,0.0,1.0,21.36,2.5,0.0,0.0,2025-12-01,2025-12-01,0,0,12,2,Monday,11.23,7.62
2,2025-12-01T00:04:07.000+05:30,2025-12-01T00:15:32.000+05:30,1,2.4,1,N,234,141,1,13.5,1.0,0.5,3.85,0.0,1.0,23.1,2.5,0.0,0.75,2025-12-01,2025-12-01,0,0,12,2,Monday,11.42,5.63
2,2025-12-01T00:20:36.000+05:30,2025-12-01T00:37:57.000+05:30,1,8.37,1,N,138,80,1,34.5,6.0,0.5,8.4,0.0,1.0,52.15,0.0,1.75,0.0,2025-12-01,2025-12-01,0,0,12,2,Monday,17.35,4.12
2,2025-12-01T00:21:07.000+05:30,2025-12-01T00:41:31.000+05:30,2,8.24,1,N,138,256,1,35.2,6.0,0.5,8.54,0.0,1.0,52.99,0.0,1.75,0.0,2025-12-01,2025-12-01,0,0,12,2,Monday,20.4,4.27
2,2025-12-01T00:02:30.000+05:30,2025-12-01T00:15:08.000+05:30,3,3.88,1,N,186,151,1,17.7,1.0,0.5,2.0,0.0,1.0,25.45,2.5,0.0,0.75,2025-12-01,2025-12-01,0,0,12,2,Monday,12.63,4.56
2,2025-12-01T00:33:27.000+05:30,2025-12-01T00:45:20.000+05:30,1,3.31,1,N,142,113,1,16.3,1.0,0.5,4.41,0.0,1.0,26.46,2.5,0.0,0.75,2025-12-01,2025-12-01,0,0,12,2,Monday,11.88,4.92
1,2025-12-01T00:06:45.000+05:30,2025-12-01T00:12:43.000+05:30,1,0.9,1,N,166,238,1,7.9,1.0,0.5,2.1,0.0,1.0,12.5,0.0,0.0,0.0,2025-12-01,2025-12-01,0,0,12,2,Monday,5.97,8.78
1,2025-12-01T00:17:17.000+05:30,2025-12-01T00:22:12.000+05:30,1,0.7,1,N,238,239,2,6.5,3.5,0.5,0.0,0.0,1.0,11.5,2.5,0.0,0.0,2025-12-01,2025-12-01,0,0,12,2,Monday,4.92,9.29
1,2025-12-01T00:41:55.000+05:30,2025-12-01T00:52:49.000+05:30,1,1.5,1,N,68,137,1,10.7,4.25,0.5,3.3,0.0,1.0,19.75,2.5,0.0,0.75,2025-12-01,2025-12-01,0,0,12,2,Monday,10.9,7.13
2,2025-12-01T00:05:19.000+05:30,2025-12-01T00:09:41.000+05:30,2,0.53,1,N,170,164,1,6.5,1.0,0.5,2.45,0.0,1.0,14.7,2.5,0.0,0.75,2025-12-01,2025-12-01,0,0,12,2,Monday,4.37,12.26
2,2025-12-01T00:11:23.000+05:30,2025-12-01T00:29:26.000+05:30,1,3.82,1,N,164,145,1,21.9,1.0,0.5,8.29,0.0,1.0,35.94,2.5,0.0,0.75,2025-12-01,2025-12-01,0,0,12,2,Monday,18.05,5.73
2,2025-12-01T00:01:06.000+05:30,2025-12-01T00:12:02.000+05:30,1,1.88,1,N,68,79,1,12.1,1.0,0.5,3.57,0.0,1.0,21.42,2.5,0.0,0.75,2025-12-01,2025-12-01,0,0,12,2,Monday,10.93,6.44
1,2025-12-01T00:02:20.000+05:30,2025-12-01T00:15:08.000+05:30,1,1.5,1,N,186,137,1,12.8,4.25,0.5,2.0,0.0,1.0,20.55,2.5,0.0,0.75,2025-12-01,2025-12-01,0,0,12,2,Monday,12.8,8.53
1,2025-12-01T00:25:14.000+05:30,2025-12-01T00:40:58.000+05:30,1,8.0,1,N,230,243,1,33.1,4.25,0.5,11.65,0.0,1.0,50.5,2.5,0.0,0.75,2025-12-01,2025-12-01,0,0,12,2,Monday,15.73,4.14
2,2025-12-01T00:22:48.000+05:30,2025-12-01T00:33:43.000+05:30,1,3.93,1,N,138,146,1,17.7,6.0,0.5,2.0,0.0,1.0,28.95,0.0,1.75,0.0,2025-12-01,2025-12-01,0,0,12,2,Monday,10.92,4.5
2,2025-12-01T00:07:48.000+05:30,2025-12-01T00:14:16.000+05:30,2,1.7,1,N,186,142,1,10.0,1.0,0.5,2.0,0.0,1.0,17.75,2.5,0.0,0.75,2025-12-01,2025-12-01,0,0,12,2,Monday,6.47,5.88
2,2025-12-01T00:38:31.000+05:30,2025-12-01T00:52:53.000+05:30,1,3.79,1,N,186,261,1,18.4,1.0,0.5,0.0,0.0,1.0,24.15,2.5,0.0,0.75,2025-12-01,2025-12-01,0,0,12,2,Monday,14.37,4.85
2,2025-12-01T00:35:30.000+05:30,2025-12-01T00:39:10.000+05:30,1,0.66,1,N,114,79,1,5.8,1.0,0.5,2.08,0.0,1.0,13.63,2.5,0.0,0.75,2025-12-01,2025-12-01,0,0,12,2,Monday,3.67,8.79
2,2025-12-01T00:12:54.000+05:30,2025-12-01T00:27:56.000+05:30,1,4.45,1,N,65,181,4,21.9,1.0,0.5,0.0,0.0,1.0,24.4,0.0,0.0,0.0,2025-12-01,2025-12-01,0,0,12,2,Monday,15.03,4.92
2,2025-12-01T00:01:15.000+05:30,2025-12-01T00:08:19.000+05:30,1,1.11,1,N,186,137,1,8.6,1.0,0.5,2.87,0.0,1.0,17.22,2.5,0.0,0.75,2025-12-01,2025-12-01,0,0,12,2,Monday,7.07,7.75
2,2025-12-01T00:20:27.000+05:30,2025-12-01T00:25:50.000+05:30,1,1.26,1,N,140,75,1,7.9,1.0,0.5,0.0,0.0,1.0,12.9,2.5,0.0,0.0,2025-12-01,2025-12-01,0,0,12,2,Monday,5.38,6.27
2,2025-12-01T00:19:22.000+05:30,2025-12-01T00:24:38.000+05:30,2,1.54,1,N,142,48,4,8.6,1.0,0.5,0.0,0.0,1.0,14.35,2.5,0.0,0.75,2025-12-01,2025-12-01,0,0,12,2,Monday,5.27,5.58
2,2025-12-01T00:10:01.000+05:30,2025-12-01T00:18:10.000+05:30,1,1.83,1,N,142,236,1,11.4,1.0,0.5,2.46,0.0,1.0,18.86,2.5,0.0,0.0,2025-12-01,2025-12-01,0,0,12,2,Monday,8.15,6.23
2,2025-12-01T00:28:05.000+05:30,2025-12-01T00:42:47.000+05:30,1,3.54,1,N,142,107,1,18.4,1.0,0.5,3.62,0.0,1.0,27.77,2.5,0.0,0.75,2025-12-01,2025-12-01,0,0,12,2,Monday,14.7,5.2
2,2025-12-01T00:30:21.000+05:30,2025-12-01T01:02:46.000+05:30,1,18.81,2,N,132,107,1,70.0,0.0,0.5,15.3,0.0,1.0,91.8,2.5,1.75,0.75,2025-12-01,2025-12-01,0,1,12,2,Monday,32.42,3.72
2,2025-12-01T00:09:23.000+05:30,2025-12-01T00:37:24.000+05:30,1,13.91,1,N,138,188,1,54.1,6.0,0.5,15.4,0.0,1.0,78.75,0.0,1.75,0.0,2025-12-01,2025-12-01,0,0,12,2,Monday,28.02,3.89
2,2025-12-01T00:48:54.000+05:30,2025-12-01T01:03:22.000+05:30,1,4.22,1,N,189,79,1,20.5,1.0,0.5,5.25,0.0,1.0,31.5,2.5,0.0,0.75,2025-12-01,2025-12-01,0,1,12,2,Monday,14.47,4.86
2,2025-12-01T00:25:22.000+05:30,2025-12-01T00:39:13.000+05:30,1,3.68,1,N,239,186,2,18.4,1.0,0.5,0.0,0.0,1.0,24.15,2.5,0.0,0.75,2025-12-01,2025-12-01,0,0,12,2,Monday,13.85,5.0
1,2025-12-01T00:11:58.000+05:30,2025-12-01T00:18:57.000+05:30,3,2.1,1,N,164,249,1,11.4,4.25,0.5,1.11,0.0,1.0,18.26,2.5,0.0,0.75,2025-12-01,2025-12-01,0,0,12,2,Monday,6.98,5.43
1,2025-12-01T00:33:45.000+05:30,2025-12-01T00:47:04.000+05:30,1,8.0,1,N,230,244,2,32.4,4.25,0.5,0.0,0.0,1.0,38.15,2.5,0.0,0.75,2025-12-01,2025-12-01,0,0,12,2,Monday,13.32,4.05
1,2025-12-01T00:53:03.000+05:30,2025-12-01T00:58:41.000+05:30,1,2.6,1,N,244,116,2,12.8,1.0,0.5,0.0,0.0,1.0,15.3,0.0,0.0,0.0,2025-12-01,2025-12-01,0,0,12,2,Monday,5.63,4.92
2,2025-12-01T00:55:59.000+05:30,2025-12-01T01:07:09.000+05:30,1,3.64,5,N,226,143,1,76.5,0.0,0.0,16.15,0.0,1.0,96.9,2.5,0.0,0.75,2025-12-01,2025-12-01,0,1,12,2,Monday,11.17,21.02
2,2025-12-01T00:34:44.000+05:30,2025-12-01T01:02:59.000+05:30,1,17.94,2,N,132,234,1,70.0,0.0,0.5,20.42,6.94,1.0,103.86,2.5,1.75,0.75,2025-12-01,2025-12-01,0,1,12,2,Monday,28.25,3.9
2,2025-12-01T00:41:41.000+05:30,2025-12-01T01:08:03.000+05:30,1,8.59,1,N,186,70,2,37.3,1.0,0.5,0.0,0.0,1.0,43.05,2.5,0.0,0.75,2025-12-01,2025-12-01,0,1,12,2,Monday,26.37,4.34
1,2025-12-01T00:01:05.000+05:30,2025-12-01T00:09:33.000+05:30,1,1.5,1,N,68,234,1,9.3,4.25,0.5,0.0,0.0,1.0,15.05,2.5,0.0,0.75,2025-12-01,2025-12-01,0,0,12,2,Monday,8.47,6.2
1,2025-12-01T00:16:50.000+05:30,2025-12-01T00:27:18.000+05:30,1,1.8,1,N,68,162,1,11.4,4.25,0.5,4.3,0.0,1.0,21.45,2.5,0.0,0.75,2025-12-01,2025-12-01,0,0,12,2,Monday,10.47,6.33
1,2025-12-01T00:39:42.000+05:30,2025-12-01T01:11:52.000+05:30,1,6.8,1,N,68,106,1,33.1,4.25,0.5,7.75,0.0,1.0,46.6,2.5,0.0,0.75,2025-12-01,2025-12-01,0,1,12,2,Monday,32.17,4.87
2,2025-12-01T00:09:10.000+05:30,2025-12-01T00:20:49.000+05:30,3,4.29,1,N,138,146,1,19.8,6.0,0.5,8.19,0.0,1.0,37.24,0.0,1.75,0.0,2025-12-01,2025-12-01,0,0,12,2,Monday,11.65,4.62
2,2025-12-01T00:43:46.000+05:30,2025-12-01T00:44:50.000+05:30,1,0.03,1,N,238,238,4,3.0,1.0,0.5,0.0,0.0,1.0,8.0,2.5,0.0,0.0,2025-12-01,2025-12-01,0,0,12,2,Monday,1.07,100.0
2,2025-12-01T00:05:54.000+05:30,2025-12-01T00:20:31.000+05:30,1,3.28,1,N,68,79,1,17.7,1.0,0.5,2.0,0.0,1.0,25.45,2.5,0.0,0.75,2025-12-01,2025-12-01,0,0,12,2,Monday,14.62,5.4
2,2025-12-01T00:48:40.000+05:30,2025-12-01T00:51:18.000+05:30,1,0.73,1,N,68,50,1,5.8,1.0,0.5,2.31,0.0,1.0,13.86,2.5,0.0,0.75,2025-12-01,2025-12-01,0,0,12,2,Monday,2.63,7.95
2,2025-12-01T00:59:02.000+05:30,2025-12-01T01:30:40.000+05:30,2,18.24,1,N,132,49,1,68.8,1.0,0.5,2.5,0.0,1.0,75.55,0.0,1.75,0.0,2025-12-01,2025-12-01,0,1,12,2,Monday,31.63,3.77
2,2025-12-01T00:00:47.000+05:30,2025-12-01T00:08:08.000+05:30,1,1.51,1,N,114,45,1,10.0,1.0,0.5,3.15,0.0,1.0,18.9,2.5,0.0,0.75,2025-12-01,2025-12-01,0,0,12,2,Monday,7.35,6.62
2,2025-12-01T00:43:47.000+05:30,2025-12-01T00:47:10.000+05:30,2,0.45,1,N,158,158,1,5.1,1.0,0.5,2.71,0.0,1.0,13.56,2.5,0.0,0.75,2025-12-01,2025-12-01,0,0,12,2,Monday,3.38,11.33
2,2025-12-01T00:53:00.000+05:30,2025-12-01T01:02:11.000+05:30,2,1.26,1,N,249,148,1,10.7,1.0,0.5,3.0,0.0,1.0,19.45,2.5,0.0,0.75,2025-12-01,2025-12-01,0,1,12,2,Monday,9.18,8.49
2,2025-12-01T00:05:00.000+05:30,2025-12-01T00:19:48.000+05:30,1,4.03,1,N,48,148,1,19.1,1.0,0.5,4.97,0.0,1.0,29.82,2.5,0.0,0.75,2025-12-01,2025-12-01,0,0,12,2,Monday,14.8,4.74
2,2025-12-01T00:41:09.000+05:30,2025-12-01T00:58:46.000+05:30,2,8.6,1,N,132,216,1,34.5,1.0,0.5,5.0,0.0,1.0,43.75,0.0,1.75,0.0,2025-12-01,2025-12-01,0,0,12,2,Monday,17.62,4.01
2,2025-12-01T00:29:22.000+05:30,2025-12-01T00:29:28.000+05:30,1,0.0,5,N,37,37,1,74.0,0.0,0.0,15.0,0.0,1.0,90.0,0.0,0.0,0.0,2025-12-01,2025-12-01,0,0,12,2,Monday,0.1,
2,2025-12-01T00:13:07.000+05:30,2025-12-01T00:29:31.000+05:30,1,3.96,1,N,143,137,1,19.8,1.0,0.5,2.56,0.0,1.0,28.11,2.5,0.0,0.75,2025-12-01,2025-12-01,0,0,12,2,Monday,16.4,5.0
2,2025-12-01T00:31:44.000+05:30,2025-12-01T00:43:36.000+05:30,1,2.43,1,N,107,163,1,14.2,1.0,0.5,5.99,0.0,1.0,25.94,2.5,0.0,0.75,2025-12-01,2025-12-01,0,0,12,2,Monday,11.87,5.84
2,2025-12-01T00:57:36.000+05:30,2025-12-01T01:11:44.000+05:30,1,3.51,1,N,48,166,1,17.7,1.0,0.5,4.69,0.0,1.0,28.14,2.5,0.0,0.75,2025-12-01,2025-12-01,0,1,12,2,Monday,14.13,5.04
1,2025-12-01T00:06:25.000+05:30,2025-12-01T00:06:30.000+05:30,1,0.0,5,N,50,50,1,14.0,0.75,0.0,2.0,0.0,1.0,17.75,0.0,0.0,0.75,2025-12-01,2025-12-01,0,0,12,2,Monday,0.08,
1,2025-12-01T00:23:05.000+05:30,2025-12-01T00:23:10.000+05:30,1,0.0,5,N,162,162,1,15.0,0.75,0.0,3.35,0.0,1.0,20.1,0.0,0.0,0.75,2025-12-01,2025-12-01,0,0,12,2,Monday,0.08,
1,2025-12-01T00:40:25.000+05:30,2025-12-01T01:02:01.000+05:30,1,5.7,1,N,186,179,1,25.4,4.25,0.5,3.0,0.0,1.0,34.15,2.5,0.0,0.75,2025-12-01,2025-12-01,0,1,12,2,Monday,21.6,4.46
2,2025-12-01T00:04:16.000+05:30,2025-12-01T00:34:16.000+05:30,2,12.57,1,N,138,246,1,51.3,6.0,0.5,0.0,6.94,1.0,70.74,2.5,1.75,0.75,2025-12-01,2025-12-01,0,0,12,2,Monday,30.0,4.08
2,2025-12-01T00:44:20.000+05:30,2025-12-01T01:01:01.000+05:30,1,3.6,1,N,186,262,1,19.8,1.0,0.5,5.11,0.0,1.0,30.66,2.5,0.0,0.75,2025-12-01,2025-12-01,0,1,12,2,Monday,16.68,5.5
1,2025-12-01T00:19:21.000+05:30,2025-12-01T00:27:46.000+05:30,1,1.9,1,N,162,90,1,10.7,4.25,0.5,4.1,0.0,1.0,20.55,2.5,0.0,0.75,2025-12-01,2025-12-01,0,0,12,2,Monday,8.42,5.63
2,2025-12-01T00:08:39.000+05:30,2025-12-01T00:10:25.000+05:30,1,0.58,1,N,186,90,1,5.1,1.0,0.5,2.17,0.0,1.0,13.02,2.5,0.0,0.75,2025-12-01,2025-12-01,0,0,12,2,Monday,1.77,8.79
2,2025-12-01T00:28:41.000+05:30,2025-12-01T00:37:01.000+05:30,1,1.89,1,N,249,209,1,11.4,1.0,0.5,3.43,0.0,1.0,20.58,2.5,0.0,0.75,2025-12-01,2025-12-01,0,0,12,2,Monday,8.33,6.03
2,2025-12-01T00:05:45.000+05:30,2025-12-01T00:21:43.000+05:30,1,3.11,1,N,186,263,1,17.0,1.0,0.5,2.0,0.0,1.0,24.75,2.5,0.0,0.75,2025-12-01,2025-12-01,0,0,12,2,Monday,15.97,5.47
2,2025-12-01T00:26:30.000+05:30,2025-12-01T00:30:59.000+05:30,2,0.78,1,N,237,43,1,6.5,1.0,0.5,2.88,0.0,1.0,14.38,2.5,0.0,0.0,2025-12-01,2025-12-01,0,0,12,2,Monday,4.48,8.33
2,2025-12-01T00:47:40.000+05:30,2025-12-01T01:04:59.000+05:30,1,4.7,1,N,186,33,1,21.9,1.0,0.5,4.15,0.0,1.0,31.8,2.5,0.0,0.75,2025-12-01,2025-12-01,0,1,12,2,Monday,17.32,4.66
2,2025-12-01T00:39:36.000+05:30,2025-12-01T00:48:46.000+05:30,1,1.38,1,N,186,233,1,10.7,1.0,0.5,2.0,0.0,1.0,18.45,2.5,0.0,0.75,2025-12-01,2025-12-01,0,0,12,2,Monday,9.17,7.75
2,2025-12-01T00:55:03.000+05:30,2025-12-01T01:09:27.000+05:30,1,3.79,1,N,79,237,2,19.1,1.0,0.5,0.0,0.0,1.0,24.85,2.5,0.0,0.75,2025-12-01,2025-12-01,0,1,12,2,Monday,14.4,5.04
1,2025-12-01T00:56:18.000+05:30,2025-12-01T01:20:33.000+05:30,1,17.6,2,N,132,144,1,70.0,5.0,0.5,15.3,0.0,1.0,91.8,2.5,1.75,0.75,2025-12-01,2025-12-01,0,1,12,2,Monday,24.25,3.98
2,2025-12-01T00:40:47.000+05:30,2025-12-01T00:57:49.000+05:30,1,4.99,1,N,138,202,1,24.0,6.0,0.5,6.3,0.0,1.0,39.55,0.0,1.75,0.0,2025-12-01,2025-12-01,0,0,12,2,Monday,17.03,4.81
1,2025-12-01T00:07:08.000+05:30,2025-12-01T00:20:12.000+05:30,1,2.0,1,N,186,224,1,12.1,4.25,0.5,1.0,0.0,1.0,18.85,2.5,0.0,0.75,2025-12-01,2025-12-01,0,0,12,2,Monday,13.07,6.05
2,2025-12-01T00:38:24.000+05:30,2025-12-01T01:14:07.000+05:30,1,7.49,1,N,186,37,1,38.7,1.0,0.5,11.11,0.0,1.0,55.56,2.5,0.0,0.75,2025-12-01,2025-12-01,0,1,12,2,Monday,35.72,5.17
2,2025-12-01T00:04:52.000+05:30,2025-12-01T00:28:29.000+05:30,1,14.17,1,N,132,7,1,54.8,1.0,0.5,11.46,0.0,1.0,70.51,0.0,1.75,0.0,2025-12-01,2025-12-01,0,0,12,2,Monday,23.62,3.87
2,2025-12-01T00:00:18.000+05:30,2025-12-01T00:19:17.000+05:30,1,10.11,1,N,138,144,1,39.4,6.0,0.5,2.6,0.0,1.0,54.5,2.5,1.75,0.75,2025-12-01,2025-12-01,0,0,12,2,Monday,18.98,3.9
2,2025-12-01T00:47:11.000+05:30,2025-12-01T00:52:16.000+05:30,1,0.98,1,N,249,211,1,7.2,1.0,0.5,2.59,0.0,1.0,15.54,2.5,0.0,0.75,2025-12-01,2025-12-01,0,0,12,2,Monday,5.08,7.35
2,2025-12-01T00:00:36.000+05:30,2025-12-01T00:23:21.000+05:30,1,9.88,1,N,132,86,1,40.1,1.0,0.5,7.0,0.0,1.0,51.35,0.0,1.75,0.0,2025-12-01,2025-12-01,0,0,12,2,Monday,22.75,4.06
2,2025-12-01T00:18:49.000+05:30,2025-12-01T00:37:08.000+05:30,1,3.96,1,N,249,141,1,20.5,1.0,0.5,3.0,0.0,1.0,29.25,2.5,0.0,0.75,2025-12-01,2025-12-01,0,0,12,2,Monday,18.32,5.18
2,2025-12-01T00:08:12.000+05:30,2025-12-01T00:24:20.000+05:30,1,8.12,1,N,138,236,1,32.4,6.0,0.5,9.87,6.94,1.0,60.96,2.5,1.75,0.0,2025-12-01,2025-12-01,0,0,12,2,Monday,16.13,3.99
2,2025-12-01T00:06:48.000+05:30,2025-12-01T00:11:03.000+05:30,1,0.75,1,N,148,79,1,6.5,1.0,0.5,2.45,0.0,1.0,14.7,2.5,0.0,0.75,2025-12-01,2025-12-01,0,0,12,2,Monday,4.25,8.67
2,2025-12-01T00:03:35.000+05:30,2025-12-01T00:11:32.000+05:30,4,3.0,1,N,132,216,2,13.5,1.0,0.5,0.0,0.0,1.0,17.75,0.0,1.75,0.0,2025-12-01,2025-12-01,0,0,12,2,Monday,7.95,4.5
2,2025-12-01T00:58:41.000+05:30,2025-12-01T01:27:44.000+05:30,1,20.54,2,N,132,141,2,70.0,0.0,0.5,0.0,6.94,1.0,82.69,2.5,1.75,0.0,2025-12-01,2025-12-01,0,1,12,2,Monday,29.05,3.41
1,2025-12-01T00:00:41.000+05:30,2025-12-01T00:12:22.000+05:30,1,3.2,1,N,100,232,2,17.0,4.25,0.5,0.0,0.0,1.0,22.75,2.5,0.0,0.75,2025-12-01,2025-12-01,0,0,12,2,Monday,11.68,5.31
1,2025-12-01T00:33:51.000+05:30,2025-12-01T00:36:15.000+05:30,1,0.5,1,N,68,48,1,5.1,4.25,0.5,1.0,0.0,1.0,11.85,2.5,0.0,0.75,2025-12-01,2025-12-01,0,0,12,2,Monday,2.4,10.2
2,2025-12-01T00:07:44.000+05:30,2025-12-01T00:33:11.000+05:30,1,8.59,1,N,138,166,1,38.7,6.0,0.5,10.63,6.94,1.0,65.52,0.0,1.75,0.0,2025-12-01,2025-12-01,0,0,12,2,Monday,25.45,4.51
2,2025-12-01T00:56:03.000+05:30,2025-12-01T01:24:30.000+05:30,1,18.06,2,N,132,90,1,70.0,0.0,0.5,16.34,6.94,1.0,99.78,2.5,1.75,0.75,2025-12-01,2025-12-01,0,1,12,2,Monday,28.45,3.88
2,2025-12-01T00:08:59.000+05:30,2025-12-01T00:29:56.000+05:30,1,8.33,1,N,138,198,1,34.5,6.0,0.5,8.75,0.0,1.0,52.5,0.0,1.75,0.0,2025-12-01,2025-12-01,0,0,12,2,Monday,20.95,4.14
2,2025-12-01T00:09:50.000+05:30,2025-12-01T00:44:02.000+05:30,1,18.39,2,N,132,79,1,70.0,0.0,0.5,5.0,0.0,1.0,81.5,2.5,1.75,0.75,2025-12-01,2025-12-01,0,0,12,2,Monday,34.2,3.81
2,2025-12-01T00:02:23.000+05:30,2025-12-01T00:13:17.000+05:30,1,1.58,1,N,186,162,1,11.4,1.0,0.5,3.43,0.0,1.0,20.58,2.5,0.0,0.75,2025-12-01,2025-12-01,0,0,12,2,Monday,10.9,7.22
2,2025-12-01T00:11:30.000+05:30,2025-12-01T00:24:10.000+05:30,2,2.07,1,N,161,142,2,13.5,1.0,0.5,0.0,0.0,1.0,19.25,2.5,0.0,0.75,2025-12-01,2025-12-01,0,0,12,2,Monday,12.67,6.52
1,2025-12-01T00:35:37.000+05:30,2025-12-01T01:08:33.000+05:30,1,20.3,2,N,132,13,1,70.0,5.0,0.5,8.0,0.0,1.0,84.5,2.5,1.75,0.75,2025-12-01,2025-12-01,0,1,12,2,Monday,32.93,3.45
2,2025-12-01T00:17:33.000+05:30,2025-12-01T00:39:40.000+05:30,1,15.95,1,N,138,50,1,59.0,6.0,0.5,15.34,6.94,1.0,93.78,2.5,1.75,0.75,2025-12-01,2025-12-01,0,0,12,2,Monday,22.12,3.7
2,2025-12-01T00:06:14.000+05:30,2025-12-01T00:41:41.000+05:30,1,19.93,1,N,132,181,1,75.8,1.0,0.5,15.0,0.0,1.0,95.05,0.0,1.75,0.0,2025-12-01,2025-12-01,0,0,12,2,Monday,35.45,3.8
2,2025-12-01T00:02:54.000+05:30,2025-12-01T00:16:49.000+05:30,1,7.99,1,N,138,140,1,31.7,6.0,0.5,0.0,6.94,1.0,50.39,2.5,1.75,0.0,2025-12-01,2025-12-01,0,0,12,2,Monday,13.92,3.97
2,2025-12-01T00:01:34.000+05:30,2025-12-01T00:16:17.000+05:30,1,4.34,1,N,68,24,1,20.5,1.0,0.5,5.25,0.0,1.0,31.5,2.5,0.0,0.75,2025-12-01,2025-12-01,0,0,12,2,Monday,14.72,4.72
1,2025-12-01T00:30:26.000+05:30,2025-12-01T00:40:33.000+05:30,1,4.0,1,N,138,179,1,17.0,7.75,0.5,0.0,0.0,1.0,26.25,0.0,1.75,0.0,2025-12-01,2025-12-01,0,0,12,2,Monday,10.12,4.25
2,2025-12-01T00:23:10.000+05:30,2025-12-01T00:29:29.000+05:30,1,1.09,1,N,186,48,1,8.6,1.0,0.5,2.15,0.0,1.0,16.5,2.5,0.0,0.75,2025-12-01,2025-12-01,0,0,12,2,Monday,6.32,7.89
2,2025-12-01T00:01:33.000+05:30,2025-12-01T00:15:35.000+05:30,1,3.03,1,N,186,231,1,16.3,1.0,0.5,4.41,0.0,1.0,26.46,2.5,0.0,0.75,2025-12-01,2025-12-01,0,0,12,2,Monday,14.03,5.38
2,2025-12-01T00:49:00.000+05:30,2025-12-01T00:58:19.000+05:30,3,1.77,1,N,186,48,1,11.4,1.0,0.5,3.43,0.0,1.0,20.58,2.5,0.0,0.75,2025-12-01,2025-12-01,0,0,12,2,Monday,9.32,6.44
2,2025-12-01T00:08:10.000+05:30,2025-12-01T00:18:18.000+05:30,3,1.47,1,N,230,229,1,11.4,1.0,0.5,3.43,0.0,1.0,20.58,2.5,0.0,0.75,2025-12-01,2025-12-01,0,0,12,2,Monday,10.13,7.76
2,2025-12-01T00:57:57.000+05:30,2025-12-01T01:16:29.000+05:30,1,10.93,1,N,138,36,1,42.2,6.0,0.5,9.94,0.0,1.0,61.39,0.0,1.75,0.0,2025-12-01,2025-12-01,0,1,12,2,Monday,18.53,3.86
2,2025-12-01T00:12:54.000+05:30,2025-12-01T00:35:47.000+05:30,1,11.19,1,N,138,113,1,44.3,6.0,0.5,11.01,0.0,1.0,67.81,2.5,1.75,0.75,2025-12-01,2025-12-01,0,0,12,2,Monday,22.88,3.96
2,2025-12-01T00:04:30.000+05:30,2025-12-01T00:38:54.000+05:30,1,19.44,2,N,132,158,1,70.0,0.0,0.5,10.0,6.94,1.0,93.44,2.5,1.75,0.75,2025-12-01,2025-12-01,0,0,12,2,Monday,34.4,3.6
2,2025-12-01T00:06:53.000+05:30,2025-12-01T00:16:08.000+05:30,1,1.42,1,N,186,137,1,10.7,1.0,0.5,3.29,0.0,1.0,19.74,2.5,0.0,0.75,2025-12-01,2025-12-01,0,0,12,2,Monday,9.25,7.54
2,2025-12-01T00:02:00.000+05:30,2025-12-01T00:25:59.000+05:30,1,18.29,2,N,132,262,1,70.0,0.0,0.5,10.0,6.94,1.0,92.69,2.5,1.75,0.0,2025-12-01,2025-12-01,0,0,12,2,Monday,23.98,3.83
1,2025-12-01T00:19:37.000+05:30,2025-12-01T00:23:01.000+05:30,1,0.8,1,N,48,100,1,5.1,4.25,0.5,2.15,0.0,1.0,13.0,2.5,0.0,0.75,2025-12-01,2025-12-01,0,0,12,2,Monday,3.4,6.37
2,2025-12-01T00:15:54.000+05:30,2025-12-01T00:22:57.000+05:30,1,3.04,1,N,79,140,1,13.5,1.0,0.5,4.81,0.0,1.0,24.06,2.5,0.0,0.75,2025-12-01,2025-12-01,0,0,12,2,Monday,7.05,4.44
1,2025-12-01T00:46:44.000+05:30,2025-12-01T01:03:44.000+05:30,1,3.8,1,N,249,239,1,17.7,4.25,0.5,4.7,0.0,1.0,28.15,2.5,0.0,0.75,2025-12-01,2025-12-01,0,1,12,2,Monday,17.0,4.66
2,2025-12-01T00:04:24.000+05:30,2025-12-01T00:20:58.000+05:30,1,7.45,1,N,138,116,2,31.7,6.0,0.5,0.0,6.94,1.0,47.89,0.0,1.75,0.0,2025-12-01,2025-12-01,0,0,12,2,Monday,16.57,4.26
2,2025-12-01T00:07:47.000+05:30,2025-12-01T00:16:39.000+05:30,1,6.02,1,N,138,252,1,24.0,6.0,0.5,3.32,0.0,1.0,36.57,0.0,1.75,0.0,2025-12-01,2025-12-01,0,0,12,2,Monday,8.87,3.99
2,2025-12-01T00:38:44.000+05:30,2025-12-01T01:00:39.000+05:30,1,9.45,1,N,138,68,1,39.4,6.0,0.5,11.42,6.94,1.0,70.26,2.5,1.75,0.75,2025-12-01,2025-12-01,0,1,12,2,Monday,21.92,4.17
1,2025-12-01T00:19:15.000+05:30,2025-12-01T00:34:15.000+05:30,1,7.8,1,N,70,263,1,30.3,3.5,0.5,8.45,6.94,1.0,50.69,2.5,0.0,0.0,2025-12-01,2025-12-01,0,0,12,2,Monday,15.0,3.88
1,2025-12-01T00:38:02.000+05:30,2025-12-01T00:38:06.000+05:30,1,0.0,1,N,236,236,4,3.0,3.5,0.5,0.0,0.0,1.0,8.0,2.5,0.0,0.0,2025-12-01,2025-12-01,0,0,12,2,Monday,0.07,
2,2025-12-01T00:18:33.000+05:30,2025-12-01T00:34:39.000+05:30,1,7.19,1,N,138,42,1,30.3,6.0,0.5,8.95,6.94,1.0,55.44,0.0,1.75,0.0,2025-12-01,2025-12-01,0,0,12,2,Monday,16.1,4.21
2,2025-12-01T00:51:21.000+05:30,2025-12-01T01:01:38.000+05:30,1,2.25,1,N,164,79,2,13.5,1.0,0.5,0.0,0.0,1.0,19.25,2.5,0.0,0.75,2025-12-01,2025-12-01,0,1,12,2,Monday,10.28,6.0
2,2025-12-01T00:19:03.000+05:30,2025-12-01T00:47:22.000+05:30,2,18.9,2,N,132,75,1,70.0,0.0,0.5,15.69,6.94,1.0,95.88,0.0,1.75,0.0,2025-12-01,2025-12-01,0,0,12,2,Monday,28.32,3.7
7,2025-12-01T00:00:04.000+05:30,2025-12-01T00:00:04.000+05:30,1,1.69,1,N,114,261,1,10.7,0.0,0.5,3.29,0.0,1.0,19.74,2.5,0.0,0.75,2025-12-01,2025-12-01,0,0,12,2,Monday,0.0,6.33
7,2025-12-01T00:59:14.000+05:30,2025-12-01T00:59:14.000+05:30,1,3.83,1,N,234,238,1,19.1,0.0,0.5,4.97,0.0,1.0,29.82,2.5,0.0,0.75,2025-12-01,2025-12-01,0,0,12,2,Monday,0.0,4.99
2,2025-12-01T00:15:41.000+05:30,2025-12-01T00:43:26.000+05:30,1,14.04,1,N,132,7,1,54.8,1.0,0.5,11.81,0.0,1.0,70.86,0.0,1.75,0.0,2025-12-01,2025-12-01,0,0,12,2,Monday,27.75,3.9
1,2025-12-01T00:38:54.000+05:30,2025-12-01T01:10:15.000+05:30,1,6.4,99,N,209,36,1,27.5,0.0,0.5,0.0,0.0,0.0,28.0,0.0,0.0,0.0,2025-12-01,2025-12-01,0,1,12,2,Monday,31.35,4.3
2,2025-12-01T00:43:34.000+05:30,2025-12-01T00:56:52.000+05:30,1,7.8,1,N,138,255,1,31.0,6.0,0.5,8.05,0.0,1.0,48.3,0.0,1.75,0.0,2025-12-01,2025-12-01,0,0,12,2,Monday,13.3,3.97
2,2025-12-01T00:46:20.000+05:30,2025-12-01T01:12:53.000+05:30,1,17.04,1,N,132,21,2,63.9,1.0,0.5,0.0,0.0,1.0,68.15,0.0,1.75,0.0,2025-12-01,2025-12-01,0,1,12,2,Monday,26.55,3.75
2,2025-12-01T00:39:08.000+05:30,2025-12-01T00:44:10.000+05:30,3,0.71,1,N,79,4,1,6.5,1.0,0.5,2.45,0.0,1.0,14.7,2.5,0.0,0.75,2025-12-01,2025-12-01,0,0,12,2,Monday,5.03,9.15
2,2025-12-01T00:49:10.000+05:30,2025-12-01T01:04:51.000+05:30,1,10.24,1,N,138,162,1,38.7,6.0,0.5,11.28,6.94,1.0,69.42,2.5,1.75,0.75,2025-12-01,2025-12-01,0,1,12,2,Monday,15.68,3.78
2,2025-12-01T00:05:44.000+05:30,2025-12-01T00:26:37.000+05:30,1,9.25,1,N,138,48,1,38.0,6.0,0.5,8.62,6.94,1.0,66.06,2.5,1.75,0.75,2025-12-01,2025-12-01,0,0,12,2,Monday,20.88,4.11
2,2025-12-01T00:06:38.000+05:30,2025-12-01T00:38:43.000+05:30,1,17.59,2,N,132,48,1,70.0,0.0,0.5,5.0,6.94,1.0,88.44,2.5,1.75,0.75,2025-12-01,2025-12-01,0,0,12,2,Monday,32.08,3.98
2,2025-12-01T00:05:34.000+05:30,2025-12-01T00:09:49.000+05:30,2,0.85,1,N,166,238,2,7.2,1.0,0.5,0.0,0.0,1.0,9.7,0.0,0.0,0.0,2025-12-01,2025-12-01,0,0,12,2,Monday,4.25,8.47
2,2025-12-01T00:17:00.000+05:30,2025-12-01T00:20:23.000+05:30,2,0.58,1,N,238,151,1,5.8,1.0,0.5,1.51,0.0,1.0,12.31,2.5,0.0,0.0,2025-12-01,2025-12-01,0,0,12,2,Monday,3.38,10.0
2,2025-12-01T00:32:16.000+05:30,2025-12-01T00:44:28.000+05:30,1,2.37,1,N,246,114,1,13.5,1.0,0.5,3.85,0.0,1.0,23.1,2.5,0.0,0.75,2025-12-01,2025-12-01,0,0,12,2,Monday,12.2,5.7
2,2025-12-01T00:12:47.000+05:30,2025-12-01T00:34:32.000+05:30,1,9.52,1,N,138,239,1,38.7,6.0,0.5,11.28,6.94,1.0,69.42,2.5,1.75,0.75,2025-12-01,2025-12-01,0,0,12,2,Monday,21.75,4.07
2,2025-12-01T00:13:37.000+05:30,2025-12-01T00:40:14.000+05:30,2,17.68,2,N,132,79,1,70.0,0.0,0.5,15.0,6.94,1.0,98.44,2.5,1.75,0.75,2025-12-01,2025-12-01,0,0,12,2,Monday,26.62,3.96
1,2025-12-01T00:42:27.000+05:30,2025-12-01T01:05:40.000+05:30,1,14.1,1,N,132,146,1,53.4,2.75,0.5,10.0,0.0,1.0,67.65,0.0,1.75,0.0,2025-12-01,2025-12-01,0,1,12,2,Monday,23.22,3.79
2,2025-12-01T00:29:20.000+05:30,2025-12-01T00:54:57.000+05:30,2,19.27,2,N,132,140,1,70.0,0.0,0.5,5.0,6.94,1.0,87.69,2.5,1.75,0.0,2025-12-01,2025-12-01,0,0,12,2,Monday,25.62,3.63
2,2025-12-01T00:24:02.000+05:30,2025-12-01T00:28:00.000+05:30,1,0.88,1,N,161,164,1,6.5,1.0,0.5,2.45,0.0,1.0,14.7,2.5,0.0,0.75,2025-12-01,2025-12-01,0,0,12,2,Monday,3.97,7.39
1,2025-12-01T00:04:48.000+05:30,2025-12-01T00:14:09.000+05:30,1,2.1,1,N,142,236,1,11.4,3.5,0.5,3.3,0.0,1.0,19.7,2.5,0.0,0.0,2025-12-01,2025-12-01,0,0,12,2,Monday,9.35,5.43
1,2025-12-01T00:22:22.000+05:30,2025-12-01T00:28:02.000+05:30,1,1.7,1,N,239,236,1,8.6,3.5,0.5,2.7,0.0,1.0,16.3,2.5,0.0,0.0,2025-12-01,2025-12-01,0,0,12,2,Monday,5.67,5.06
2,2025-12-01T00:31:37.000+05:30,2025-12-01T00:31:49.000+05:30,1,0.0,5,N,145,145,1,50.0,0.0,0.0,0.0,0.0,1.0,51.0,0.0,0.0,0.0,2025-12-01,2025-12-01,0,0,12,2,Monday,0.2,
2,2025-12-01T00:27:53.000+05:30,2025-12-01T00:43:09.000+05:30,1,9.42,1,N,138,79,1,36.6,2.75,0.5,11.46,0.0,1.0,57.31,2.5,1.75,0.75,2025-12-01,2025-12-01,0,0,12,2,Monday,15.27,3.89
2,2025-12-01T00:01:11.000+05:30,2025-12-01T00:20:10.000+05:30,1,7.53,1,N,138,152,1,33.1,6.0,0.5,0.0,6.94,1.0,49.29,0.0,1.75,0.0,2025-12-01,2025-12-01,0,0,12,2,Monday,18.98,4.4
2,2025-12-01T00:44:20.000+05:30,2025-12-01T00:54:01.000+05:30,1,0.75,1,N,164,231,2,6.5,1.0,0.5,0.0,0.0,1.0,12.25,2.5,0.0,0.75,2025-12-01,2025-12-01,0,0,12,2,Monday,9.68,8.67
2,2025-12-01T00:53:57.000+05:30,2025-12-01T01:25:14.000+05:30,1,20.62,1,N,132,181,1,77.2,1.0,0.5,15.94,0.0,1.0,97.39,0.0,1.75,0.0,2025-12-01,2025-12-01,0,1,12,2,Monday,31.28,3.74
2,2025-12-01T00:58:02.000+05:30,2025-12-01T01:14:34.000+05:30,1,8.23,1,N,138,263,1,34.5,6.0,0.5,7.98,6.94,1.0,61.17,2.5,1.75,0.0,2025-12-01,2025-12-01,0,1,12,2,Monday,16.53,4.19
1,2025-12-01T00:13:14.000+05:30,2025-12-01T00:23:57.000+05:30,1,1.8,1,N,142,141,1,11.4,3.5,0.5,3.28,0.0,1.0,19.68,2.5,0.0,0.0,2025-12-01,2025-12-01,0,0,12,2,Monday,10.72,6.33
2,2025-12-01T00:42:47.000+05:30,2025-12-01T01:12:08.000+05:30,2,20.41,2,N,132,88,1,70.0,0.0,0.5,18.69,0.0,1.0,95.19,2.5,1.75,0.75,2025-12-01,2025-12-01,0,1,12,2,Monday,29.35,3.43
2,2025-12-01T00:34:07.000+05:30,2025-12-01T00:59:09.000+05:30,1,17.01,1,N,132,217,1,63.2,1.0,0.5,16.43,0.0,1.0,83.88,0.0,1.75,0.0,2025-12-01,2025-12-01,0,0,12,2,Monday,25.03,3.72
2,2025-12-01T00:03:20.000+05:30,2025-12-01T00:35:12.000+05:30,1,12.07,1,N,138,50,1,51.3,6.0,0.5,10.0,6.94,1.0,80.74,2.5,1.75,0.75,2025-12-01,2025-12-01,0,0,12,2,Monday,31.87,4.25
2,2025-12-01T00:13:40.000+05:30,2025-12-01T00:42:22.000+05:30,3,17.34,2,N,132,41,1,70.0,0.0,0.5,10.0,6.94,1.0,90.19,0.0,1.75,0.0,2025-12-01,2025-12-01,0,0,12,2,Monday,28.7,4.04
2,2025-12-01T00:04:35.000+05:30,2025-12-01T00:10:22.000+05:30,2,1.47,1,N,68,249,1,8.6,1.0,0.5,0.0,0.0,1.0,14.35,2.5,0.0,0.75,2025-12-01,2025-12-01,0,0,12,2,Monday,5.78,5.85
1,2025-12-01T00:13:30.000+05:30,2025-12-01T00:21:43.000+05:30,1,1.6,1,N,186,107,1,9.3,4.25,0.5,3.0,0.0,1.0,18.05,2.5,0.0,0.75,2025-12-01,2025-12-01,0,0,12,2,Monday,8.22,5.81
2,2025-12-01T00:16:51.000+05:30,2025-12-01T00:42:25.000+05:30,1,8.25,1,N,138,41,1,38.0,6.0,0.5,1.5,14.0,1.0,66.0,2.5,1.75,0.75,2025-12-01,2025-12-01,0,0,12,2,Monday,25.57,4.61
2,2025-12-01T00:34:28.000+05:30,2025-12-01T00:43:10.000+05:30,5,1.67,1,N,161,48,1,10.7,1.0,0.5,3.29,0.0,1.0,19.74,2.5,0.0,0.75,2025-12-01,2025-12-01,0,0,12,2,Monday,8.7,6.41
2,2025-12-01T00:12:48.000+05:30,2025-12-01T00:41:37.000+05:30,1,9.32,1,N,138,61,1,42.2,6.0,0.5,9.94,0.0,1.0,61.39,0.0,1.75,0.0,2025-12-01,2025-12-01,0,0,12,2,Monday,28.82,4.53
2,2025-12-01T00:11:21.000+05:30,2025-12-01T00:36:30.000+05:30,1,17.5,2,N,132,137,1,70.0,0.0,0.5,16.34,6.94,1.0,99.78,2.5,1.75,0.75,2025-12-01,2025-12-01,0,0,12,2,Monday,25.15,4.0
1,2025-12-01T00:41:07.000+05:30,2025-12-01T01:22:16.000+05:30,1,101.6,4,N,219,198,2,276.7,1.0,0.5,0.0,6.94,1.0,286.14,0.0,0.0,0.0,2025-12-01,2025-12-01,0,1,12,2,Monday,41.15,2.72
2,2025-12-01T00:10:30.000+05:30,2025-12-01T00:18:34.000+05:30,1,3.03,1,N,138,260,2,14.2,6.0,0.5,0.0,0.0,1.0,23.45,0.0,1.75,0.0,2025-12-01,2025-12-01,0,0,12,2,Monday,8.07,4.69
2,2025-12-01T00:05:34.000+05:30,2025-12-01T00:17:16.000+05:30,2,2.07,1,N,249,148,1,12.8,1.0,0.5,4.64,0.0,1.0,23.19,2.5,0.0,0.75,2025-12-01,2025-12-01,0,0,12,2,Monday,11.7,6.18
2,2025-12-01T00:45:46.000+05:30,2025-12-01T01:02:05.000+05:30,1,3.37,1,N,249,229,1,19.1,1.0,0.5,4.97,0.0,1.0,29.82,2.5,0.0,0.75,2025-12-01,2025-12-01,0,1,12,2,Monday,16.32,5.67
2,2025-12-01T00:03:20.000+05:30,2025-12-01T00:17:41.000+05:30,1,3.31,1,N,186,236,1,17.0,1.0,0.5,4.55,0.0,1.0,27.3,2.5,0.0,0.75,2025-12-01,2025-12-01,0,0,12,2,Monday,14.35,5.14
2,2025-12-01T00:34:03.000+05:30,2025-12-01T00:38:30.000+05:30,1,0.67,1,N,100,164,1,6.5,1.0,0.5,0.0,0.0,1.0,12.25,2.5,0.0,0.75,2025-12-01,2025-12-01,0,0,12,2,Monday,4.45,9.7
2,2025-12-01T00:07:26.000+05:30,2025-12-01T00:09:47.000+05:30,4,0.97,5,N,226,193,1,86.0,0.0,0.0,8.7,0.0,1.0,95.7,0.0,0.0,0.0,2025-12-01,2025-12-01,0,0,12,2,Monday,2.35,88.66
2,2025-12-01T00:53:34.000+05:30,2025-12-01T01:08:01.000+05:30,1,3.54,1,N,79,97,1,18.4,1.0,0.5,4.83,0.0,1.0,28.98,2.5,0.0,0.75,2025-12-01,2025-12-01,0,1,12,2,Monday,14.45,5.2
2,2025-12-01T00:53:03.000+05:30,2025-12-01T01:21:25.000+05:30,3,17.26,2,N,132,170,1,70.0,0.0,0.5,0.0,6.94,1.0,83.44,2.5,1.75,0.75,2025-12-01,2025-12-01,0,1,12,2,Monday,28.37,4.06
2,2025-12-01T00:08:31.000+05:30,2025-12-01T00:29:11.000+05:30,1,3.73,1,N,186,263,1,21.9,1.0,0.5,5.53,0.0,1.0,33.18,2.5,0.0,0.75,2025-12-01,2025-12-01,0,0,12,2,Monday,20.67,5.87
2,2025-12-01T00:31:42.000+05:30,2025-12-01T01:02:11.000+05:30,1,18.42,2,N,132,234,1,70.0,0.0,0.5,16.69,6.94,1.0,100.13,2.5,1.75,0.75,2025-12-01,2025-12-01,0,1,12,2,Monday,30.48,3.8
2,2025-12-01T00:17:47.000+05:30,2025-12-01T00:41:38.000+05:30,1,9.1,1,N,138,151,1,38.0,6.0,0.5,10.49,6.94,1.0,64.68,0.0,1.75,0.0,2025-12-01,2025-12-01,0,0,12,2,Monday,23.85,4.18
2,2025-12-01T00:32:39.000+05:30,2025-12-01T00:42:50.000+05:30,3,3.4,1,N,132,216,1,16.3,1.0,0.5,5.0,0.0,1.0,25.55,0.0,1.75,0.0,2025-12-01,2025-12-01,0,0,12,2,Monday,10.18,4.79
1,2025-12-01T00:30:08.000+05:30,2025-12-01T00:36:46.000+05:30,1,0.8,1,N,230,162,1,7.2,4.25,0.5,2.6,0.0,1.0,15.55,2.5,0.0,0.75,2025-12-01,2025-12-01,0,0,12,2,Monday,6.63,9.0
1,2025-12-01T00:30:24.000+05:30,2025-12-01T01:08:54.000+05:30,1,15.5,99,N,238,205,1,50.5,0.0,0.5,0.0,6.94,0.0,57.94,0.0,0.0,0.0,2025-12-01,2025-12-01,0,1,12,2,Monday,38.5,3.26
2,2025-12-01T00:03:31.000+05:30,2025-12-01T00:31:48.000+05:30,1,14.73,4,N,138,265,1,68.8,6.0,0.5,15.26,0.0,1.0,93.31,0.0,1.75,0.0,2025-12-01,2025-12-01,0,0,12,2,Monday,28.28,4.67
1,2025-12-01T00:44:43.000+05:30,2025-12-01T01:10:47.000+05:30,1,16.5,1,N,132,256,1,62.5,2.75,0.5,13.0,0.0,1.0,79.75,0.0,1.75,0.0,2025-12-01,2025-12-01,0,1,12,2,Monday,26.07,3.79
2,2025-12-01T00:13:00.000+05:30,2025-12-01T00:40:10.000+05:30,1,8.64,1,N,142,33,1,39.4,1.0,0.5,8.88,0.0,1.0,53.28,2.5,0.0,0.0,2025-12-01,2025-12-01,0,0,12,2,Monday,27.17,4.56
1,2025-12-01T00:11:20.000+05:30,2025-12-01T00:11:34.000+05:30,1,0.0,1,N,17,17,2,3.0,1.0,0.5,0.0,0.0,1.0,5.5,0.0,0.0,0.0,2025-12-01,2025-12-01,0,0,12,2,Monday,0.23,
2,2025-12-01T00:23:00.000+05:30,2025-12-01T00:29:27.000+05:30,1,1.74,1,N,143,236,1,10.0,1.0,0.5,3.0,0.0,1.0,18.0,2.5,0.0,0.0,2025-12-01,2025-12-01,0,0,12,2,Monday,6.45,5.75
2,2025-12-01T00:10:30.000+05:30,2025-12-01T00:37:17.000+05:30,1,13.49,1,N,132,265,2,53.4,1.0,0.5,0.0,0.0,1.0,57.65,0.0,1.75,0.0,2025-12-01,2025-12-01,0,0,12,2,Monday,26.78,3.96
2,2025-12-01T00:40:31.000+05:30,2025-12-01T00:53:37.000+05:30,1,3.67,1,N,263,226,2,17.7,1.0,0.5,0.0,0.0,1.0,23.45,2.5,0.0,0.75,2025-12-01,2025-12-01,0,0,12,2,Monday,13.1,4.82
2,2025-12-01T00:09:26.000+05:30,2025-12-01T00:33:26.000+05:30,1,12.16,1,N,138,231,1,47.8,6.0,0.5,10.0,0.0,1.0,70.3,2.5,1.75,0.75,2025-12-01,2025-12-01,0,0,12,2,Monday,24.0,3.93
2,2025-12-01T00:09:51.000+05:30,2025-12-01T00:40:18.000+05:30,3,18.23,3,N,132,25,4,89.5,1.0,0.0,0.0,0.0,1.0,93.25,0.0,1.75,0.0,2025-12-01,2025-12-01,0,0,12,2,Monday,30.45,4.91
1,2025-12-01T00:16:16.000+05:30,2025-12-01T00:26:37.000+05:30,1,1.7,1,N,116,244,2,11.4,1.0,0.5,0.0,0.0,1.0,13.9,0.0,0.0,0.0,2025-12-01,2025-12-01,0,0,12,2,Monday,10.35,6.71
2,2025-12-01T00:27:51.000+05:30,2025-12-01T00:40:00.000+05:30,1,4.31,1,N,138,226,1,20.5,6.0,0.5,5.95,0.0,1.0,35.7,0.0,1.75,0.0,2025-12-01,2025-12-01,0,0,12,2,Monday,12.15,4.76
1,2025-12-01T00:23:10.000+05:30,2025-12-01T00:42:31.000+05:30,1,3.3,99,N,94,244,1,22.5,0.0,0.5,0.0,0.0,0.0,23.0,0.0,0.0,0.0,2025-12-01,2025-12-01,0,0,12,2,Monday,19.35,6.82
1,2025-12-01T00:33:56.000+05:30,2025-12-01T00:53:12.000+05:30,1,2.4,1,N,164,186,1,17.0,4.25,0.5,4.55,0.0,1.0,27.3,2.5,0.0,0.75,2025-12-01,2025-12-01,0,0,12,2,Monday,19.27,7.08
2,2025-12-01T00:04:23.000+05:30,2025-12-01T00:12:43.000+05:30,2,1.71,1,N,230,237,1,10.7,1.0,0.5,3.29,0.0,1.0,19.74,2.5,0.0,0.75,2025-12-01,2025-12-01,0,0,12,2,Monday,8.33,6.26
2,2025-12-01T00:49:53.000+05:30,2025-12-01T00:56:30.000+05:30,1,0.95,1,N,114,79,1,7.9,1.0,0.5,2.73,0.0,1.0,16.38,2.5,0.0,0.75,2025-12-01,2025-12-01,0,0,12,2,Monday,6.62,8.32
1,2025-12-01T00:27:06.000+05:30,2025-12-01T00:27:41.000+05:30,1,0.0,5,N,246,48,1,19.0,0.75,0.0,4.15,0.0,1.0,24.9,0.0,0.0,0.75,2025-12-01,2025-12-01,0,0,12,2,Monday,0.58,
2,2025-12-01T00:13:58.000+05:30,2025-12-01T00:31:14.000+05:30,1,7.25,1,N,138,263,1,31.7,6.0,0.5,2.0,6.94,1.0,52.39,2.5,1.75,0.0,2025-12-01,2025-12-01,0,0,12,2,Monday,17.27,4.37
2,2025-12-01T00:07:01.000+05:30,2025-12-01T00:21:58.000+05:30,1,9.07,1,N,138,107,1,34.5,6.0,0.5,10.79,6.94,1.0,64.73,2.5,1.75,0.75,2025-12-01,2025-12-01,0,0,12,2,Monday,14.95,3.8
2,2025-12-01T00:45:48.000+05:30,2025-12-01T00:58:56.000+05:30,1,8.19,1,N,138,263,1,32.4,6.0,0.5,9.87,6.94,1.0,60.96,2.5,1.75,0.0,2025-12-01,2025-12-01,0,0,12,2,Monday,13.13,3.96
1,2025-12-01T00:56:10.000+05:30,2025-12-01T01:19:48.000+05:30,1,12.1,1,N,138,163,1,47.8,11.0,0.5,13.4,6.94,1.0,80.64,2.5,1.75,0.75,2025-12-01,2025-12-01,0,1,12,2,Monday,23.63,3.95
2,2025-12-01T00:06:00.000+05:30,2025-12-01T00:26:17.000+05:30,1,8.56,1,N,138,102,2,35.9,6.0,0.5,0.0,0.0,1.0,45.15,0.0,1.75,0.0,2025-12-01,2025-12-01,0,0,12,2,Monday,20.28,4.19
2,2025-12-01T00:44:04.000+05:30,2025-12-01T01:03:08.000+05:30,1,12.11,1,N,138,218,2,45.0,6.0,0.5,0.0,0.0,1.0,54.25,0.0,1.75,0.0,2025-12-01,2025-12-01,0,1,12,2,Monday,19.07,3.72
2,2025-12-01T00:11:26.000+05:30,2025-12-01T00:29:53.000+05:30,1,9.87,1,N,138,140,1,38.7,6.0,0.5,10.0,6.94,1.0,68.14,2.5,1.75,0.75,2025-12-01,2025-12-01,0,0,12,2,Monday,18.45,3.92
1,2025-12-01T00:56:09.000+05:30,2025-12-01T01:04:13.000+05:30,1,2.0,1,N,138,129,1,10.7,7.75,0.5,6.0,0.0,1.0,25.95,0.0,1.75,0.0,2025-12-01,2025-12-01,0,1,12,2,Monday,8.07,5.35
2,2025-12-01T00:15:08.000+05:30,2025-12-01T00:32:27.000+05:30,1,8.78,1,N,138,137,1,35.2,6.0,0.5,10.93,6.94,1.0,65.57,2.5,1.75,0.75,2025-12-01,2025-12-01,0,0,12,2,Monday,17.32,4.01
2,2025-12-01T00:12:15.000+05:30,2025-12-01T00:25:06.000+05:30,1,7.96,1,N,138,233,1,31.7,6.0,0.5,0.0,6.94,1.0,51.14,2.5,1.75,0.75,2025-12-01,2025-12-01,0,0,12,2,Monday,12.85,3.98
2,2025-12-01T00:23:26.000+05:30,2025-12-01T00:40:08.000+05:30,1,7.72,1,N,132,76,2,31.7,1.0,0.5,0.0,0.0,1.0,35.95,0.0,1.75,0.0,2025-12-01,2025-12-01,0,0,12,2,Monday,16.7,4.11
2,2025-12-01T00:16:03.000+05:30,2025-12-01T00:39:09.000+05:30,1,9.78,1,N,138,230,2,39.4,6.0,0.5,0.0,0.0,1.0,51.9,2.5,1.75,0.75,2025-12-01,2025-12-01,0,0,12,2,Monday,23.1,4.03
2,2025-12-01T00:42:05.000+05:30,2025-12-01T00:52:31.000+05:30,1,2.14,1,N,186,224,1,12.1,1.0,0.5,5.0,0.0,1.0,22.85,2.5,0.0,0.75,2025-12-01,2025-12-01,0,0,12,2,Monday,10.43,5.65
1,2025-12-01T00:59:37.000+05:30,2025-12-01T01:05:36.000+05:30,1,1.5,1,N,230,90,1,7.9,4.25,0.5,2.75,0.0,1.0,16.4,2.5,0.0,0.75,2025-12-01,2025-12-01,0,1,12,2,Monday,5.98,5.27
2,2025-12-01T00:57:57.000+05:30,2025-12-01T01:27:02.000+05:30,1,17.29,1,N,132,49,1,65.3,1.0,0.5,13.56,0.0,1.0,83.11,0.0,1.75,0.0,2025-12-01,2025-12-01,0,1,12,2,Monday,29.08,3.78
2,2025-12-01T00:55:10.000+05:30,2025-12-01T01:30:33.000+05:30,1,18.41,2,N,132,239,1,70.0,0.0,0.5,9.09,0.0,1.0,84.84,2.5,1.75,0.0,2025-12-01,2025-12-01,0,1,12,2,Monday,35.38,3.8
2,2025-12-01T00:17:11.000+05:30,2025-12-01T00:33:45.000+05:30,3,9.76,1,N,132,173,2,38.0,1.0,0.5,0.0,0.0,1.0,42.25,0.0,1.75,0.0,2025-12-01,2025-12-01,0,0,12,2,Monday,16.57,3.89
2,2025-12-01T00:09:41.000+05:30,2025-12-01T00:12:21.000+05:30,1,0.58,1,N,224,107,1,5.1,1.0,0.5,3.25,0.0,1.0,14.1,2.5,0.0,0.75,2025-12-01,2025-12-01,0,0,12,2,Monday,2.67,8.79
2,2025-12-01T00:54:49.000+05:30,2025-12-01T01:14:23.000+05:30,1,7.35,1,N,234,80,1,31.0,1.0,0.5,7.35,0.0,1.0,44.1,2.5,0.0,0.75,2025-12-01,2025-12-01,0,1,12,2,Monday,19.57,4.22
1,2025-12-01T00:59:38.000+05:30,2025-12-01T01:16:19.000+05:30,1,4.6,1,N,211,262,1,21.2,4.25,0.5,5.4,0.0,1.0,32.35,2.5,0.0,0.75,2025-12-01,2025-12-01,0,1,12,2,Monday,16.68,4.61
2,2025-12-01T00:14:49.000+05:30,2025-12-01T00:37:09.000+05:30,1,12.34,1,N,138,220,1,48.5,6.0,0.5,12.94,6.94,1.0,77.63,0.0,1.75,0.0,2025-12-01,2025-12-01,0,0,12,2,Monday,22.33,3.93
2,2025-12-01T00:49:04.000+05:30,2025-12-01T01:03:03.000+05:30,1,2.71,1,N,162,239,1,15.6,1.0,0.5,4.27,0.0,1.0,25.62,2.5,0.0,0.75,2025-12-01,2025-12-01,0,1,12,2,Monday,13.98,5.76
1,2025-12-01T00:07:35.000+05:30,2025-12-01T00:10:09.000+05:30,3,0.3,1,N,230,230,1,4.4,4.25,0.5,2.0,0.0,1.0,12.15,2.5,0.0,0.75,2025-12-01,2025-12-01,0,0,12,2,Monday,2.57,14.67
1,2025-12-01T00:28:29.000+05:30,2025-12-01T00:41:26.000+05:30,1,3.2,1,N,230,24,1,17.0,4.25,0.5,1.0,0.0,1.0,23.75,2.5,0.0,0.75,2025-12-01,2025-12-01,0,0,12,2,Monday,12.95,5.31
1,2025-12-01T00:49:12.000+05:30,2025-12-01T01:08:14.000+05:30,1,3.3,1,N,142,75,1,19.8,3.5,0.5,4.95,0.0,1.0,29.75,2.5,0.0,0.0,2025-12-01,2025-12-01,0,1,12,2,Monday,19.03,6.0
2,2025-12-01T00:39:35.000+05:30,2025-12-01T00:57:05.000+05:30,1,8.96,1,N,138,60,1,37.3,6.0,0.5,5.0,6.94,1.0,58.49,0.0,1.75,0.0,2025-12-01,2025-12-01,0,0,12,2,Monday,17.5,4.16
1,2025-12-01T00:04:12.000+05:30,2025-12-01T00:19:44.000+05:30,1,8.3,1,N,138,162,1,32.4,11.0,0.5,10.35,6.94,1.0,62.19,2.5,1.75,0.75,2025-12-01,2025-12-01,0,0,12,2,Monday,15.53,3.9
1,2025-12-01T00:43:03.000+05:30,2025-12-01T00:52:32.000+05:30,1,2.1,1,N,186,79,1,10.7,4.25,0.5,4.1,0.0,1.0,20.55,2.5,0.0,0.75,2025-12-01,2025-12-01,0,0,12,2,Monday,9.48,5.1
2,2025-12-01T00:36:15.000+05:30,2025-12-01T01:09:38.000+05:30,1,18.55,2,N,132,142,1,70.0,0.0,0.5,10.0,0.0,1.0,85.75,2.5,1.75,0.0,2025-12-01,2025-12-01,0,1,12,2,Monday,33.38,3.77
2,2025-12-01T00:41:31.000+05:30,2025-12-01T00:55:28.000+05:30,1,3.33,1,N,68,236,1,17.7,1.0,0.5,4.5,0.0,1.0,27.95,2.5,0.0,0.75,2025-12-01,2025-12-01,0,0,12,2,Monday,13.95,5.32
2,2025-12-01T00:08:23.000+05:30,2025-12-01T00:41:33.000+05:30,1,20.15,2,N,132,238,1,70.0,0.0,0.5,16.19,6.94,1.0,98.88,2.5,1.75,0.0,2025-12-01,2025-12-01,0,0,12,2,Monday,33.17,3.47
1,2025-12-01T00:08:35.000+05:30,2025-12-01T00:37:16.000+05:30,3,6.0,1,N,68,49,1,28.9,4.25,0.5,6.9,0.0,1.0,41.55,2.5,0.0,0.75,2025-12-01,2025-12-01,0,0,12,2,Monday,28.68,4.82
1,2025-12-01T00:20:19.000+05:30,2025-12-01T00:48:08.000+05:30,1,3.2,99,N,243,78,1,22.5,0.0,0.5,0.0,0.0,0.0,23.0,0.0,0.0,0.0,2025-12-01,2025-12-01,0,0,12,2,Monday,27.82,7.03
2,2025-12-01T00:54:13.000+05:30,2025-12-01T01:08:47.000+05:30,1,8.64,1,N,138,162,1,33.1,6.0,0.5,10.16,6.94,1.0,62.7,2.5,1.75,0.75,2025-12-01,2025-12-01,0,1,12,2,Monday,14.57,3.83
2,2025-12-01T00:14:13.000+05:30,2025-12-01T00:44:40.000+05:30,1,17.77,2,N,132,48,1,70.0,0.0,0.5,16.34,6.94,1.0,99.78,2.5,1.75,0.75,2025-12-01,2025-12-01,0,0,12,2,Monday,30.45,3.94
2,2025-12-01T00:12:27.000+05:30,2025-12-01T00:18:41.000+05:30,1,1.17,1,N,237,229,1,8.6,1.0,0.5,2.87,0.0,1.0,17.22,2.5,0.0,0.75,2025-12-01,2025-12-01,0,0,12,2,Monday,6.23,7.35
1,2025-12-01T00:39:28.000+05:30,2025-12-01T01:19:06.000+05:30,1,17.9,1,N,132,7,1,69.5,2.75,0.5,14.75,0.0,1.0,88.5,0.0,1.75,0.0,2025-12-01,2025-12-01,0,1,12,2,Monday,39.63,3.88
2,2025-12-01T00:00:34.000+05:30,2025-12-01T00:33:54.000+05:30,1,10.77,1,N,142,189,1,47.1,1.0,0.5,13.03,0.0,1.0,65.13,2.5,0.0,0.0,2025-12-01,2025-12-01,0,0,12,2,Monday,33.33,4.37
2,2025-12-01T00:20:57.000+05:30,2025-12-01T00:35:40.000+05:30,1,7.31,1,N,138,256,1,31.0,6.0,0.5,6.0,0.0,1.0,46.25,0.0,1.75,0.0,2025-12-01,2025-12-01,0,0,12,2,Monday,14.72,4.24
1,2025-12-01T00:07:45.000+05:30,2025-12-01T00:08:33.000+05:30,1,0.0,1,N,186,186,4,3.0,4.25,0.5,0.0,0.0,1.0,8.75,2.5,0.0,0.75,2025-12-01,2025-12-01,0,0,12,2,Monday,0.8,
1,2025-12-01T00:14:00.000+05:30,2025-12-01T00:34:16.000+05:30,1,5.3,1,N,186,226,1,25.4,4.25,0.5,7.75,0.0,1.0,38.9,2.5,0.0,0.75,2025-12-01,2025-12-01,0,0,12,2,Monday,20.27,4.79
1,2025-12-01T00:18:01.000+05:30,2025-12-01T00:48:24.000+05:30,1,4.1,99,N,143,116,1,28.5,0.0,0.5,0.0,0.0,0.0,29.0,0.0,0.0,0.0,2025-12-01,2025-12-01,0,0,12,2,Monday,30.38,6.95
2,2025-12-01T00:37:48.000+05:30,2025-12-01T00:40:42.000+05:30,2,0.62,1,N,75,262,2,5.8,1.0,0.5,0.0,0.0,1.0,10.8,2.5,0.0,0.0,2025-12-01,2025-12-01,0,0,12,2,Monday,2.9,9.35
2,2025-12-01T00:35:07.000+05:30,2025-12-01T01:00:25.000+05:30,2,9.91,1,N,138,239,1,42.2,6.0,0.5,4.0,6.94,1.0,64.89,2.5,1.75,0.0,2025-12-01,2025-12-01,0,1,12,2,Monday,25.3,4.26
2,2025-12-01T00:07:36.000+05:30,2025-12-01T00:16:46.000+05:30,1,2.32,1,N,161,262,1,12.1,1.0,0.5,0.0,0.0,1.0,17.85,2.5,0.0,0.75,2025-12-01,2025-12-01,0,0,12,2,Monday,9.17,5.22
2,2025-12-01T00:11:11.000+05:30,2025-12-01T00:21:19.000+05:30,1,1.96,1,N,186,162,1,12.1,1.0,0.5,3.57,0.0,1.0,21.42,2.5,0.0,0.75,2025-12-01,2025-12-01,0,0,12,2,Monday,10.13,6.17
2,2025-12-01T00:42:01.000+05:30,2025-12-01T00:47:08.000+05:30,1,1.01,1,N,48,167,1,7.2,1.0,0.5,2.59,0.0,1.0,15.54,2.5,0.0,0.75,2025-12-01,2025-12-01,0,0,12,2,Monday,5.12,7.13
1,2025-12-01T00:00:29.000+05:30,2025-12-01T00:28:40.000+05:30,1,9.7,1,N,138,61,1,40.8,7.75,0.5,10.0,0.0,1.0,60.05,0.0,1.75,0.0,2025-12-01,2025-12-01,0,0,12,2,Monday,28.18,4.21
1,2025-12-01T00:40:12.000+05:30,2025-12-01T00:54:04.000+05:30,1,3.5,1,N,186,87,1,16.3,4.25,0.5,4.4,0.0,1.0,26.45,2.5,0.0,0.75,2025-12-01,2025-12-01,0,0,12,2,Monday,13.87,4.66
7,2025-12-01T00:19:52.000+05:30,2025-12-01T00:19:52.000+05:30,2,0.71,1,N,234,164,1,6.5,0.0,0.5,3.67,0.0,1.0,15.92,2.5,0.0,0.75,2025-12-01,2025-12-01,0,0,12,2,Monday,0.0,9.15
7,2025-12-01T00:31:42.000+05:30,2025-12-01T00:31:42.000+05:30,1,0.45,1,N,237,237,2,4.4,0.0,0.5,0.0,0.0,1.0,9.4,2.5,0.0,0.0,2025-12-01,2025-12-01,0,0,12,2,Monday,0.0,9.78
2,2025-12-01T00:08:02.000+05:30,2025-12-01T00:23:39.000+05:30,1,9.75,1,N,138,114,1,38.0,6.0,0.5,9.75,0.0,1.0,60.25,2.5,1.75,0.75,2025-12-01,2025-12-01,0,0,12,2,Monday,15.62,3.9
2,2025-12-01T00:50:52.000+05:30,2025-12-01T01:05:22.000+05:30,3,6.25,1,N,132,28,2,25.4,1.0,0.5,0.0,0.0,1.0,29.65,0.0,1.75,0.0,2025-12-01,2025-12-01,0,1,12,2,Monday,14.5,4.06
2,2025-12-01T00:05:11.000+05:30,2025-12-01T00:30:09.000+05:30,1,9.27,1,N,138,163,1,40.8,6.0,0.5,12.89,0.0,1.0,66.19,2.5,1.75,0.75,2025-12-01,2025-12-01,0,0,12,2,Monday,24.97,4.4
2,2025-11-30T23:58:17.000+05:30,2025-12-01T00:18:36.000+05:30,2,10.93,1,N,138,114,1,42.9,6.0,0.5,0.0,0.0,1.0,55.4,2.5,1.75,0.75,2025-11-30,2025-12-01,23,0,11,1,Sunday,20.32,3.92
2,2025-12-01T00:37:53.000+05:30,2025-12-01T00:40:28.000+05:30,1,1.03,1,N,229,140,1,6.5,1.0,0.5,2.45,0.0,1.0,14.7,2.5,0.0,0.75,2025-12-01,2025-12-01,0,0,12,2,Monday,2.58,6.31
2,2025-12-01T00:29:37.000+05:30,2025-12-01T00:37:22.000+05:30,1,1.49,1,N,186,137,1,10.0,1.0,0.5,3.0,0.0,1.0,18.75,2.5,0.0,0.75,2025-12-01,2025-12-01,0,0,12,2,Monday,7.75,6.71
1,2025-12-01T00:38:32.000+05:30,2025-12-01T00:41:25.000+05:30,1,0.6,1,N,230,161,2,5.1,4.25,0.5,0.0,0.0,1.0,10.85,2.5,0.0,0.75,2025-12-01,2025-12-01,0,0,12,2,Monday,2.88,8.5
2,2025-12-01T00:52:13.000+05:30,2025-12-01T01:04:57.000+05:30,2,11.5,1,N,132,19,1,42.9,1.0,0.5,9.08,0.0,1.0,56.23,0.0,1.75,0.0,2025-12-01,2025-12-01,0,1,12,2,Monday,12.73,3.73
2,2025-12-01T00:15:01.000+05:30,2025-12-01T00:51:52.000+05:30,4,16.84,1,N,138,265,4,67.4,6.0,0.5,0.0,0.0,1.0,76.65,0.0,1.75,0.0,2025-12-01,2025-12-01,0,0,12,2,Monday,36.85,4.0
1,2025-12-01T00:10:02.000+05:30,2025-12-01T00:29:30.000+05:30,2,9.2,1,N,138,164,1,37.3,11.0,0.5,15.0,6.94,1.0,71.74,2.5,1.75,0.75,2025-12-01,2025-12-01,0,0,12,2,Monday,19.47,4.05
2,2025-12-01T00:16:56.000+05:30,2025-12-01T00:43:49.000+05:30,1,9.92,1,N,138,143,1,42.2,6.0,0.5,10.59,0.0,1.0,65.29,2.5,1.75,0.75,2025-12-01,2025-12-01,0,0,12,2,Monday,26.88,4.25
2,2025-12-01T00:15:14.000+05:30,2025-12-01T00:46:59.000+05:30,1,13.59,1,N,132,188,2,54.8,1.0,0.5,0.0,0.0,1.0,59.05,0.0,1.75,0.0,2025-12-01,2025-12-01,0,0,12,2,Monday,31.75,4.03
1,2025-12-01T00:42:38.000+05:30,2025-12-01T01:10:51.000+05:30,1,13.8,99,N,4,174,1,44.5,0.0,0.5,0.0,0.0,0.0,45.0,0.0,0.0,0.0,2025-12-01,2025-12-01,0,1,12,2,Monday,28.22,3.22
2,2025-12-01T00:10:34.000+05:30,2025-12-01T00:10:53.000+05:30,1,0.07,2,N,170,233,2,70.0,0.0,0.5,0.0,6.94,1.0,81.69,2.5,0.0,0.75,2025-12-01,2025-12-01,0,0,12,2,Monday,0.32,1000.0
2,2025-12-01T00:26:20.000+05:30,2025-12-01T00:29:50.000+05:30,1,0.68,1,N,42,42,2,5.8,1.0,0.5,0.0,0.0,1.0,8.3,0.0,0.0,0.0,2025-12-01,2025-12-01,0,0,12,2,Monday,3.5,8.53
2,2025-12-01T00:37:27.000+05:30,2025-12-01T01:04:31.000+05:30,1,10.17,1,N,138,42,1,44.3,6.0,0.5,5.0,6.94,1.0,65.49,0.0,1.75,0.0,2025-12-01,2025-12-01,0,1,12,2,Monday,27.07,4.36
2,2025-12-01T00:52:11.000+05:30,2025-12-01T01:17:32.000+05:30,1,18.47,1,N,132,65,1,68.1,1.0,0.5,10.0,0.0,1.0,82.35,0.0,1.75,0.0,2025-12-01,2025-12-01,0,1,12,2,Monday,25.35,3.69
2,2025-12-01T00:32:50.000+05:30,2025-12-01T00:55:21.000+05:30,1,9.66,1,N,89,37,1,40.1,1.0,0.5,8.52,0.0,1.0,51.12,0.0,0.0,0.0,2025-12-01,2025-12-01,0,0,12,2,Monday,22.52,4.15
2,2025-12-01T00:41:02.000+05:30,2025-12-01T00:59:56.000+05:30,1,8.8,1,N,138,238,1,35.2,6.0,0.5,10.43,6.94,1.0,64.32,2.5,1.75,0.0,2025-12-01,2025-12-01,0,0,12,2,Monday,18.9,4.0
2,2025-12-01T00:14:53.000+05:30,2025-12-01T00:37:21.000+05:30,1,14.58,1,N,138,209,1,54.8,6.0,0.5,14.5,6.94,1.0,88.74,2.5,1.75,0.75,2025-12-01,2025-12-01,0,0,12,2,Monday,22.47,3.76
1,2025-12-01T00:31:34.000+05:30,2025-12-01T00:56:38.000+05:30,1,18.6,5,N,132,107,1,95.0,0.75,0.0,5.0,0.0,1.0,101.75,0.0,0.0,0.75,2025-12-01,2025-12-01,0,0,12,2,Monday,25.07,5.11
2,2025-12-01T00:49:13.000+05:30,2025-12-01T01:02:11.000+05:30,1,5.34,1,N,132,216,4,22.6,1.0,0.5,0.0,0.0,1.0,26.85,0.0,1.75,0.0,2025-12-01,2025-12-01,0,1,12,2,Monday,12.97,4.23
1,2025-12-01T00:22:44.000+05:30,2025-12-01T00:28:27.000+05:30,1,1.3,1,N,249,90,1,7.9,4.25,0.5,2.75,0.0,1.0,16.4,2.5,0.0,0.75,2025-12-01,2025-12-01,0,0,12,2,Monday,5.72,6.08
2,2025-12-01T00:04:37.000+05:30,2025-12-01T00:19:53.000+05:30,1,9.69,1,N,138,244,1,38.0,6.0,0.5,5.42,6.94,1.0,59.61,0.0,1.75,0.0,2025-12-01,2025-12-01,0,0,12,2,Monday,15.27,3.92
1,2025-12-01T00:06:53.000+05:30,2025-12-01T00:34:22.000+05:30,1,11.1,99,N,170,32,1,40.5,0.0,0.5,0.0,0.0,0.0,41.0,0.0,0.0,0.0,2025-12-01,2025-12-01,0,0,12,2,Monday,27.48,3.65
2,2025-12-01T00:51:23.000+05:30,2025-12-01T01:19:19.000+05:30,1,18.68,2,N,132,148,1,70.0,0.0,0.5,14.95,0.0,1.0,91.45,2.5,1.75,0.75,2025-12-01,2025-12-01,0,1,12,2,Monday,27.93,3.75
2,2025-12-01T00:13:06.000+05:30,2025-12-01T00:22:56.000+05:30,1,2.25,1,N,142,75,1,12.8,1.0,0.5,3.56,0.0,1.0,21.36,2.5,0.0,0.0,2025-12-01,2025-12-01,0,0,12,2,Monday,9.83,5.69
1,2025-12-01T00:10:11.000+05:30,2025-12-01T00:11:46.000+05:30,1,0.3,1,N,137,170,4,3.7,4.25,0.5,0.0,0.0,1.0,9.45,2.5,0.0,0.75,2025-12-01,2025-12-01,0,0,12,2,Monday,1.58,12.33
2,2025-12-01T00:11:16.000+05:30,2025-12-01T00:19:47.000+05:30,5,1.58,1,N,186,161,2,10.7,1.0,0.5,0.0,0.0,1.0,16.45,2.5,0.0,0.75,2025-12-01,2025-12-01,0,0,12,2,Monday,8.52,6.77
2,2025-12-01T00:37:15.000+05:30,2025-12-01T01:03:18.000+05:30,1,15.33,1,N,138,259,4,59.0,6.0,0.5,0.0,6.94,1.0,75.19,0.0,1.75,0.0,2025-12-01,2025-12-01,0,1,12,2,Monday,26.05,3.85
1,2025-12-01T00:26:41.000+05:30,2025-12-01T00:42:53.000+05:30,2,3.4,1,N,162,148,1,18.4,4.25,0.5,4.8,0.0,1.0,28.95,2.5,0.0,0.75,2025-12-01,2025-12-01,0,0,12,2,Monday,16.2,5.41
2,2025-12-01T00:00:21.000+05:30,2025-12-01T00:08:29.000+05:30,1,3.85,1,N,132,10,1,17.0,1.0,0.5,3.9,0.0,1.0,25.15,0.0,1.75,0.0,2025-12-01,2025-12-01,0,0,12,2,Monday,8.13,4.42
2,2025-12-01T00:49:25.000+05:30,2025-12-01T01:21:03.000+05:30,1,18.76,2,N,132,48,1,70.0,0.0,0.5,16.69,6.94,1.0,100.13,2.5,1.75,0.75,2025-12-01,2025-12-01,0,1,12,2,Monday,31.63,3.73
2,2025-12-01T00:15:52.000+05:30,2025-12-01T00:21:06.000+05:30,1,1.02,1,N,249,144,1,7.9,1.0,0.5,1.0,0.0,1.0,14.65,2.5,0.0,0.75,2025-12-01,2025-12-01,0,0,12,2,Monday,5.23,7.75
2,2025-12-01T00:28:16.000+05:30,2025-12-01T00:39:59.000+05:30,1,2.47,1,N,170,143,1,14.9,1.0,0.5,4.13,0.0,1.0,24.78,2.5,0.0,0.75,2025-12-01,2025-12-01,0,0,12,2,Monday,11.72,6.03
2,2025-12-01T00:31:09.000+05:30,2025-12-01T01:02:19.000+05:30,1,18.06,2,N,132,246,1,70.0,0.0,0.5,10.0,6.94,1.0,93.44,2.5,1.75,0.75,2025-12-01,2025-12-01,0,1,12,2,Monday,31.17,3.88
2,2025-12-01T00:35:14.000+05:30,2025-12-01T00:59:54.000+05:30,1,9.02,1,N,138,237,1,38.7,6.0,0.5,14.84,0.0,1.0,66.04,2.5,1.75,0.75,2025-12-01,2025-12-01,0,0,12,2,Monday,24.67,4.29
2,2025-12-01T00:08:21.000+05:30,2025-12-01T00:16:56.000+05:30,1,2.03,1,N,230,113,1,11.4,1.0,0.5,0.75,0.0,1.0,17.9,2.5,0.0,0.75,2025-12-01,2025-12-01,0,0,12,2,Monday,8.58,5.62
1,2025-12-01T00:31:13.000+05:30,2025-12-01T00:58:31.000+05:30,1,15.2,4,N,138,265,3,61.1,7.75,0.5,0.0,0.0,1.0,70.35,0.0,1.75,0.0,2025-12-01,2025-12-01,0,0,12,2,Monday,27.3,4.02
2,2025-12-01T00:04:00.000+05:30,2025-12-01T00:23:00.000+05:30,1,4.98,1,N,186,263,1,26.1,1.0,0.5,6.37,0.0,1.0,38.22,2.5,0.0,0.75,2025-12-01,2025-12-01,0,0,12,2,Monday,19.0,5.24
2,2025-12-01T00:57:47.000+05:30,2025-12-01T01:03:55.000+05:30,1,1.18,1,N,186,170,1,8.6,1.0,0.5,0.0,0.0,1.0,14.35,2.5,0.0,0.75,2025-12-01,2025-12-01,0,1,12,2,Monday,6.13,7.29
2,2025-12-01T00:56:33.000+05:30,2025-12-01T01:07:31.000+05:30,1,8.67,1,N,132,39,2,33.1,1.0,0.5,0.0,0.0,1.0,37.35,0.0,1.75,0.0,2025-12-01,2025-12-01,0,1,12,2,Monday,10.97,3.82
1,2025-12-01T00:52:27.000+05:30,2025-12-01T01:20:26.000+05:30,1,17.1,2,N,132,161,1,70.0,5.0,0.5,16.7,6.94,1.0,100.14,2.5,1.75,0.75,2025-12-01,2025-12-01,0,1,12,2,Monday,27.98,4.09
2,2025-12-01T00:09:46.000+05:30,2025-12-01T00:16:40.000+05:30,1,1.44,1,N,246,90,1,9.3,1.0,0.5,3.01,0.0,1.0,18.06,2.5,0.0,0.75,2025-12-01,2025-12-01,0,0,12,2,Monday,6.9,6.46
2,2025-12-01T00:07:27.000+05:30,2025-12-01T00:18:58.000+05:30,1,1.41,1,N,186,170,1,12.1,1.0,0.5,2.5,0.0,1.0,20.35,2.5,0.0,0.75,2025-12-01,2025-12-01,0,0,12,2,Monday,11.52,8.58
2,2025-12-01T00:35:22.000+05:30,2025-12-01T00:43:00.000+05:30,3,1.98,1,N,230,158,1,10.7,1.0,0.5,0.0,0.0,1.0,16.45,2.5,0.0,0.75,2025-12-01,2025-12-01,0,0,12,2,Monday,7.63,5.4
1,2025-12-01T00:24:23.000+05:30,2025-12-01T00:32:35.000+05:30,1,1.3,1,N,145,226,3,9.3,1.0,0.5,0.0,0.0,1.0,11.8,0.0,0.0,0.0,2025-12-01,2025-12-01,0,0,12,2,Monday,8.2,7.15
2,2025-12-01T00:25:16.000+05:30,2025-12-01T00:25:53.000+05:30,1,0.06,1,N,70,138,2,3.0,6.0,0.5,0.0,0.0,1.0,10.5,0.0,0.0,0.0,2025-12-01,2025-12-01,0,0,12,2,Monday,0.62,50.0
2,2025-12-01T00:26:20.000+05:30,2025-12-01T00:45:50.000+05:30,1,9.8,1,N,138,234,1,38.7,6.0,0.5,5.81,6.94,1.0,63.95,2.5,1.75,0.75,2025-12-01,2025-12-01,0,0,12,2,Monday,19.5,3.95
2,2025-12-01T00:53:50.000+05:30,2025-12-01T01:11:05.000+05:30,3,7.24,1,N,132,77,1,30.3,1.0,0.5,0.0,0.0,1.0,34.55,0.0,1.75,0.0,2025-12-01,2025-12-01,0,1,12,2,Monday,17.25,4.19
2,2025-12-01T00:03:02.000+05:30,2025-12-01T00:28:31.000+05:30,1,7.09,1,N,138,152,2,34.5,6.0,0.5,0.0,6.94,1.0,53.19,2.5,1.75,0.0,2025-12-01,2025-12-01,0,0,12,2,Monday,25.48,4.87
2,2025-12-01T00:58:52.000+05:30,2025-12-01T01:28:57.000+05:30,1,17.84,1,N,132,145,1,68.8,1.0,0.5,14.26,0.0,1.0,87.31,0.0,1.75,0.0,2025-12-01,2025-12-01,0,1,12,2,Monday,30.08,3.86
2,2025-12-01T00:04:44.000+05:30,2025-12-01T00:34:21.000+05:30,2,18.22,2,N,132,170,1,70.0,0.0,0.5,7.65,0.0,1.0,84.15,2.5,1.75,0.75,2025-12-01,2025-12-01,0,0,12,2,Monday,29.62,3.84
2,2025-12-01T00:13:41.000+05:30,2025-12-01T00:26:07.000+05:30,1,8.28,1,N,138,170,1,31.7,6.0,0.5,9.88,6.94,1.0,61.02,2.5,1.75,0.75,2025-12-01,2025-12-01,0,0,12,2,Monday,12.43,3.83
2,2025-12-01T00:08:03.000+05:30,2025-12-01T00:31:01.000+05:30,1,10.25,1,N,138,258,1,42.2,6.0,0.5,9.94,0.0,1.0,61.39,0.0,1.75,0.0,2025-12-01,2025-12-01,0,0,12,2,Monday,22.97,4.12
2,2025-12-01T00:17:37.000+05:30,2025-12-01T00:33:14.000+05:30,2,8.87,1,N,70,97,1,35.2,6.0,0.5,2.0,0.0,1.0,49.7,2.5,1.75,0.75,2025-12-01,2025-12-01,0,0,12,2,Monday,15.62,3.97
2,2025-12-01T00:24:19.000+05:30,2025-12-01T00:47:17.000+05:30,2,7.7,1,N,79,166,1,34.5,1.0,0.5,3.0,0.0,1.0,43.25,2.5,0.0,0.75,2025-12-01,2025-12-01,0,0,12,2,Monday,22.97,4.48
2,2025-12-01T00:02:52.000+05:30,2025-12-01T00:33:28.000+05:30,2,17.91,2,N,132,163,1,70.0,0.0,0.5,16.34,6.94,1.0,99.78,2.5,1.75,0.75,2025-12-01,2025-12-01,0,0,12,2,Monday,30.6,3.91
2,2025-12-01T00:32:33.000+05:30,2025-12-01T00:45:48.000+05:30,3,8.02,1,N,138,262,1,31.7,6.0,0.5,10.08,6.94,1.0,60.47,2.5,1.75,0.0,2025-12-01,2025-12-01,0,0,12,2,Monday,13.25,3.95
1,2025-12-01T00:44:02.000+05:30,2025-12-01T01:18:00.000+05:30,1,18.0,2,N,132,48,1,70.0,5.0,0.5,16.65,6.94,1.0,100.09,2.5,1.75,0.75,2025-12-01,2025-12-01,0,1,12,2,Monday,33.97,3.89
2,2025-12-01T00:05:51.000+05:30,2025-12-01T00:08:16.000+05:30,1,0.63,1,N,186,234,1,5.1,1.0,0.5,2.17,0.0,1.0,13.02,2.5,0.0,0.75,2025-12-01,2025-12-01,0,0,12,2,Monday,2.42,8.1
2,2025-12-01T00:56:45.000+05:30,2025-12-01T01:13:14.000+05:30,1,9.37,1,N,70,148,1,37.3,6.0,0.5,9.61,0.0,1.0,59.41,2.5,1.75,0.75,2025-12-01,2025-12-01,0,1,12,2,Monday,16.48,3.98
2,2025-12-01T00:16:54.000+05:30,2025-12-01T00:32:01.000+05:30,1,5.79,1,N,141,148,2,26.1,1.0,0.5,0.0,0.0,1.0,31.85,2.5,0.0,0.75,2025-12-01,2025-12-01,0,0,12,2,Monday,15.12,4.51
2,2025-12-01T00:02:58.000+05:30,2025-12-01T00:14:50.000+05:30,1,2.1,1,N,186,142,1,13.5,1.0,0.5,1.0,0.0,1.0,20.25,2.5,0.0,0.75,2025-12-01,2025-12-01,0,0,12,2,Monday,11.87,6.43
2,2025-12-01T00:23:13.000+05:30,2025-12-01T00:30:07.000+05:30,1,2.26,1,N,142,68,1,11.4,1.0,0.5,3.43,0.0,1.0,20.58,2.5,0.0,0.75,2025-12-01,2025-12-01,0,0,12,2,Monday,6.9,5.04
2,2025-12-01T00:38:25.000+05:30,2025-12-01T00:57:22.000+05:30,1,10.6,1,N,138,47,1,40.8,6.0,0.5,5.0,6.94,1.0,61.99,0.0,1.75,0.0,2025-12-01,2025-12-01,0,0,12,2,Monday,18.95,3.85
2,2025-12-01T00:12:23.000+05:30,2025-12-01T00:31:13.000+05:30,1,4.79,1,N,48,152,1,23.3,1.0,0.5,5.81,0.0,1.0,34.86,2.5,0.0,0.75,2025-12-01,2025-12-01,0,0,12,2,Monday,18.83,4.86
2,2025-12-01T00:59:23.000+05:30,2025-12-01T01:12:13.000+05:30,1,3.09,1,N,142,107,1,16.3,1.0,0.5,3.0,0.0,1.0,25.05,2.5,0.0,0.75,2025-12-01,2025-12-01,0,1,12,2,Monday,12.83,5.28
2,2025-12-01T00:40:48.000+05:30,2025-12-01T00:42:39.000+05:30,2,0.73,1,N,107,137,1,5.1,1.0,0.5,2.17,0.0,1.0,13.02,2.5,0.0,0.75,2025-12-01,2025-12-01,0,0,12,2,Monday,1.85,6.99
2,2025-12-01T00:58:38.000+05:30,2025-12-01T01:31:25.000+05:30,1,17.16,3,N,1,137,1,88.1,1.0,0.0,0.0,14.06,1.0,106.86,0.0,0.0,0.75,2025-12-01,2025-12-01,0,1,12,2,Monday,32.78,5.13
2,2025-12-01T00:07:28.000+05:30,2025-12-01T00:23:58.000+05:30,1,8.96,1,N,138,162,1,35.9,6.0,0.5,13.4,6.94,1.0,68.74,2.5,1.75,0.75,2025-12-01,2025-12-01,0,0,12,2,Monday,16.5,4.01
2,2025-12-01T00:27:41.000+05:30,2025-12-01T00:56:22.000+05:30,1,17.84,2,N,132,234,1,70.0,0.0,0.5,8.34,6.94,1.0,91.78,2.5,1.75,0.75,2025-12-01,2025-12-01,0,0,12,2,Monday,28.68,3.92
2,2025-12-01T00:06:53.000+05:30,2025-12-01T00:28:42.000+05:30,1,4.23,1,N,186,75,2,21.2,1.0,0.5,0.0,0.0,1.0,26.95,2.5,0.0,0.75,2025-12-01,2025-12-01,0,0,12,2,Monday,21.82,5.01
2,2025-12-01T00:32:50.000+05:30,2025-12-01T00:40:12.000+05:30,1,1.88,1,N,75,24,1,10.7,1.0,0.5,2.64,0.0,1.0,15.84,0.0,0.0,0.0,2025-12-01,2025-12-01,0,0,12,2,Monday,7.37,5.69
2,2025-12-01T00:05:26.000+05:30,2025-12-01T00:22:41.000+05:30,1,10.09,1,N,138,79,1,39.4,6.0,0.5,10.03,0.0,1.0,61.93,2.5,1.75,0.75,2025-12-01,2025-12-01,0,0,12,2,Monday,17.25,3.9
2,2025-12-01T00:05:31.000+05:30,2025-12-01T00:15:53.000+05:30,1,3.36,1,N,132,10,2,17.0,1.0,0.5,0.0,0.0,1.0,21.25,0.0,1.75,0.0,2025-12-01,2025-12-01,0,0,12,2,Monday,10.37,5.06
2,2025-12-01T00:56:48.000+05:30,2025-12-01T01:05:55.000+05:30,1,7.27,1,N,132,93,2,28.2,1.0,0.5,0.0,0.0,1.0,32.45,0.0,1.75,0.0,2025-12-01,2025-12-01,0,1,12,2,Monday,9.12,3.88
2,2025-12-01T00:24:08.000+05:30,2025-12-01T00:24:20.000+05:30,2,0.05,2,N,75,75,1,70.0,0.0,0.5,5.0,6.94,1.0,83.44,0.0,0.0,0.0,2025-12-01,2025-12-01,0,0,12,2,Monday,0.2,1400.0
2,2025-12-01T00:48:12.000+05:30,2025-12-01T01:14:55.000+05:30,5,15.21,1,N,132,145,1,58.3,1.0,0.5,12.51,0.0,1.0,75.06,0.0,1.75,0.0,2025-12-01,2025-12-01,0,1,12,2,Monday,26.72,3.83
2,2025-12-01T00:01:01.000+05:30,2025-12-01T00:27:58.000+05:30,1,10.23,1,N,138,166,1,42.9,6.0,0.5,11.47,6.94,1.0,70.56,0.0,1.75,0.0,2025-12-01,2025-12-01,0,0,12,2,Monday,26.95,4.19
2,2025-12-01T00:14:27.000+05:30,2025-12-01T00:39:42.000+05:30,1,10.07,1,N,138,236,1,40.8,6.0,0.5,10.51,0.0,1.0,63.06,2.5,1.75,0.0,2025-12-01,2025-12-01,0,0,12,2,Monday,25.25,4.05
2,2025-12-01T00:15:04.000+05:30,2025-12-01T00:37:15.000+05:30,1,8.68,1,N,138,24,1,36.6,6.0,0.5,10.21,6.94,1.0,63.0,0.0,1.75,0.0,2025-12-01,2025-12-01,0,0,12,2,Monday,22.18,4.22
2,2025-12-01T00:06:14.000+05:30,2025-12-01T00:27:42.000+05:30,1,10.43,1,N,138,79,1,41.5,6.0,0.5,10.45,0.0,1.0,64.45,2.5,1.75,0.75,2025-12-01,2025-12-01,0,0,12,2,Monday,21.47,3.98
1,2025-12-01T00:44:18.000+05:30,2025-12-01T00:44:24.000+05:30,1,4.2,1,N,132,132,4,3.0,2.75,0.5,0.0,0.0,1.0,7.25,0.0,1.75,0.0,2025-12-01,2025-12-01,0,0,12,2,Monday,0.1,0.71
1,2025-12-01T00:44:53.000+05:30,2025-12-01T01:14:46.000+05:30,1,18.4,2,N,132,166,1,70.0,1.75,0.5,16.0,6.94,1.0,96.19,0.0,1.75,0.0,2025-12-01,2025-12-01,0,1,12,2,Monday,29.88,3.8
2,2025-12-01T00:33:07.000+05:30,2025-12-01T00:46:21.000+05:30,2,9.97,1,N,132,82,4,37.3,1.0,0.5,0.0,0.0,1.0,41.55,0.0,1.75,0.0,2025-12-01,2025-12-01,0,0,12,2,Monday,13.23,3.74
2,2025-12-01T00:37:56.000+05:30,2025-12-01T01:09:34.000+05:30,1,18.98,1,N,132,189,1,73.0,1.0,0.5,15.1,0.0,1.0,92.35,0.0,1.75,0.0,2025-12-01,2025-12-01,0,1,12,2,Monday,31.63,3.85
2,2025-12-01T00:04:37.000+05:30,2025-12-01T00:24:47.000+05:30,2,11.61,1,N,138,87,1,45.0,6.0,0.5,11.15,0.0,1.0,68.65,2.5,1.75,0.75,2025-12-01,2025-12-01,0,0,12,2,Monday,20.17,3.88
2,2025-12-01T00:47:18.000+05:30,2025-12-01T01:01:21.000+05:30,1,8.23,1,N,186,244,1,32.4,1.0,0.5,1.0,0.0,1.0,39.15,2.5,0.0,0.75,2025-12-01,2025-12-01,0,1,12,2,Monday,14.05,3.94
2,2025-12-01T00:07:05.000+05:30,2025-12-01T00:26:49.000+05:30,1,9.75,1,N,138,263,1,39.4,6.0,0.5,11.27,6.94,1.0,69.36,2.5,1.75,0.0,2025-12-01,2025-12-01,0,0,12,2,Monday,19.73,4.04
1,2025-12-01T00:29:33.000+05:30,2025-12-01T00:50:12.000+05:30,1,14.3,1,N,132,112,1,53.4,2.75,0.5,11.5,0.0,1.0,69.15,0.0,1.75,0.0,2025-12-01,2025-12-01,0,0,12,2,Monday,20.65,3.73
2,2025-12-01T00:17:40.000+05:30,2025-12-01T00:43:57.000+05:30,1,12.36,1,N,138,90,1,49.9,6.0,0.5,12.48,0.0,1.0,74.88,2.5,1.75,0.75,2025-12-01,2025-12-01,0,0,12,2,Monday,26.28,4.04
2,2025-12-01T00:09:22.000+05:30,2025-12-01T00:20:57.000+05:30,1,2.93,1,N,163,79,1,14.9,1.0,0.5,4.13,0.0,1.0,24.78,2.5,0.0,0.75,2025-12-01,2025-12-01,0,0,12,2,Monday,11.58,5.09
2,2025-12-01T00:05:34.000+05:30,2025-12-01T00:31:09.000+05:30,2,16.38,2,N,132,164,1,70.0,0.0,0.5,10.0,6.94,1.0,93.44,2.5,1.75,0.75,2025-12-01,2025-12-01,0,0,12,2,Monday,25.58,4.27
2,2025-12-01T00:58:44.000+05:30,2025-12-01T01:30:37.000+05:30,1,20.01,1,N,132,181,1,74.4,1.0,0.5,15.0,0.0,1.0,93.65,0.0,1.75,0.0,2025-12-01,2025-12-01,0,1,12,2,Monday,31.88,3.72
2,2025-12-01T00:04:58.000+05:30,2025-12-01T00:22:30.000+05:30,1,6.95,1,N,138,75,1,30.3,6.0,0.5,5.55,6.94,1.0,52.04,0.0,1.75,0.0,2025-12-01,2025-12-01,0,0,12,2,Monday,17.53,4.36
2,2025-12-01T00:20:54.000+05:30,2025-12-01T00:48:04.000+05:30,1,8.97,1,N,100,56,1,40.1,1.0,0.5,13.2,6.94,1.0,65.99,2.5,0.0,0.75,2025-12-01,2025-12-01,0,0,12,2,Monday,27.17,4.47
2,2025-12-01T00:59:44.000+05:30,2025-12-01T01:21:31.000+05:30,1,8.96,1,N,138,230,1,37.3,6.0,0.5,11.0,6.94,1.0,67.74,2.5,1.75,0.75,2025-12-01,2025-12-01,0,1,12,2,Monday,21.78,4.16
2,2025-12-01T00:31:14.000+05:30,2025-12-01T01:01:10.000+05:30,1,18.25,2,N,132,90,1,70.0,0.0,0.5,16.34,6.94,1.0,99.78,2.5,1.75,0.75,2025-12-01,2025-12-01,0,1,12,2,Monday,29.93,3.84
2,2025-12-01T00:15:32.000+05:30,2025-12-01T00:25:17.000+05:30,1,5.35,1,N,138,95,1,21.9,6.0,0.5,5.88,0.0,1.0,37.03,0.0,1.75,0.0,2025-12-01,2025-12-01,0,0,12,2,Monday,9.75,4.09
2,2025-12-01T00:55:53.000+05:30,2025-12-01T01:26:01.000+05:30,1,17.85,2,N,132,233,2,70.0,0.0,0.5,0.0,6.94,1.0,83.44,2.5,1.75,0.75,2025-12-01,2025-12-01,0,1,12,2,Monday,30.13,3.92
1,2025-12-01T00:00:30.000+05:30,2025-12-01T00:23:13.000+05:30,1,15.7,2,N,132,170,1,70.0,5.0,0.5,10.0,6.94,1.0,93.44,2.5,1.75,0.75,2025-12-01,2025-12-01,0,0,12,2,Monday,22.72,4.46
2,2025-12-01T00:01:34.000+05:30,2025-12-01T00:11:36.000+05:30,1,4.0,1,N,132,10,2,18.4,1.0,0.5,0.0,0.0,1.0,22.65,0.0,1.75,0.0,2025-12-01,2025-12-01,0,0,12,2,Monday,10.03,4.6
2,2025-12-01T00:38:39.000+05:30,2025-12-01T01:18:46.000+05:30,1,30.37,4,N,138,265,1,160.5,6.0,0.5,0.0,6.94,1.0,176.69,0.0,1.75,0.0,2025-12-01,2025-12-01,0,1,12,2,Monday,40.12,5.28
2,2025-12-01T00:17:13.000+05:30,2025-12-01T00:26:12.000+05:30,1,5.4,1,N,132,219,2,21.9,1.0,0.5,0.0,0.0,1.0,26.15,0.0,1.75,0.0,2025-12-01,2025-12-01,0,0,12,2,Monday,8.98,4.06
2,2025-12-01T00:25:04.000+05:30,2025-12-01T00:52:09.000+05:30,1,14.36,1,N,132,36,1,54.8,1.0,0.5,11.46,0.0,1.0,70.51,0.0,1.75,0.0,2025-12-01,2025-12-01,0,0,12,2,Monday,27.08,3.82
2,2025-12-01T00:53:51.000+05:30,2025-12-01T00:57:18.000+05:30,1,2.3,1,N,132,132,2,10.7,1.0,0.5,0.0,0.0,1.0,14.95,0.0,1.75,0.0,2025-12-01,2025-12-01,0,0,12,2,Monday,3.45,4.65
2,2025-12-01T00:05:36.000+05:30,2025-12-01T00:29:56.000+05:30,4,9.31,1,N,138,142,1,40.1,6.0,0.5,5.0,0.0,1.0,57.6,2.5,1.75,0.75,2025-12-01,2025-12-01,0,0,12,2,Monday,24.33,4.31
2,2025-12-01T00:42:28.000+05:30,2025-12-01T00:54:57.000+05:30,1,5.68,1,N,132,132,1,24.0,1.0,0.5,5.3,0.0,1.0,33.55,0.0,1.75,0.0,2025-12-01,2025-12-01,0,0,12,2,Monday,12.48,4.23
1,2025-12-01T00:04:59.000+05:30,2025-12-01T00:15:53.000+05:30,1,6.2,1,N,138,112,1,24.7,7.75,0.5,6.8,0.0,1.0,40.75,0.0,1.75,0.0,2025-12-01,2025-12-01,0,0,12,2,Monday,10.9,3.98
2,2025-12-01T00:13:02.000+05:30,2025-12-01T00:32:36.000+05:30,2,11.08,1,N,138,102,1,42.9,6.0,0.5,10.08,0.0,1.0,62.23,0.0,1.75,0.0,2025-12-01,2025-12-01,0,0,12,2,Monday,19.57,3.87
2,2025-12-01T00:51:06.000+05:30,2025-12-01T01:00:27.000+05:30,1,7.07,1,N,132,93,2,27.5,1.0,0.5,0.0,0.0,1.0,31.75,0.0,1.75,0.0,2025-12-01,2025-12-01,0,1,12,2,Monday,9.35,3.89
2,2025-12-01T00:31:18.000+05:30,2025-12-01T00:38:20.000+05:30,1,0.0,1,N,244,244,2,7.9,1.0,0.5,0.0,0.0,1.0,10.4,0.0,0.0,0.0,2025-12-01,2025-12-01,0,0,12,2,Monday,7.03,
2,2025-12-01T00:25:59.000+05:30,2025-12-01T00:39:50.000+05:30,1,4.33,1,N,163,166,2,19.1,1.0,0.5,0.0,0.0,1.0,24.85,2.5,0.0,0.75,2025-12-01,2025-12-01,0,0,12,2,Monday,13.85,4.41
2,2025-12-01T00:50:18.000+05:30,2025-12-01T01:16:02.000+05:30,3,17.12,4,N,132,265,1,79.3,1.0,0.5,16.36,0.0,1.0,99.91,0.0,1.75,0.0,2025-12-01,2025-12-01,0,1,12,2,Monday,25.73,4.63
2,2025-12-01T00:33:56.000+05:30,2025-12-01T00:59:58.000+05:30,1,14.95,1,N,132,165,2,56.9,1.0,0.5,0.0,0.0,1.0,61.15,0.0,1.75,0.0,2025-12-01,2025-12-01,0,0,12,2,Monday,26.03,3.81
2,2025-12-01T00:15:46.000+05:30,2025-12-01T00:37:55.000+05:30,1,4.81,1,N,138,193,1,27.5,6.0,0.5,3.5,0.0,1.0,40.25,0.0,1.75,0.0,2025-12-01,2025-12-01,0,0,12,2,Monday,22.15,5.72
2,2025-12-01T00:56:01.000+05:30,2025-12-01T01:08:52.000+05:30,1,3.13,1,N,4,48,1,15.6,1.0,0.5,2.0,0.0,1.0,23.35,2.5,0.0,0.75,2025-12-01,2025-12-01,0,1,12,2,Monday,12.85,4.98
2,2025-12-01T00:02:00.000+05:30,2025-12-01T00:27:49.000+05:30,2,18.68,2,N,132,236,1,70.0,0.0,0.5,8.0,6.94,1.0,90.69,2.5,1.75,0.0,2025-12-01,2025-12-01,0,0,12,2,Monday,25.82,3.75
7,2025-12-01T00:22:14.000+05:30,2025-12-01T00:22:14.000+05:30,1,9.67,1,N,138,48,1,38.7,0.0,0.5,5.0,6.94,1.0,63.14,2.5,6.75,0.75,2025-12-01,2025-12-01,0,0,12,2,Monday,0.0,4.0
7,2025-12-01T00:34:05.000+05:30,2025-12-01T00:34:05.000+05:30,4,0.65,1,N,100,100,3,7.2,0.0,0.5,0.0,0.0,1.0,12.95,2.5,0.0,0.75,2025-12-01,2025-12-01,0,0,12,2,Monday,0.0,11.08
7,2025-12-01T00:39:44.000+05:30,2025-12-01T00:39:44.000+05:30,2,0.69,1,N,230,100,2,5.1,0.0,0.5,0.0,0.0,1.0,10.85,2.5,0.0,0.75,2025-12-01,2025-12-01,0,0,12,2,Monday,0.0,7.39
2,2025-12-01T00:17:53.000+05:30,2025-12-01T00:36:45.000+05:30,1,9.18,4,N,132,117,1,43.6,1.0,0.5,0.0,0.0,1.0,47.85,0.0,1.75,0.0,2025-12-01,2025-12-01,0,0,12,2,Monday,18.87,4.75
1,2025-12-01T00:55:18.000+05:30,2025-12-01T01:22:48.000+05:30,0,13.0,1,N,132,71,4,51.3,2.75,0.5,0.0,0.0,1.0,55.55,0.0,1.75,0.0,2025-12-01,2025-12-01,0,1,12,2,Monday,27.5,3.95
2,2025-12-01T00:11:01.000+05:30,2025-12-01T00:30:29.000+05:30,1,9.09,1,N,138,141,1,36.6,6.0,0.5,9.32,0.0,1.0,57.67,2.5,1.75,0.0,2025-12-01,2025-12-01,0,0,12,2,Monday,19.47,4.03
2,2025-12-01T00:08:12.000+05:30,2025-12-01T00:23:01.000+05:30,1,10.77,1,N,132,138,2,40.8,6.0,0.5,0.0,0.0,1.0,50.05,0.0,1.75,0.0,2025-12-01,2025-12-01,0,0,12,2,Monday,14.82,3.79
2,2025-12-01T00:22:55.000+05:30,2025-12-01T00:39:34.000+05:30,1,8.58,1,N,132,38,2,35.2,1.0,0.5,0.0,0.0,1.0,39.45,0.0,1.75,0.0,2025-12-01,2025-12-01,0,0,12,2,Monday,16.65,4.1
2,2025-12-01T00:15:33.000+05:30,2025-12-01T00:27:10.000+05:30,1,2.15,1,N,142,229,1,13.5,1.0,0.5,5.78,0.0,1.0,25.03,2.5,0.0,0.75,2025-12-01,2025-12-01,0,0,12,2,Monday,11.62,6.28
1,2025-12-01T00:00:39.000+05:30,2025-12-01T00:20:10.000+05:30,1,10.4,1,N,138,79,1,40.8,11.0,0.5,10.65,0.0,1.0,63.95,2.5,1.75,0.75,2025-12-01,2025-12-01,0,0,12,2,Monday,19.52,3.92
2,2025-12-01T00:19:09.000+05:30,2025-12-01T00:35:44.000+05:30,1,8.47,1,N,138,164,1,33.8,6.0,0.5,5.0,6.94,1.0,58.24,2.5,1.75,0.75,2025-12-01,2025-12-01,0,0,12,2,Monday,16.58,3.99
2,2025-12-01T00:10:58.000+05:30,2025-12-01T00:46:00.000+05:30,2,19.28,2,N,132,249,1,70.0,0.0,0.5,0.0,0.0,1.0,76.5,2.5,1.75,0.75,2025-12-01,2025-12-01,0,0,12,2,Monday,35.03,3.63
2,2025-12-01T00:47:09.000+05:30,2025-12-01T00:58:49.000+05:30,3,2.17,1,N,114,13,1,13.5,1.0,0.5,3.85,0.0,1.0,23.1,2.5,0.0,0.75,2025-12-01,2025-12-01,0,0,12,2,Monday,11.67,6.22
2,2025-12-01T00:47:43.000+05:30,2025-12-01T00:51:42.000+05:30,1,0.78,1,N,234,68,1,6.5,1.0,0.5,2.45,0.0,1.0,14.7,2.5,0.0,0.75,2025-12-01,2025-12-01,0,0,12,2,Monday,3.98,8.33
2,2025-12-01T00:02:17.000+05:30,2025-12-01T00:15:59.000+05:30,1,6.02,1,N,132,134,1,24.0,1.0,0.5,4.0,0.0,1.0,32.25,0.0,1.75,0.0,2025-12-01,2025-12-01,0,0,12,2,Monday,13.7,3.99
2,2025-12-01T00:26:07.000+05:30,2025-12-01T00:53:17.000+05:30,1,18.33,2,N,132,224,1,70.0,0.0,0.5,14.95,0.0,1.0,91.45,2.5,1.75,0.75,2025-12-01,2025-12-01,0,0,12,2,Monday,27.17,3.82
2,2025-12-01T00:11:33.000+05:30,2025-12-01T00:12:24.000+05:30,1,0.0,1,N,229,229,2,3.0,1.0,0.5,0.0,0.0,1.0,8.75,2.5,0.0,0.75,2025-12-01,2025-12-01,0,0,12,2,Monday,0.85,
2,2025-12-01T00:04:01.000+05:30,2025-12-01T00:23:10.000+05:30,1,7.6,1,N,79,168,1,31.7,1.0,0.5,1.0,0.0,1.0,38.45,2.5,0.0,0.75,2025-12-01,2025-12-01,0,0,12,2,Monday,19.15,4.17
2,2025-12-01T00:39:49.000+05:30,2025-12-01T00:44:53.000+05:30,1,0.86,1,N,141,141,1,6.5,1.0,0.5,2.88,0.0,1.0,14.38,2.5,0.0,0.0,2025-12-01,2025-12-01,0,0,12,2,Monday,5.07,7.56
2,2025-12-01T00:07:28.000+05:30,2025-12-01T00:22:34.000+05:30,1,8.07,1,N,138,255,1,32.4,6.0,0.5,7.98,0.0,1.0,49.63,0.0,1.75,0.0,2025-12-01,2025-12-01,0,0,12,2,Monday,15.1,4.01
2,2025-12-01T00:41:41.000+05:30,2025-12-01T00:45:46.000+05:30,1,2.9,1,N,132,219,2,12.8,1.0,0.5,0.0,0.0,1.0,17.05,0.0,1.75,0.0,2025-12-01,2025-12-01,0,0,12,2,Monday,4.08,4.41
2,2025-12-01T00:08:20.000+05:30,2025-12-01T00:31:11.000+05:30,4,9.8,1,N,70,239,1,40.1,1.0,0.5,9.37,6.94,1.0,61.41,2.5,0.0,0.0,2025-12-01,2025-12-01,0,0,12,2,Monday,22.85,4.09
2,2025-12-01T00:36:04.000+05:30,2025-12-01T00:47:40.000+05:30,1,9.71,1,N,132,93,2,36.6,1.0,0.5,0.0,0.0,1.0,40.85,0.0,1.75,0.0,2025-12-01,2025-12-01,0,0,12,2,Monday,11.6,3.77
2,2025-12-01T00:55:01.000+05:30,2025-12-01T01:27:17.000+05:30,1,18.47,2,N,132,166,1,70.0,0.0,0.5,15.69,6.94,1.0,95.88,0.0,1.75,0.0,2025-12-01,2025-12-01,0,1,12,2,Monday,32.27,3.79
2,2025-12-01T00:54:18.000+05:30,2025-12-01T01:26:02.000+05:30,1,17.27,2,N,132,163,1,70.0,0.0,0.5,18.69,0.0,1.0,95.19,2.5,1.75,0.75,2025-12-01,2025-12-01,0,1,12,2,Monday,31.73,4.05
2,2025-12-01T00:19:40.000+05:30,2025-12-01T00:23:29.000+05:30,2,0.64,1,N,144,148,1,6.5,1.0,0.5,0.0,0.0,1.0,12.25,2.5,0.0,0.75,2025-12-01,2025-12-01,0,0,12,2,Monday,3.82,10.16
2,2025-12-01T00:18:31.000+05:30,2025-12-01T00:20:39.000+05:30,1,0.3,1,N,230,100,2,4.4,1.0,0.5,0.0,0.0,1.0,10.15,2.5,0.0,0.75,2025-12-01,2025-12-01,0,0,12,2,Monday,2.13,14.67
2,2025-12-01T00:48:04.000+05:30,2025-12-01T00:53:06.000+05:30,2,0.76,1,N,230,68,1,7.2,1.0,0.5,1.0,0.0,1.0,13.95,2.5,0.0,0.75,2025-12-01,2025-12-01,0,0,12,2,Monday,5.03,9.47
2,2025-12-01T00:47:30.000+05:30,2025-12-01T01:21:32.000+05:30,1,26.2,1,N,132,52,1,96.1,1.0,0.5,19.72,0.0,1.0,120.07,0.0,1.75,0.0,2025-12-01,2025-12-01,0,1,12,2,Monday,34.03,3.67
2,2025-12-01T00:47:22.000+05:30,2025-12-01T01:10:56.000+05:30,1,18.68,2,N,132,262,1,70.0,0.0,0.5,12.4,6.94,1.0,95.09,2.5,1.75,0.0,2025-12-01,2025-12-01,0,1,12,2,Monday,23.57,3.75
2,2025-12-01T00:41:48.000+05:30,2025-12-01T00:48:04.000+05:30,1,4.23,1,N,132,130,2,17.7,1.0,0.5,0.0,0.0,1.0,21.95,0.0,1.75,0.0,2025-12-01,2025-12-01,0,0,12,2,Monday,6.27,4.18
2,2025-12-01T00:34:48.000+05:30,2025-12-01T00:50:56.000+05:30,1,8.38,1,N,138,170,2,33.8,6.0,0.5,0.0,6.94,1.0,53.24,2.5,1.75,0.75,2025-12-01,2025-12-01,0,0,12,2,Monday,16.13,4.03
