VendorID,tpep_pickup_datetime,tpep_dropoff_datetime,passenger_count,trip_distance,RatecodeID,store_and_fwd_flag,PULocationID,DOLocationID,payment_type,fare_amount,extra,mta_tax,tip_amount,tolls_amount,improvement_surcharge,total_amount,congestion_surcharge,Airport_fee,cbd_congestion_fee
7,Sat Nov 01 00:13:25 UTC 2025,Sat Nov 01 00:13:25 UTC 2025,1,1.68,1,N,43,186,1,14.9,0.0,0.5,1.5,0.0,1.0,22.15,2.5,0.0,0.75
2,Sat Nov 01 00:49:07 UTC 2025,Sat Nov 01 01:01:22 UTC 2025,1,2.28,1,N,142,237,1,14.2,1.0,0.5,4.99,0.0,1.0,24.94,2.5,0.0,0.75
1,Sat Nov 01 00:07:19 UTC 2025,Sat Nov 01 00:20:41 UTC 2025,0,2.7,1,N,163,238,1,15.6,4.25,0.5,4.27,0.0,1.0,25.62,2.5,0.0,0.75
2,Sat Nov 01 00:00:00 UTC 2025,Sat Nov 01 01:01:03 UTC 2025,3,12.87,1,N,138,261,1,66.7,6.0,0.5,0.0,6.94,1.0,86.14,2.5,1.75,0.75
1,Sat Nov 01 00:18:50 UTC 2025,Sat Nov 01 00:49:32 UTC 2025,0,8.4,1,N,138,37,2,39.4,7.75,0.5,0.0,0.0,1.0,48.65,0.0,1.75,0.0
2,Sat Nov 01 00:21:11 UTC 2025,Sat Nov 01 00:31:39 UTC 2025,1,0.85,1,N,90,100,2,10.7,1.0,0.5,0.0,0.0,1.0,16.45,2.5,0.0,0.75
2,Sat Nov 01 00:07:31 UTC 2025,Sat Nov 01 00:25:44 UTC 2025,1,3.01,1,N,142,170,1,19.1,1.0,0.5,1.0,0.0,1.0,25.85,2.5,0.0,0.75
2,Sat Nov 01 00:46:52 UTC 2025,Sat Nov 01 01:38:55 UTC 2025,3,3.82,1,N,237,144,1,42.2,1.0,0.5,9.59,0.0,1.0,57.54,2.5,0.0,0.75
2,Sat Nov 01 00:56:59 UTC 2025,Sat Nov 01 01:02:05 UTC 2025,1,0.89,1,N,162,161,2,7.2,1.0,0.5,0.0,0.0,1.0,12.95,2.5,0.0,0.75
2,Sat Nov 01 00:10:43 UTC 2025,Sat Nov 01 00:39:25 UTC 2025,3,2.28,1,N,234,162,1,24.0,1.0,0.5,8.93,0.0,1.0,38.68,2.5,0.0,0.75
1,Sat Nov 01 00:00:03 UTC 2025,Sat Nov 01 00:42:25 UTC 2025,2,3.3,1,N,158,88,1,35.9,4.25,0.5,2.35,0.0,1.0,44.0,2.5,0.0,0.75
1,Sat Nov 01 00:43:53 UTC 2025,Sat Nov 01 00:56:46 UTC 2025,2,1.5,1,N,88,148,1,12.8,4.25,0.5,1.0,0.0,1.0,19.55,2.5,0.0,0.75
1,Sat Nov 01 00:58:02 UTC 2025,Sat Nov 01 01:32:36 UTC 2025,2,4.7,1,N,148,236,1,32.4,4.25,0.5,9.5,0.0,1.0,47.65,2.5,0.0,0.75
2,Sat Nov 01 00:52:48 UTC 2025,Sat Nov 01 01:23:18 UTC 2025,1,5.61,1,N,87,255,1,33.1,1.0,0.5,0.0,0.0,1.0,38.85,2.5,0.0,0.75
1,Sat Nov 01 00:05:53 UTC 2025,Sat Nov 01 00:58:03 UTC 2025,1,3.9,1,N,231,43,1,40.8,4.25,0.5,0.0,0.0,1.0,46.55,2.5,0.0,0.75
2,Sat Nov 01 00:13:44 UTC 2025,Sat Nov 01 00:19:30 UTC 2025,2,1.14,1,N,141,262,1,7.9,1.0,0.5,2.0,0.0,1.0,14.9,2.5,0.0,0.0
1,Sat Nov 01 00:03:18 UTC 2025,Sat Nov 01 00:06:48 UTC 2025,2,0.6,1,N,238,24,1,5.1,1.0,0.5,1.52,0.0,1.0,9.12,0.0,0.0,0.0
1,Sat Nov 01 00:19:55 UTC 2025,Sat Nov 01 00:45:37 UTC 2025,1,4.3,1,N,236,147,1,24.7,1.0,0.5,2.0,0.0,1.0,29.2,0.0,0.0,0.0
1,Sat Nov 01 00:45:55 UTC 2025,Sat Nov 01 01:11:30 UTC 2025,1,3.0,1,N,231,137,1,24.0,4.25,0.5,3.0,0.0,1.0,32.75,2.5,0.0,0.75
2,Sat Nov 01 00:11:12 UTC 2025,Sat Nov 01 00:15:02 UTC 2025,1,0.69,1,N,237,237,2,6.5,1.0,0.5,0.0,0.0,1.0,11.5,2.5,0.0,0.0
2,Sat Nov 01 00:05:21 UTC 2025,Sat Nov 01 00:31:06 UTC 2025,1,15.47,4,N,132,265,1,84.9,1.0,0.5,17.48,0.0,1.0,106.63,0.0,1.75,0.0
7,Sat Nov 01 00:09:20 UTC 2025,Sat Nov 01 00:09:20 UTC 2025,1,1.29,1,N,79,125,1,12.8,0.0,0.5,3.71,0.0,1.0,22.26,2.5,0.0,0.75
7,Sat Nov 01 00:38:59 UTC 2025,Sat Nov 01 00:38:59 UTC 2025,1,1.66,1,N,158,79,1,21.2,0.0,0.5,5.39,0.0,1.0,32.34,2.5,0.0,0.75
7,Sat Nov 01 00:55:33 UTC 2025,Sat Nov 01 00:55:33 UTC 2025,1,1.25,1,N,79,90,1,13.5,0.0,0.5,3.0,0.0,1.0,22.25,2.5,0.0,0.75
2,Sat Nov 01 00:16:24 UTC 2025,Sat Nov 01 00:55:07 UTC 2025,1,2.68,1,N,142,249,1,31.7,1.0,0.5,11.23,0.0,1.0,48.68,2.5,0.0,0.75
2,Sat Nov 01 00:53:29 UTC 2025,Sat Nov 01 01:20:31 UTC 2025,1,3.16,1,N,4,48,1,25.4,1.0,0.5,2.0,0.0,1.0,33.15,2.5,0.0,0.75
2,Sat Nov 01 00:24:10 UTC 2025,Sat Nov 01 00:35:51 UTC 2025,2,2.8,1,N,48,24,1,15.6,1.0,0.5,3.2,0.0,1.0,24.55,2.5,0.0,0.75
2,Sat Nov 01 00:16:18 UTC 2025,Sat Nov 01 00:31:54 UTC 2025,1,7.45,1,N,143,169,1,31.7,1.0,0.5,7.34,0.0,1.0,44.04,2.5,0.0,0.0
2,Sat Nov 01 00:37:34 UTC 2025,Sat Nov 01 00:48:18 UTC 2025,1,2.02,1,N,140,142,1,12.8,1.0,0.5,0.0,0.0,1.0,17.8,2.5,0.0,0.0
2,Sat Nov 01 00:36:00 UTC 2025,Sat Nov 01 01:21:02 UTC 2025,3,3.46,1,N,107,90,1,24.0,1.0,0.5,5.95,0.0,1.0,35.7,2.5,0.0,0.75
7,Sat Nov 01 00:14:12 UTC 2025,Sat Nov 01 00:14:12 UTC 2025,1,2.89,1,N,50,263,1,16.3,0.0,0.5,4.41,0.0,1.0,26.46,2.5,0.0,0.75
2,Sat Nov 01 00:14:01 UTC 2025,Sat Nov 01 00:33:09 UTC 2025,2,1.2,1,N,234,68,1,17.0,1.0,0.5,4.55,0.0,1.0,27.3,2.5,0.0,0.75
2,Sat Nov 01 00:34:45 UTC 2025,Sat Nov 01 00:37:53 UTC 2025,2,0.2,1,N,68,68,1,5.1,1.0,0.5,2.17,0.0,1.0,13.02,2.5,0.0,0.75
2,Sat Nov 01 00:43:46 UTC 2025,Sat Nov 01 01:04:03 UTC 2025,2,2.57,1,N,68,233,1,18.4,1.0,0.5,2.0,0.0,1.0,26.15,2.5,0.0,0.75
1,Sat Nov 01 00:26:58 UTC 2025,Sat Nov 01 00:44:05 UTC 2025,2,1.4,1,N,140,233,1,14.9,4.25,0.5,4.1,0.0,1.0,24.75,2.5,0.0,0.75
1,Sat Nov 01 00:45:34 UTC 2025,Sat Nov 01 00:48:38 UTC 2025,2,0.3,1,N,233,170,1,5.1,4.25,0.5,2.15,0.0,1.0,13.0,2.5,0.0,0.75
1,Sat Nov 01 00:54:22 UTC 2025,Sat Nov 01 01:01:21 UTC 2025,2,0.7,1,N,170,137,1,7.9,4.25,0.5,4.05,0.0,1.0,17.7,2.5,0.0,0.75
2,Sat Nov 01 00:24:09 UTC 2025,Sat Nov 01 00:28:54 UTC 2025,1,0.92,1,N,141,236,1,6.5,1.0,0.5,2.3,0.0,1.0,13.8,2.5,0.0,0.0
2,Sat Nov 01 00:30:30 UTC 2025,Sat Nov 01 00:39:10 UTC 2025,1,2.21,1,N,43,151,1,11.4,1.0,0.5,1.0,0.0,1.0,17.4,2.5,0.0,0.0
2,Sat Nov 01 00:40:24 UTC 2025,Sat Nov 01 00:53:45 UTC 2025,1,2.62,1,N,151,116,1,14.9,1.0,0.5,4.35,0.0,1.0,21.75,0.0,0.0,0.0
2,Sat Nov 01 00:31:44 UTC 2025,Sat Nov 01 01:06:04 UTC 2025,1,1.58,1,N,164,114,1,27.5,1.0,0.5,2.0,0.0,1.0,35.25,2.5,0.0,0.75
2,Sat Nov 01 00:47:05 UTC 2025,Sat Nov 01 01:00:55 UTC 2025,1,6.51,1,N,138,74,1,27.5,6.0,0.5,8.39,6.94,1.0,52.08,0.0,1.75,0.0
7,Sat Nov 01 00:13:36 UTC 2025,Sat Nov 01 00:13:36 UTC 2025,1,3.19,1,N,166,262,1,17.7,0.0,0.5,4.54,0.0,1.0,27.24,2.5,0.0,0.0
7,Sat Nov 01 00:25:26 UTC 2025,Sat Nov 01 00:25:26 UTC 2025,4,0.46,1,N,238,238,1,5.1,0.0,0.5,2.02,0.0,1.0,12.12,2.5,0.0,0.0
7,Sat Nov 01 00:40:05 UTC 2025,Sat Nov 01 00:40:05 UTC 2025,2,1.2,1,N,238,166,1,9.3,0.0,0.5,2.86,0.0,1.0,17.16,2.5,0.0,0.0
1,Sat Nov 01 00:12:04 UTC 2025,Sat Nov 01 00:36:28 UTC 2025,1,4.4,1,N,66,246,1,22.6,4.25,0.5,2.0,0.0,1.0,30.35,2.5,0.0,0.75
1,Sat Nov 01 00:53:50 UTC 2025,Sat Nov 01 01:20:56 UTC 2025,1,3.5,1,N,68,239,1,22.6,4.25,0.5,1.5,0.0,1.0,29.85,2.5,0.0,0.75
2,Sat Nov 01 00:17:28 UTC 2025,Sat Nov 01 00:22:47 UTC 2025,1,0.66,1,N,233,161,1,6.5,1.0,0.5,2.0,0.0,1.0,14.25,2.5,0.0,0.75
2,Sat Nov 01 00:27:41 UTC 2025,Sat Nov 01 00:33:20 UTC 2025,1,1.13,1,N,43,239,1,7.9,1.0,0.5,2.73,0.0,1.0,16.38,2.5,0.0,0.75
2,Sat Nov 01 00:42:29 UTC 2025,Sat Nov 01 00:49:03 UTC 2025,2,1.22,1,N,238,166,1,8.6,1.0,0.5,2.22,0.0,1.0,13.32,0.0,0.0,0.0
2,Sat Nov 01 00:52:04 UTC 2025,Sat Nov 01 01:20:26 UTC 2025,2,11.29,1,N,138,48,1,48.5,6.0,0.5,13.24,6.94,1.0,81.18,2.5,1.75,0.75
2,Sat Nov 01 00:05:42 UTC 2025,Sat Nov 01 00:10:49 UTC 2025,1,0.86,1,N,237,262,1,7.2,1.0,0.5,2.0,0.0,1.0,14.2,2.5,0.0,0.0
2,Sat Nov 01 00:55:50 UTC 2025,Sat Nov 01 01:11:56 UTC 2025,2,1.47,1,N,234,249,1,14.9,1.0,0.5,4.13,0.0,1.0,24.78,2.5,0.0,0.75
2,Fri Oct 31 23:58:15 UTC 2025,Sat Nov 01 00:08:06 UTC 2025,1,0.52,1,N,137,164,1,10.0,1.0,0.5,4.72,0.0,1.0,20.47,2.5,0.0,0.75
2,Sat Nov 01 00:09:29 UTC 2025,Sat Nov 01 00:35:56 UTC 2025,1,3.99,1,N,164,142,1,26.1,1.0,0.5,6.37,0.0,1.0,38.22,2.5,0.0,0.75
7,Sat Nov 01 00:02:35 UTC 2025,Sat Nov 01 00:02:35 UTC 2025,1,1.03,1,N,107,164,1,8.6,0.0,0.5,2.0,0.0,1.0,16.35,2.5,0.0,0.75
7,Sat Nov 01 00:27:15 UTC 2025,Sat Nov 01 00:27:15 UTC 2025,1,2.47,1,N,100,141,1,17.0,0.0,0.5,5.0,0.0,1.0,27.75,2.5,0.0,0.75
1,Sat Nov 01 00:58:10 UTC 2025,Sat Nov 01 01:06:53 UTC 2025,1,1.6,1,N,161,237,1,10.7,4.25,0.5,2.0,0.0,1.0,18.45,2.5,0.0,0.75
2,Sat Nov 01 00:09:23 UTC 2025,Sat Nov 01 00:19:15 UTC 2025,1,2.11,1,N,140,75,1,12.1,1.0,0.5,3.42,0.0,1.0,20.52,2.5,0.0,0.0
1,Sat Nov 01 00:35:45 UTC 2025,Sat Nov 01 00:48:44 UTC 2025,1,4.7,1,N,132,216,1,19.8,1.0,0.5,2.0,0.0,1.0,24.3,0.0,0.0,0.0
2,Sat Nov 01 00:49:45 UTC 2025,Sat Nov 01 01:13:54 UTC 2025,1,2.08,1,N,148,170,1,20.5,1.0,0.5,5.25,0.0,1.0,31.5,2.5,0.0,0.75
1,Sat Nov 01 00:39:34 UTC 2025,Sat Nov 01 00:51:58 UTC 2025,1,0.9,1,N,113,4,1,11.4,4.25,0.5,2.57,0.0,1.0,19.72,2.5,0.0,0.75
1,Sat Nov 01 00:55:44 UTC 2025,Sat Nov 01 01:14:46 UTC 2025,1,2.2,1,N,4,233,1,16.3,4.25,0.5,0.0,0.0,1.0,22.05,2.5,0.0,0.75
1,Sat Nov 01 00:51:15 UTC 2025,Sat Nov 01 01:02:07 UTC 2025,0,1.1,1,N,231,209,1,10.7,4.25,0.5,3.25,0.0,1.0,19.7,2.5,0.0,0.75
2,Sat Nov 01 00:00:08 UTC 2025,Sat Nov 01 00:40:36 UTC 2025,1,4.98,1,N,186,238,1,38.0,1.0,0.5,2.0,0.0,1.0,45.75,2.5,0.0,0.75
2,Fri Oct 31 23:59:16 UTC 2025,Sat Nov 01 00:30:48 UTC 2025,1,9.43,1,N,138,164,2,40.1,6.0,0.5,0.0,6.94,1.0,59.54,2.5,1.75,0.75
2,Sat Nov 01 00:36:01 UTC 2025,Sat Nov 01 00:42:22 UTC 2025,1,1.14,1,N,162,141,1,8.6,1.0,0.5,2.87,0.0,1.0,17.22,2.5,0.0,0.75
2,Sat Nov 01 00:10:24 UTC 2025,Sat Nov 01 00:22:24 UTC 2025,1,1.43,1,N,158,68,1,12.1,1.0,0.5,5.36,0.0,1.0,23.21,2.5,0.0,0.75
2,Sat Nov 01 00:26:15 UTC 2025,Sat Nov 01 00:28:44 UTC 2025,1,0.36,1,N,90,68,1,4.4,1.0,0.5,2.0,0.0,1.0,12.15,2.5,0.0,0.75
2,Sat Nov 01 00:41:35 UTC 2025,Sat Nov 01 00:45:16 UTC 2025,1,0.01,1,N,186,186,3,-5.1,-1.0,-0.5,0.0,0.0,-1.0,-10.85,-2.5,0.0,-0.75
2,Sat Nov 01 00:41:35 UTC 2025,Sat Nov 01 00:45:16 UTC 2025,1,0.01,1,N,186,186,3,5.1,1.0,0.5,0.0,0.0,1.0,10.85,2.5,0.0,0.75
2,Sat Nov 01 00:47:39 UTC 2025,Sat Nov 01 01:19:12 UTC 2025,2,4.31,5,N,68,265,1,65.0,0.0,0.0,10.0,14.06,1.0,90.81,0.0,0.0,0.75
2,Sat Nov 01 00:14:46 UTC 2025,Sat Nov 01 00:48:37 UTC 2025,1,3.92,1,N,90,141,1,29.6,1.0,0.5,7.07,0.0,1.0,42.42,2.5,0.0,0.75
2,Sat Nov 01 00:54:20 UTC 2025,Sat Nov 01 01:29:07 UTC 2025,1,7.98,1,N,162,173,1,41.5,1.0,0.5,3.0,0.0,1.0,50.25,2.5,0.0,0.75
2,Sat Nov 01 00:15:12 UTC 2025,Sat Nov 01 00:37:32 UTC 2025,1,3.03,1,N,238,48,1,22.6,1.0,0.5,7.09,0.0,1.0,35.44,2.5,0.0,0.75
2,Sat Nov 01 00:19:04 UTC 2025,Sat Nov 01 00:23:07 UTC 2025,1,0.54,1,N,141,140,1,5.8,1.0,0.5,2.31,0.0,1.0,13.86,2.5,0.0,0.75
2,Sat Nov 01 00:30:32 UTC 2025,Sat Nov 01 00:40:58 UTC 2025,1,1.46,1,N,237,239,1,11.4,1.0,0.5,4.1,0.0,1.0,20.5,2.5,0.0,0.0
1,Sat Nov 01 00:38:41 UTC 2025,Sat Nov 01 00:56:44 UTC 2025,0,1.8,1,N,229,48,1,16.3,4.25,0.5,4.4,0.0,1.0,26.45,2.5,0.0,0.75
2,Sat Nov 01 00:16:50 UTC 2025,Sat Nov 01 00:30:16 UTC 2025,2,0.91,1,N,48,233,1,12.1,1.0,0.5,0.0,0.0,1.0,17.85,2.5,0.0,0.75
2,Sat Nov 01 00:33:49 UTC 2025,Sat Nov 01 00:53:47 UTC 2025,2,1.61,1,N,233,113,1,17.0,1.0,0.5,4.55,0.0,1.0,27.3,2.5,0.0,0.75
2,Sat Nov 01 00:34:57 UTC 2025,Sat Nov 01 00:48:15 UTC 2025,1,1.33,1,N,79,137,2,13.5,1.0,0.5,0.0,0.0,1.0,19.25,2.5,0.0,0.75
1,Sat Nov 01 00:24:16 UTC 2025,Sat Nov 01 01:55:42 UTC 2025,1,45.7,4,N,132,265,1,273.2,2.75,0.5,0.0,6.94,1.0,284.39,0.0,1.75,0.0
2,Sat Nov 01 00:17:34 UTC 2025,Sat Nov 01 00:29:45 UTC 2025,2,1.75,1,N,158,231,1,12.8,1.0,0.5,2.0,0.0,1.0,20.55,2.5,0.0,0.75
2,Sat Nov 01 00:39:27 UTC 2025,Sat Nov 01 01:15:54 UTC 2025,3,4.32,1,N,231,229,1,32.4,1.0,0.5,7.63,0.0,1.0,45.78,2.5,0.0,0.75
2,Sat Nov 01 00:05:09 UTC 2025,Sat Nov 01 00:15:14 UTC 2025,1,1.99,1,N,148,224,1,12.8,1.0,0.5,3.71,0.0,1.0,22.26,2.5,0.0,0.75
2,Sat Nov 01 00:16:24 UTC 2025,Sat Nov 01 00:35:56 UTC 2025,1,2.85,1,N,224,141,1,19.1,1.0,0.5,4.97,0.0,1.0,29.82,2.5,0.0,0.75
2,Sat Nov 01 00:41:27 UTC 2025,Sat Nov 01 00:50:23 UTC 2025,1,1.32,1,N,141,239,1,10.7,1.0,0.5,3.14,0.0,1.0,18.84,2.5,0.0,0.0
2,Sat Nov 01 00:28:41 UTC 2025,Sat Nov 01 00:38:29 UTC 2025,4,1.0,1,N,148,79,1,10.0,1.0,0.5,2.0,0.0,1.0,17.75,2.5,0.0,0.75
2,Sat Nov 01 00:40:29 UTC 2025,Sat Nov 01 01:00:12 UTC 2025,5,1.29,1,N,79,170,1,17.0,1.0,0.5,1.0,0.0,1.0,23.75,2.5,0.0,0.75
2,Sat Nov 01 00:22:00 UTC 2025,Sat Nov 01 00:53:31 UTC 2025,1,1.81,1,N,125,186,2,25.4,1.0,0.5,0.0,0.0,1.0,31.15,2.5,0.0,0.75
2,Sat Nov 01 00:56:10 UTC 2025,Sat Nov 01 01:11:00 UTC 2025,1,1.14,1,N,186,249,1,13.5,1.0,0.5,2.0,0.0,1.0,21.25,2.5,0.0,0.75
2,Sat Nov 01 00:44:54 UTC 2025,Sat Nov 01 01:00:15 UTC 2025,3,10.18,1,N,138,237,1,39.4,6.0,0.5,11.62,6.94,1.0,69.71,2.5,1.75,0.0
2,Sat Nov 01 00:20:02 UTC 2025,Sat Nov 01 00:28:34 UTC 2025,1,2.16,1,N,236,43,2,12.1,1.0,0.5,0.0,0.0,1.0,17.1,2.5,0.0,0.0
1,Sat Nov 01 00:00:53 UTC 2025,Sat Nov 01 00:09:39 UTC 2025,1,1.7,1,N,237,263,1,10.0,3.5,0.5,3.0,0.0,1.0,18.0,2.5,0.0,0.0
1,Sat Nov 01 00:12:50 UTC 2025,Sat Nov 01 00:32:46 UTC 2025,1,4.5,1,N,263,7,1,21.2,4.25,0.5,5.39,0.0,1.0,32.34,2.5,0.0,0.75
1,Sat Nov 01 00:06:48 UTC 2025,Sat Nov 01 00:30:16 UTC 2025,1,1.4,1,N,79,234,1,19.8,4.25,0.5,2.0,0.0,1.0,27.55,2.5,0.0,0.75
1,Sat Nov 01 00:36:16 UTC 2025,Sat Nov 01 01:09:16 UTC 2025,1,10.5,1,N,113,244,1,44.3,4.25,0.5,7.0,0.0,1.0,57.05,2.5,0.0,0.75
2,Sat Nov 01 00:07:50 UTC 2025,Sat Nov 01 01:02:57 UTC 2025,1,7.32,1,N,68,255,2,50.6,1.0,0.5,0.0,0.0,1.0,56.35,2.5,0.0,0.75
2,Sat Nov 01 00:58:22 UTC 2025,Sat Nov 01 01:27:43 UTC 2025,2,6.49,1,N,230,261,1,33.1,1.0,0.5,5.0,0.0,1.0,43.85,2.5,0.0,0.75
1,Sat Nov 01 00:25:45 UTC 2025,Sat Nov 01 00:43:41 UTC 2025,1,3.2,1,N,45,97,1,17.7,4.25,0.5,0.0,0.0,1.0,23.45,2.5,0.0,0.75
1,Sat Nov 01 00:57:27 UTC 2025,Sat Nov 01 01:21:34 UTC 2025,3,2.9,1,N,144,186,1,19.1,4.25,0.5,0.0,0.0,1.0,24.85,2.5,0.0,0.75
2,Sat Nov 01 00:14:33 UTC 2025,Sat Nov 01 00:31:03 UTC 2025,2,0.97,1,N,79,234,1,14.2,1.0,0.5,3.99,0.0,1.0,23.94,2.5,0.0,0.75
2,Sat Nov 01 00:31:40 UTC 2025,Sat Nov 01 00:43:13 UTC 2025,1,1.73,1,N,234,237,1,12.8,1.0,0.5,3.71,0.0,1.0,22.26,2.5,0.0,0.75
2,Sat Nov 01 00:37:05 UTC 2025,Sat Nov 01 00:50:14 UTC 2025,0,1.32,1,N,45,79,1,12.8,1.0,0.5,3.71,0.0,1.0,22.26,2.5,0.0,0.75
2,Sat Nov 01 00:53:04 UTC 2025,Sat Nov 01 01:09:35 UTC 2025,1,1.64,1,N,79,90,1,15.6,1.0,0.5,4.12,0.0,1.0,24.72,2.5,0.0,0.0
1,Sat Nov 01 00:21:00 UTC 2025,Sat Nov 01 00:36:17 UTC 2025,2,0.6,1,N,113,113,1,13.5,4.25,0.5,3.85,0.0,1.0,23.1,2.5,0.0,0.75
1,Sat Nov 01 00:38:38 UTC 2025,Sat Nov 01 01:21:39 UTC 2025,1,7.6,1,N,113,41,1,43.6,4.25,0.5,0.05,0.0,1.0,49.4,2.5,0.0,0.75
1,Sat Nov 01 00:16:43 UTC 2025,Sat Nov 01 00:30:10 UTC 2025,1,1.1,1,N,140,233,1,12.1,4.25,0.5,4.45,0.0,1.0,22.3,2.5,0.0,0.75
1,Sat Nov 01 00:41:14 UTC 2025,Sat Nov 01 00:53:31 UTC 2025,1,2.7,1,N,162,75,1,12.8,4.25,0.5,4.65,0.0,1.0,23.2,2.5,0.0,0.75
2,Sat Nov 01 00:30:40 UTC 2025,Sat Nov 01 01:12:13 UTC 2025,1,3.43,1,N,170,125,1,35.2,1.0,0.5,8.19,0.0,1.0,49.14,2.5,0.0,0.75
2,Sat Nov 01 00:19:03 UTC 2025,Sat Nov 01 00:48:01 UTC 2025,1,3.28,1,N,209,90,2,25.4,1.0,0.5,0.0,0.0,1.0,31.15,2.5,0.0,0.75
2,Sat Nov 01 00:51:27 UTC 2025,Sat Nov 01 01:19:30 UTC 2025,1,2.08,1,N,90,125,1,23.3,1.0,0.5,5.81,0.0,1.0,34.86,2.5,0.0,0.75
2,Sat Nov 01 00:18:31 UTC 2025,Sat Nov 01 00:54:42 UTC 2025,1,2.01,1,N,48,113,1,28.9,1.0,0.5,6.93,0.0,1.0,41.58,2.5,0.0,0.75
2,Sat Nov 01 00:02:48 UTC 2025,Sat Nov 01 00:04:00 UTC 2025,1,0.15,1,N,237,237,1,3.7,1.0,0.5,1.74,0.0,1.0,10.44,2.5,0.0,0.0
2,Sat Nov 01 00:36:04 UTC 2025,Sat Nov 01 00:55:06 UTC 2025,1,1.4,1,N,246,48,2,17.0,1.0,0.5,0.0,0.0,1.0,22.75,2.5,0.0,0.75
1,Sat Nov 01 00:17:59 UTC 2025,Sat Nov 01 00:33:45 UTC 2025,1,2.4,1,N,142,68,1,14.9,4.25,0.5,4.15,0.0,1.0,24.8,2.5,0.0,0.75
7,Sat Nov 01 00:17:16 UTC 2025,Sat Nov 01 00:17:16 UTC 2025,1,4.3,1,N,262,90,1,38.0,0.0,0.5,8.75,0.0,1.0,52.5,2.5,0.0,0.75
7,Sat Nov 01 00:22:04 UTC 2025,Sat Nov 01 00:22:04 UTC 2025,1,0.72,1,N,68,246,1,5.8,0.0,0.5,2.31,0.0,1.0,13.86,2.5,0.0,0.75
7,Sat Nov 01 00:37:45 UTC 2025,Sat Nov 01 00:37:45 UTC 2025,1,0.38,1,N,68,68,1,5.8,0.0,0.5,1.0,0.0,1.0,12.55,2.5,0.0,0.75
7,Sat Nov 01 00:49:20 UTC 2025,Sat Nov 01 00:49:20 UTC 2025,1,0.95,1,N,68,68,1,8.6,0.0,0.5,2.87,0.0,1.0,17.22,2.5,0.0,0.75
7,Sat Nov 01 00:01:49 UTC 2025,Sat Nov 01 00:01:49 UTC 2025,1,4.25,1,N,68,236,1,33.1,0.0,0.5,7.77,0.0,1.0,46.62,2.5,0.0,0.75
7,Sat Nov 01 00:08:58 UTC 2025,Sat Nov 01 00:08:58 UTC 2025,3,0.83,1,N,236,75,2,6.5,0.0,0.5,0.0,0.0,1.0,11.5,2.5,0.0,0.0
7,Sat Nov 01 00:45:02 UTC 2025,Sat Nov 01 00:45:02 UTC 2025,2,2.0,1,N,141,137,1,13.5,0.0,0.5,1.5,0.0,1.0,20.75,2.5,0.0,0.75
2,Sat Nov 01 00:21:39 UTC 2025,Sat Nov 01 00:24:16 UTC 2025,2,0.49,1,N,140,140,1,5.1,1.0,0.5,0.0,0.0,1.0,10.1,2.5,0.0,0.0
2,Sat Nov 01 00:36:36 UTC 2025,Sat Nov 01 00:43:57 UTC 2025,2,1.3,1,N,263,238,1,9.3,1.0,0.5,2.86,0.0,1.0,17.16,2.5,0.0,0.0
2,Sat Nov 01 00:46:49 UTC 2025,Sat Nov 01 01:10:36 UTC 2025,1,3.49,1,N,142,249,1,23.3,1.0,0.5,1.0,0.0,1.0,30.05,2.5,0.0,0.75
2,Sat Nov 01 00:52:08 UTC 2025,Sat Nov 01 01:12:04 UTC 2025,1,6.31,1,N,87,229,1,28.2,1.0,0.5,6.79,0.0,1.0,40.74,2.5,0.0,0.75
1,Sat Nov 01 00:11:10 UTC 2025,Sat Nov 01 00:22:42 UTC 2025,1,1.9,1,N,50,68,1,11.4,4.25,0.5,3.4,0.0,1.0,20.55,2.5,0.0,0.75
2,Sat Nov 01 00:31:47 UTC 2025,Sat Nov 01 00:47:41 UTC 2025,1,3.71,1,N,87,49,1,19.8,1.0,0.5,0.0,0.0,1.0,25.55,2.5,0.0,0.75
2,Sat Nov 01 00:53:41 UTC 2025,Sat Nov 01 01:12:36 UTC 2025,2,3.39,1,N,97,256,1,20.5,1.0,0.5,4.6,0.0,1.0,27.6,0.0,0.0,0.0
2,Sat Nov 01 00:09:29 UTC 2025,Sat Nov 01 00:43:37 UTC 2025,2,5.79,1,N,148,236,1,35.2,1.0,0.5,0.0,0.0,1.0,40.95,2.5,0.0,0.75
2,Sat Nov 01 00:45:45 UTC 2025,Sat Nov 01 01:01:05 UTC 2025,1,3.23,1,N,236,143,1,17.7,1.0,0.5,1.0,0.0,1.0,23.7,2.5,0.0,0.0
1,Sat Nov 01 00:14:05 UTC 2025,Sat Nov 01 00:27:42 UTC 2025,1,1.6,1,N,231,232,1,13.5,4.25,0.5,0.0,0.0,1.0,19.25,2.5,0.0,0.75
1,Sat Nov 01 00:19:43 UTC 2025,Sat Nov 01 00:23:12 UTC 2025,1,0.7,1,N,141,229,1,5.8,4.25,0.5,2.3,0.0,1.0,13.85,2.5,0.0,0.75
1,Sat Nov 01 00:31:47 UTC 2025,Sat Nov 01 00:34:35 UTC 2025,1,0.3,1,N,263,262,1,4.4,3.5,0.5,4.0,0.0,1.0,13.4,2.5,0.0,0.0
1,Sat Nov 01 00:38:22 UTC 2025,Sat Nov 01 00:42:52 UTC 2025,1,0.7,1,N,263,263,1,5.8,3.5,0.5,2.0,0.0,1.0,12.8,2.5,0.0,0.0
1,Sat Nov 01 00:49:51 UTC 2025,Sat Nov 01 00:58:19 UTC 2025,1,1.7,1,N,263,229,1,10.0,4.25,0.5,3.15,0.0,1.0,18.9,2.5,0.0,0.75
2,Sat Nov 01 00:56:37 UTC 2025,Sat Nov 01 01:13:17 UTC 2025,1,1.04,1,N,107,148,1,14.9,1.0,0.5,4.13,0.0,1.0,24.78,2.5,0.0,0.75
2,Sat Nov 01 00:26:30 UTC 2025,Sat Nov 01 01:51:14 UTC 2025,1,0.0,5,N,233,265,2,120.0,0.0,0.0,0.0,0.0,1.0,124.25,2.5,0.0,0.75
2,Sat Nov 01 00:21:58 UTC 2025,Sat Nov 01 00:40:29 UTC 2025,1,2.57,1,N,79,229,1,17.7,1.0,0.5,4.69,0.0,1.0,28.14,2.5,0.0,0.75
2,Sat Nov 01 00:25:04 UTC 2025,Sat Nov 01 00:34:15 UTC 2025,1,1.06,1,N,170,48,1,9.3,1.0,0.5,4.52,0.0,1.0,19.57,2.5,0.0,0.75
2,Sat Nov 01 00:07:58 UTC 2025,Sat Nov 01 00:10:58 UTC 2025,1,0.32,1,N,68,68,1,5.1,1.0,0.5,2.17,0.0,1.0,13.02,2.5,0.0,0.75
2,Sat Nov 01 00:13:26 UTC 2025,Sat Nov 01 00:31:25 UTC 2025,2,1.73,1,N,68,162,1,16.3,1.0,0.5,4.41,0.0,1.0,26.46,2.5,0.0,0.75
2,Sat Nov 01 00:56:43 UTC 2025,Sat Nov 01 01:03:08 UTC 2025,1,1.55,1,N,74,236,1,9.3,1.0,0.5,2.86,0.0,1.0,17.16,2.5,0.0,0.0
2,Sat Nov 01 00:01:45 UTC 2025,Sat Nov 01 00:25:48 UTC 2025,2,2.16,1,N,140,230,1,21.2,1.0,0.5,6.74,0.0,1.0,33.69,2.5,0.0,0.75
2,Sat Nov 01 00:06:09 UTC 2025,Sat Nov 01 00:28:45 UTC 2025,1,1.99,1,N,158,231,1,20.5,1.0,0.5,5.25,0.0,1.0,31.5,2.5,0.0,0.75
2,Sat Nov 01 00:29:53 UTC 2025,Sat Nov 01 00:45:30 UTC 2025,3,1.04,1,N,231,148,1,14.2,1.0,0.5,0.0,0.0,1.0,19.95,2.5,0.0,0.75
2,Sat Nov 01 00:47:57 UTC 2025,Sat Nov 01 01:02:13 UTC 2025,1,1.53,1,N,148,170,1,14.2,1.0,0.5,0.0,0.0,1.0,19.95,2.5,0.0,0.75
2,Sat Nov 01 00:59:44 UTC 2025,Sat Nov 01 01:14:42 UTC 2025,1,2.63,1,N,263,234,1,15.6,1.0,0.5,4.27,0.0,1.0,25.62,2.5,0.0,0.75
2,Sat Nov 01 00:49:07 UTC 2025,Sat Nov 01 01:15:58 UTC 2025,1,4.28,1,N,148,141,1,26.1,1.0,0.5,6.37,0.0,1.0,38.22,2.5,0.0,0.75
2,Sat Nov 01 00:11:23 UTC 2025,Sat Nov 01 00:45:56 UTC 2025,1,3.19,1,N,113,230,1,29.6,1.0,0.5,7.07,0.0,1.0,42.42,2.5,0.0,0.75
2,Sat Nov 01 00:51:42 UTC 2025,Sat Nov 01 00:59:58 UTC 2025,1,1.38,1,N,48,246,1,10.0,1.0,0.5,3.15,0.0,1.0,18.9,2.5,0.0,0.75
1,Sat Nov 01 00:36:12 UTC 2025,Sat Nov 01 01:01:45 UTC 2025,1,3.2,1,N,261,186,1,22.6,4.25,0.5,5.65,0.0,1.0,34.0,2.5,0.0,0.75
2,Sat Nov 01 00:04:29 UTC 2025,Sat Nov 01 00:26:59 UTC 2025,3,0.85,1,N,158,68,1,18.4,1.0,0.5,2.66,0.0,1.0,26.81,2.5,0.0,0.75
2,Sat Nov 01 00:29:53 UTC 2025,Sat Nov 01 00:56:53 UTC 2025,1,3.15,1,N,68,237,1,24.7,1.0,0.5,3.35,0.0,1.0,33.8,2.5,0.0,0.75
1,Sat Nov 01 00:01:27 UTC 2025,Sat Nov 01 00:26:25 UTC 2025,3,1.4,1,N,170,114,1,20.5,4.25,0.5,5.25,0.0,1.0,31.5,2.5,0.0,0.75
1,Sat Nov 01 00:27:06 UTC 2025,Sat Nov 01 00:55:53 UTC 2025,1,2.8,1,N,114,230,1,23.3,4.25,0.5,2.0,0.0,1.0,31.05,2.5,0.0,0.75
2,Sat Nov 01 00:02:10 UTC 2025,Sat Nov 01 00:04:39 UTC 2025,1,0.55,1,N,163,43,1,5.1,1.0,0.5,2.17,0.0,1.0,13.02,2.5,0.0,0.75
2,Sat Nov 01 00:06:55 UTC 2025,Sat Nov 01 00:11:38 UTC 2025,1,0.7,1,N,142,143,1,6.5,1.0,0.5,2.3,0.0,1.0,13.8,2.5,0.0,0.0
2,Sat Nov 01 00:17:32 UTC 2025,Sat Nov 01 00:36:32 UTC 2025,1,6.07,1,N,87,141,1,26.8,1.0,0.5,2.0,0.0,1.0,34.55,2.5,0.0,0.75
2,Sat Nov 01 00:17:38 UTC 2025,Sat Nov 01 00:41:28 UTC 2025,2,2.8,1,N,148,186,1,21.9,1.0,0.5,5.53,0.0,1.0,33.18,2.5,0.0,0.75
2,Sat Nov 01 00:57:33 UTC 2025,Sat Nov 01 01:14:28 UTC 2025,1,1.54,1,N,186,48,1,15.6,1.0,0.5,0.0,0.0,1.0,21.35,2.5,0.0,0.75
1,Sat Nov 01 00:44:21 UTC 2025,Sat Nov 01 00:50:37 UTC 2025,4,1.3,1,N,239,48,1,8.6,4.25,0.5,3.0,0.0,1.0,17.35,2.5,0.0,0.75
1,Sat Nov 01 00:55:11 UTC 2025,Sat Nov 01 01:10:42 UTC 2025,1,1.6,1,N,48,141,1,14.2,4.25,0.5,4.0,0.0,1.0,23.95,2.5,0.0,0.75
2,Sat Nov 01 00:18:41 UTC 2025,Sat Nov 01 00:46:24 UTC 2025,2,4.26,1,N,234,236,1,27.5,1.0,0.5,6.65,0.0,1.0,39.9,2.5,0.0,0.75
2,Sat Nov 01 00:52:43 UTC 2025,Sat Nov 01 01:10:03 UTC 2025,2,2.85,1,N,141,164,1,17.7,1.0,0.5,4.69,0.0,1.0,28.14,2.5,0.0,0.75
7,Sat Nov 01 00:29:20 UTC 2025,Sat Nov 01 00:29:20 UTC 2025,1,3.86,1,N,113,140,1,29.6,0.0,0.5,7.07,0.0,1.0,42.42,2.5,0.0,0.75
7,Sat Nov 01 00:59:40 UTC 2025,Sat Nov 01 00:59:40 UTC 2025,1,4.44,1,N,263,68,1,22.6,0.0,0.5,5.67,0.0,1.0,34.02,2.5,0.0,0.75
1,Sat Nov 01 00:14:45 UTC 2025,Sat Nov 01 00:34:04 UTC 2025,1,2.0,1,N,48,234,1,17.0,4.25,0.5,5.7,0.0,1.0,28.45,2.5,0.0,0.75
1,Sat Nov 01 00:38:20 UTC 2025,Sat Nov 01 01:07:00 UTC 2025,1,2.1,1,N,234,48,1,24.0,4.25,0.5,7.45,0.0,1.0,37.2,2.5,0.0,0.75
2,Sat Nov 01 00:28:25 UTC 2025,Sat Nov 01 00:49:58 UTC 2025,2,4.96,1,N,140,159,2,25.4,1.0,0.5,0.0,0.0,1.0,30.4,2.5,0.0,0.0
2,Sat Nov 01 00:12:08 UTC 2025,Sat Nov 01 00:22:57 UTC 2025,1,1.48,1,N,170,237,1,12.1,1.0,0.5,3.57,0.0,1.0,21.42,2.5,0.0,0.75
1,Sat Nov 01 00:20:35 UTC 2025,Sat Nov 01 00:32:02 UTC 2025,1,1.0,1,N,79,137,1,10.7,4.25,0.5,0.0,0.0,1.0,16.45,2.5,0.0,0.75
1,Sat Nov 01 00:31:33 UTC 2025,Sat Nov 01 00:34:38 UTC 2025,0,0.6,1,N,79,137,1,5.8,4.25,0.5,2.3,0.0,1.0,13.85,2.5,0.0,0.75
1,Sat Nov 01 00:36:44 UTC 2025,Sat Nov 01 00:52:19 UTC 2025,1,1.5,1,N,170,229,1,14.9,4.25,0.5,4.1,0.0,1.0,24.75,2.5,0.0,0.75
2,Sat Nov 01 00:08:39 UTC 2025,Sat Nov 01 00:55:01 UTC 2025,1,4.26,1,N,263,224,1,40.1,1.0,0.5,5.0,0.0,1.0,50.85,2.5,0.0,0.75
2,Sat Nov 01 00:59:08 UTC 2025,Sat Nov 01 01:06:52 UTC 2025,2,1.07,1,N,224,233,1,8.6,1.0,0.5,2.87,0.0,1.0,17.22,2.5,0.0,0.75
2,Sat Nov 01 00:20:35 UTC 2025,Sat Nov 01 00:48:03 UTC 2025,2,2.38,1,N,249,162,1,23.3,1.0,0.5,5.81,0.0,1.0,34.86,2.5,0.0,0.75
2,Sat Nov 01 00:53:35 UTC 2025,Sat Nov 01 01:11:10 UTC 2025,1,3.81,1,N,162,24,1,19.8,1.0,0.5,3.0,0.0,1.0,28.55,2.5,0.0,0.75
2,Sat Nov 01 00:13:52 UTC 2025,Sat Nov 01 00:22:35 UTC 2025,1,0.77,1,N,246,246,2,9.3,1.0,0.5,0.0,0.0,1.0,15.05,2.5,0.0,0.75
1,Sat Nov 01 00:21:17 UTC 2025,Sat Nov 01 00:21:25 UTC 2025,1,0.0,1,N,262,262,3,3.0,3.5,0.5,0.0,0.0,1.0,8.0,2.5,0.0,0.0
1,Sat Nov 01 00:43:02 UTC 2025,Sat Nov 01 00:45:51 UTC 2025,1,0.8,1,N,263,75,1,5.8,3.5,0.5,2.7,0.0,1.0,13.5,2.5,0.0,0.0
1,Sat Nov 01 00:50:51 UTC 2025,Sat Nov 01 01:00:26 UTC 2025,1,2.0,1,N,236,238,1,10.7,3.5,0.5,3.14,0.0,1.0,18.84,2.5,0.0,0.0
2,Sat Nov 01 00:12:38 UTC 2025,Sat Nov 01 00:21:26 UTC 2025,2,1.78,1,N,230,141,1,10.7,1.0,0.5,1.64,0.0,1.0,18.09,2.5,0.0,0.75
2,Sat Nov 01 00:23:22 UTC 2025,Sat Nov 01 00:36:41 UTC 2025,1,2.49,1,N,237,74,1,15.6,1.0,0.5,1.0,0.0,1.0,21.6,2.5,0.0,0.0
2,Sat Nov 01 00:49:09 UTC 2025,Sat Nov 01 00:59:42 UTC 2025,1,2.61,1,N,231,87,1,14.9,1.0,0.5,4.13,0.0,1.0,24.78,2.5,0.0,0.75
2,Sat Nov 01 00:05:13 UTC 2025,Sat Nov 01 00:14:16 UTC 2025,1,1.84,1,N,161,237,2,11.4,1.0,0.5,0.0,0.0,1.0,17.15,2.5,0.0,0.75
2,Sat Nov 01 00:17:07 UTC 2025,Sat Nov 01 00:22:46 UTC 2025,4,1.05,1,N,237,262,1,7.9,1.0,0.5,2.58,0.0,1.0,15.48,2.5,0.0,0.0
2,Fri Oct 31 23:50:19 UTC 2025,Fri Oct 31 23:57:03 UTC 2025,3,0.45,1,N,163,163,1,7.2,1.0,0.5,2.59,0.0,1.0,15.54,2.5,0.0,0.75
2,Sat Nov 01 00:02:41 UTC 2025,Sat Nov 01 00:50:09 UTC 2025,1,1.8,1,N,113,68,1,35.9,1.0,0.5,8.33,0.0,1.0,49.98,2.5,0.0,0.75
2,Sat Nov 01 00:55:26 UTC 2025,Sat Nov 01 01:19:48 UTC 2025,1,1.88,1,N,246,114,1,19.8,1.0,0.5,6.39,0.0,1.0,31.94,2.5,0.0,0.75
1,Sat Nov 01 00:13:54 UTC 2025,Sat Nov 01 01:04:37 UTC 2025,1,4.4,1,N,164,87,1,40.1,4.25,0.5,11.45,0.0,1.0,57.3,2.5,0.0,0.75
2,Sat Nov 01 00:49:47 UTC 2025,Sat Nov 01 00:55:50 UTC 2025,1,0.89,1,N,230,237,1,7.2,1.0,0.5,2.44,0.0,1.0,15.39,2.5,0.0,0.75
2,Sat Nov 01 00:57:04 UTC 2025,Sat Nov 01 01:40:00 UTC 2025,1,4.88,1,N,231,229,1,35.9,1.0,0.5,2.08,0.0,1.0,43.73,2.5,0.0,0.75
1,Sat Nov 01 00:14:47 UTC 2025,Sat Nov 01 00:21:35 UTC 2025,2,1.0,1,N,239,151,1,8.6,3.5,0.5,1.0,0.0,1.0,14.6,2.5,0.0,0.0
1,Sat Nov 01 00:43:18 UTC 2025,Sat Nov 01 01:27:05 UTC 2025,1,5.0,1,N,48,261,1,39.4,4.25,0.5,5.0,0.0,1.0,50.15,2.5,0.0,0.75
2,Sat Nov 01 00:03:04 UTC 2025,Sat Nov 01 00:23:00 UTC 2025,1,0.39,1,N,148,148,1,16.3,1.0,0.5,1.75,0.0,1.0,23.8,2.5,0.0,0.75
2,Sat Nov 01 00:24:49 UTC 2025,Sat Nov 01 00:58:36 UTC 2025,1,8.64,1,N,148,223,1,44.3,1.0,0.5,10.01,0.0,1.0,60.06,2.5,0.0,0.75
2,Sat Nov 01 00:09:14 UTC 2025,Sat Nov 01 00:43:15 UTC 2025,2,3.25,1,N,256,107,1,29.6,1.0,0.5,5.0,0.0,1.0,40.35,2.5,0.0,0.75
2,Sat Nov 01 00:44:38 UTC 2025,Sat Nov 01 00:58:10 UTC 2025,2,1.47,1,N,107,68,2,12.8,1.0,0.5,0.0,0.0,1.0,18.55,2.5,0.0,0.75
2,Sat Nov 01 00:01:23 UTC 2025,Sat Nov 01 00:19:48 UTC 2025,1,4.12,1,N,161,7,1,21.9,1.0,0.5,4.15,0.0,1.0,31.8,2.5,0.0,0.75
2,Sat Nov 01 00:31:03 UTC 2025,Sat Nov 01 01:08:05 UTC 2025,1,9.36,1,N,138,113,1,49.2,6.0,0.5,6.86,6.94,1.0,75.5,2.5,1.75,0.75
2,Sat Nov 01 00:43:55 UTC 2025,Sat Nov 01 00:59:34 UTC 2025,1,0.96,1,N,90,158,1,14.2,1.0,0.5,3.99,0.0,1.0,23.94,2.5,0.0,0.75
2,Fri Oct 31 23:57:52 UTC 2025,Sat Nov 01 00:07:58 UTC 2025,1,1.28,1,N,237,230,1,10.7,1.0,0.5,4.11,0.0,1.0,20.56,2.5,0.0,0.75
2,Sat Nov 01 00:15:14 UTC 2025,Sat Nov 01 00:35:54 UTC 2025,1,1.7,1,N,100,107,1,18.4,1.0,0.5,0.8,0.0,1.0,24.95,2.5,0.0,0.75
2,Sat Nov 01 00:40:25 UTC 2025,Sat Nov 01 00:44:35 UTC 2025,1,0.64,1,N,107,137,1,5.8,1.0,0.5,2.08,0.0,1.0,13.63,2.5,0.0,0.75
2,Sat Nov 01 00:47:22 UTC 2025,Sat Nov 01 01:07:41 UTC 2025,1,1.17,1,N,170,107,1,17.0,1.0,0.5,4.55,0.0,1.0,27.3,2.5,0.0,0.75
2,Sat Nov 01 00:22:36 UTC 2025,Sat Nov 01 00:50:53 UTC 2025,2,3.48,1,N,79,68,1,25.4,1.0,0.5,6.23,0.0,1.0,37.38,2.5,0.0,0.75
2,Sat Nov 01 00:02:08 UTC 2025,Sat Nov 01 00:13:18 UTC 2025,1,3.25,1,N,161,75,1,15.6,1.0,0.5,4.27,0.0,1.0,25.62,2.5,0.0,0.75
2,Sat Nov 01 00:27:11 UTC 2025,Sat Nov 01 00:34:22 UTC 2025,1,1.06,1,N,43,237,1,8.6,1.0,0.5,4.0,0.0,1.0,18.35,2.5,0.0,0.75
2,Sat Nov 01 00:41:16 UTC 2025,Sat Nov 01 00:52:11 UTC 2025,1,2.03,1,N,43,236,1,12.8,1.0,0.5,3.71,0.0,1.0,22.26,2.5,0.0,0.75
2,Sat Nov 01 00:12:18 UTC 2025,Sat Nov 01 00:21:35 UTC 2025,2,0.54,1,N,68,246,1,9.3,1.0,0.5,1.5,0.0,1.0,16.55,2.5,0.0,0.75
2,Sat Nov 01 00:22:32 UTC 2025,Sat Nov 01 00:47:42 UTC 2025,2,3.49,1,N,246,236,1,24.0,1.0,0.5,5.95,0.0,1.0,35.7,2.5,0.0,0.75
2,Sat Nov 01 00:54:20 UTC 2025,Sat Nov 01 00:59:27 UTC 2025,1,1.23,1,N,75,238,2,7.9,1.0,0.5,0.0,0.0,1.0,12.9,2.5,0.0,0.0
1,Sat Nov 01 00:19:42 UTC 2025,Sat Nov 01 00:40:52 UTC 2025,1,10.1,1,N,138,229,1,40.8,11.0,0.5,12.0,6.94,1.0,72.24,2.5,1.75,0.75
1,Sat Nov 01 00:57:26 UTC 2025,Sat Nov 01 01:09:22 UTC 2025,1,1.0,1,N,162,230,1,11.4,4.25,0.5,0.0,0.0,1.0,17.15,2.5,0.0,0.75
2,Sat Nov 01 00:33:51 UTC 2025,Sat Nov 01 00:59:43 UTC 2025,1,9.77,1,N,132,177,1,41.5,1.0,0.5,8.8,0.0,1.0,54.55,0.0,1.75,0.0
1,Sat Nov 01 00:55:31 UTC 2025,Sat Nov 01 01:07:18 UTC 2025,1,1.9,1,N,239,262,1,12.8,3.5,0.5,3.55,0.0,1.0,21.35,2.5,0.0,0.0
2,Sat Nov 01 00:13:11 UTC 2025,Sat Nov 01 00:48:19 UTC 2025,1,4.72,1,N,125,239,1,33.8,1.0,0.5,7.91,0.0,1.0,47.46,2.5,0.0,0.75
2,Sat Nov 01 00:51:03 UTC 2025,Sat Nov 01 01:03:22 UTC 2025,1,2.02,1,N,239,262,1,13.5,1.0,0.5,2.0,0.0,1.0,20.5,2.5,0.0,0.0
2,Sat Nov 01 00:33:29 UTC 2025,Sat Nov 01 00:53:51 UTC 2025,1,3.16,1,N,224,231,1,21.9,1.0,0.5,0.0,0.0,1.0,27.65,2.5,0.0,0.75
2,Sat Nov 01 00:16:52 UTC 2025,Sat Nov 01 00:38:19 UTC 2025,1,3.67,1,N,239,90,1,22.6,1.0,0.5,5.67,0.0,1.0,34.02,2.5,0.0,0.75
2,Sat Nov 01 00:42:06 UTC 2025,Sat Nov 01 00:53:18 UTC 2025,3,0.18,1,N,90,90,1,10.7,1.0,0.5,3.29,0.0,1.0,19.74,2.5,0.0,0.75
2,Sat Nov 01 00:57:11 UTC 2025,Sat Nov 01 01:17:43 UTC 2025,3,0.98,1,N,90,79,1,17.0,1.0,0.5,4.55,0.0,1.0,27.3,2.5,0.0,0.75
1,Sat Nov 01 00:29:34 UTC 2025,Sat Nov 01 00:58:11 UTC 2025,1,4.7,1,N,263,90,1,28.2,4.25,0.5,6.79,0.0,1.0,40.74,2.5,0.0,0.75
2,Sat Nov 01 00:00:41 UTC 2025,Sat Nov 01 00:14:40 UTC 2025,2,0.85,1,N,249,68,1,12.8,1.0,0.5,1.0,0.0,1.0,19.55,2.5,0.0,0.75
2,Sat Nov 01 00:19:20 UTC 2025,Sat Nov 01 00:34:38 UTC 2025,1,1.37,1,N,186,161,1,14.2,1.0,0.5,4.99,0.0,1.0,24.94,2.5,0.0,0.75
2,Sat Nov 01 00:23:23 UTC 2025,Sat Nov 01 00:34:47 UTC 2025,1,2.09,1,N,231,232,1,12.8,1.0,0.5,3.71,0.0,1.0,22.26,2.5,0.0,0.75
1,Sat Nov 01 00:30:13 UTC 2025,Sat Nov 01 01:00:24 UTC 2025,1,8.9,99,N,142,78,1,34.5,0.0,0.5,0.0,0.0,0.0,35.0,0.0,0.0,0.0
2,Sat Nov 01 00:05:07 UTC 2025,Sat Nov 01 00:35:20 UTC 2025,1,7.09,1,N,148,236,1,35.9,1.0,0.5,2.0,0.0,1.0,43.65,2.5,0.0,0.75
2,Sat Nov 01 00:44:17 UTC 2025,Sat Nov 01 00:53:54 UTC 2025,1,2.0,1,N,237,239,1,12.1,1.0,0.5,1.71,0.0,1.0,18.81,2.5,0.0,0.0
2,Sat Nov 01 00:55:28 UTC 2025,Sat Nov 01 01:05:36 UTC 2025,1,1.81,1,N,239,50,1,11.4,1.0,0.5,3.43,0.0,1.0,20.58,2.5,0.0,0.75
2,Sat Nov 01 00:19:41 UTC 2025,Sat Nov 01 00:35:56 UTC 2025,1,1.25,1,N,148,113,1,14.9,1.0,0.5,4.13,0.0,1.0,24.78,2.5,0.0,0.75
2,Sat Nov 01 00:39:41 UTC 2025,Sat Nov 01 00:55:39 UTC 2025,1,1.44,1,N,113,107,1,14.9,1.0,0.5,4.13,0.0,1.0,24.78,2.5,0.0,0.75
1,Sat Nov 01 00:09:46 UTC 2025,Sat Nov 01 00:34:36 UTC 2025,1,2.4,1,N,50,90,1,21.9,4.25,0.5,5.55,0.0,1.0,33.2,2.5,0.0,0.75
1,Sat Nov 01 00:36:05 UTC 2025,Sat Nov 01 00:43:19 UTC 2025,1,0.6,1,N,90,68,1,7.9,4.25,0.5,3.4,0.0,1.0,17.05,2.5,0.0,0.75
1,Sat Nov 01 00:55:08 UTC 2025,Sat Nov 01 01:03:30 UTC 2025,1,0.8,1,N,246,68,1,8.6,4.25,0.5,2.4,0.0,1.0,16.75,2.5,0.0,0.75
1,Sat Nov 01 00:03:19 UTC 2025,Sat Nov 01 00:23:14 UTC 2025,1,2.2,1,N,249,246,1,17.0,4.25,0.5,4.55,0.0,1.0,27.3,2.5,0.0,0.75
1,Sat Nov 01 00:30:57 UTC 2025,Sat Nov 01 00:41:39 UTC 2025,1,1.5,1,N,48,90,1,10.7,4.25,0.5,2.0,0.0,1.0,18.45,2.5,0.0,0.75
1,Sat Nov 01 00:42:18 UTC 2025,Sat Nov 01 00:59:48 UTC 2025,1,1.1,1,N,90,107,1,14.9,4.25,0.5,4.15,0.0,1.0,24.8,2.5,0.0,0.75
1,Sat Nov 01 00:17:04 UTC 2025,Sat Nov 01 00:44:53 UTC 2025,1,2.5,1,N,148,234,1,22.6,4.25,0.5,5.65,0.0,1.0,34.0,2.5,0.0,0.75
1,Sat Nov 01 00:12:18 UTC 2025,Sat Nov 01 00:22:09 UTC 2025,1,1.2,1,N,48,186,1,10.0,4.25,0.5,3.15,0.0,1.0,18.9,2.5,0.0,0.75
1,Sat Nov 01 00:37:17 UTC 2025,Sat Nov 01 01:08:43 UTC 2025,1,6.1,1,N,234,166,1,28.9,4.25,0.5,8.65,0.0,1.0,43.3,2.5,0.0,0.75
1,Sat Nov 01 00:23:09 UTC 2025,Sat Nov 01 00:29:57 UTC 2025,1,0.7,1,N,238,239,1,7.9,3.5,0.5,2.6,0.0,1.0,15.5,2.5,0.0,0.0
2,Sat Nov 01 00:35:23 UTC 2025,Sat Nov 01 00:47:55 UTC 2025,1,0.37,1,N,90,113,2,11.4,1.0,0.5,0.0,0.0,1.0,17.15,2.5,0.0,0.75
1,Sat Nov 01 00:23:10 UTC 2025,Sat Nov 01 00:39:55 UTC 2025,1,1.2,1,N,79,90,1,14.9,4.25,0.5,4.15,0.0,1.0,24.8,2.5,0.0,0.75
1,Sat Nov 01 00:42:28 UTC 2025,Sat Nov 01 01:00:10 UTC 2025,1,1.0,1,N,234,107,2,14.9,4.25,0.5,0.0,0.0,1.0,20.65,2.5,0.0,0.75
2,Sat Nov 01 00:58:38 UTC 2025,Sat Nov 01 01:20:01 UTC 2025,2,1.34,1,N,79,90,1,18.4,1.0,0.5,0.0,0.0,1.0,24.15,2.5,0.0,0.75
1,Sat Nov 01 00:14:33 UTC 2025,Sat Nov 01 00:43:29 UTC 2025,1,2.4,1,N,231,137,1,20.5,3.25,0.5,2.53,0.0,1.0,27.78,2.5,0.0,0.75
1,Sat Nov 01 00:07:58 UTC 2025,Sat Nov 01 00:41:12 UTC 2025,1,3.1,1,N,100,232,1,26.1,4.25,0.5,3.0,0.0,1.0,34.85,2.5,0.0,0.75
1,Sat Nov 01 00:45:16 UTC 2025,Sat Nov 01 01:04:57 UTC 2025,2,5.4,1,N,232,263,1,24.7,4.25,0.5,6.1,0.0,1.0,36.55,2.5,0.0,0.75
2,Sat Nov 01 00:40:00 UTC 2025,Sat Nov 01 00:44:17 UTC 2025,1,0.51,1,N,236,43,1,5.8,1.0,0.5,2.16,0.0,1.0,12.96,2.5,0.0,0.0
2,Sat Nov 01 00:49:02 UTC 2025,Sat Nov 01 00:57:37 UTC 2025,2,1.02,1,N,237,237,1,9.3,1.0,0.5,3.58,0.0,1.0,17.88,2.5,0.0,0.0
7,Sat Nov 01 00:37:01 UTC 2025,Sat Nov 01 00:37:01 UTC 2025,1,3.62,1,N,230,75,1,17.0,0.0,0.5,4.55,0.0,1.0,27.3,2.5,0.0,0.75
7,Sat Nov 01 00:42:55 UTC 2025,Sat Nov 01 00:42:55 UTC 2025,2,0.54,1,N,263,141,1,4.4,0.0,0.5,2.0,0.0,1.0,11.4,2.5,0.0,0.0
7,Sat Nov 01 00:55:44 UTC 2025,Sat Nov 01 00:55:44 UTC 2025,1,0.89,1,N,162,140,1,5.1,0.0,0.5,2.17,0.0,1.0,13.02,2.5,0.0,0.75
2,Sat Nov 01 00:14:56 UTC 2025,Sat Nov 01 01:06:01 UTC 2025,1,7.47,1,N,246,17,1,49.2,1.0,0.5,10.99,0.0,1.0,65.94,2.5,0.0,0.75
1,Sat Nov 01 00:24:46 UTC 2025,Sat Nov 01 00:38:34 UTC 2025,2,1.8,1,N,79,170,1,14.2,4.25,0.5,3.99,0.0,1.0,23.94,2.5,0.0,0.75
2,Sat Nov 01 00:07:46 UTC 2025,Sat Nov 01 00:31:59 UTC 2025,1,3.43,1,N,148,229,1,22.6,1.0,0.5,5.67,0.0,1.0,34.02,2.5,0.0,0.75
2,Sat Nov 01 00:34:19 UTC 2025,Sat Nov 01 00:40:52 UTC 2025,2,1.62,1,N,229,262,1,9.3,1.0,0.5,2.0,0.0,1.0,17.05,2.5,0.0,0.75
2,Sat Nov 01 00:41:49 UTC 2025,Sat Nov 01 00:51:09 UTC 2025,1,1.32,1,N,262,237,1,10.0,1.0,0.5,3.0,0.0,1.0,18.0,2.5,0.0,0.0
2,Sat Nov 01 00:53:16 UTC 2025,Sat Nov 01 01:00:12 UTC 2025,3,0.9,1,N,237,263,1,8.6,1.0,0.5,2.72,0.0,1.0,16.32,2.5,0.0,0.0
1,Sat Nov 01 00:37:35 UTC 2025,Sat Nov 01 00:48:38 UTC 2025,1,1.3,1,N,4,107,1,10.7,4.25,0.5,3.25,0.0,1.0,19.7,2.5,0.0,0.75
2,Sat Nov 01 00:07:25 UTC 2025,Sat Nov 01 00:13:08 UTC 2025,2,0.93,1,N,107,170,1,7.9,1.0,0.5,2.73,0.0,1.0,16.38,2.5,0.0,0.75
2,Sat Nov 01 00:04:15 UTC 2025,Sat Nov 01 00:25:56 UTC 2025,1,1.12,1,N,249,164,1,18.4,1.0,0.5,0.0,0.0,1.0,24.15,2.5,0.0,0.75
2,Sat Nov 01 00:42:39 UTC 2025,Sat Nov 01 00:45:55 UTC 2025,1,0.39,1,N,236,236,1,5.1,1.0,0.5,1.01,0.0,1.0,11.11,2.5,0.0,0.0
2,Sat Nov 01 00:02:10 UTC 2025,Sat Nov 01 00:22:32 UTC 2025,1,1.82,1,N,79,231,1,17.7,1.0,0.5,1.5,0.0,1.0,24.95,2.5,0.0,0.75
2,Sat Nov 01 00:23:27 UTC 2025,Sat Nov 01 01:06:36 UTC 2025,1,6.21,1,N,231,162,2,37.3,1.0,0.5,0.0,0.0,1.0,43.05,2.5,0.0,0.75
2,Sat Nov 01 00:16:52 UTC 2025,Sat Nov 01 00:19:02 UTC 2025,1,0.27,1,N,237,237,1,4.4,1.0,0.5,2.35,0.0,1.0,11.75,2.5,0.0,0.0
2,Sat Nov 01 00:47:00 UTC 2025,Sat Nov 01 00:55:15 UTC 2025,1,1.46,1,N,263,43,2,10.0,1.0,0.5,0.0,0.0,1.0,15.0,2.5,0.0,0.0
1,Sat Nov 01 00:25:40 UTC 2025,Sat Nov 01 00:32:34 UTC 2025,1,0.5,1,N,237,141,1,7.2,4.25,0.5,2.0,0.0,1.0,14.95,2.5,0.0,0.75
1,Sat Nov 01 00:54:20 UTC 2025,Sat Nov 01 01:47:28 UTC 2025,1,4.1,1,N,234,87,1,43.6,4.25,0.5,2.0,0.0,1.0,51.35,2.5,0.0,0.75
1,Sat Nov 01 00:32:06 UTC 2025,Sat Nov 01 01:08:42 UTC 2025,1,18.5,2,N,132,116,1,70.0,1.75,0.5,16.05,6.94,1.0,96.24,0.0,1.75,0.0
2,Sat Nov 01 00:37:18 UTC 2025,Sat Nov 01 01:07:19 UTC 2025,1,9.96,1,N,138,17,1,42.2,6.0,0.5,9.94,0.0,1.0,61.39,0.0,1.75,0.0
2,Sat Nov 01 00:39:43 UTC 2025,Sat Nov 01 01:03:25 UTC 2025,1,4.21,1,N,231,170,1,26.8,1.0,0.5,2.0,0.0,1.0,34.55,2.5,0.0,0.75
1,Sat Nov 01 00:17:12 UTC 2025,Sat Nov 01 00:38:22 UTC 2025,1,3.7,1,N,4,263,1,20.5,4.25,0.5,5.25,0.0,1.0,31.5,2.5,0.0,0.75
1,Sat Nov 01 00:40:35 UTC 2025,Sat Nov 01 00:40:53 UTC 2025,1,0.0,1,N,263,263,4,3.0,3.5,0.5,0.0,0.0,1.0,8.0,2.5,0.0,0.0
2,Sat Nov 01 00:57:20 UTC 2025,Sat Nov 01 01:15:52 UTC 2025,2,1.9,1,N,234,229,1,17.0,1.0,0.5,4.55,0.0,1.0,27.3,2.5,0.0,0.75
2,Sat Nov 01 00:14:59 UTC 2025,Sat Nov 01 00:24:26 UTC 2025,1,1.05,1,N,68,164,1,10.0,1.0,0.5,0.0,0.0,1.0,15.75,2.5,0.0,0.75
2,Sat Nov 01 00:25:10 UTC 2025,Sat Nov 01 00:34:46 UTC 2025,1,1.13,1,N,164,170,2,10.0,1.0,0.5,0.0,0.0,1.0,15.75,2.5,0.0,0.75
2,Sat Nov 01 00:36:34 UTC 2025,Sat Nov 01 01:27:45 UTC 2025,2,5.72,1,N,170,256,1,45.0,1.0,0.5,10.15,0.0,1.0,60.9,2.5,0.0,0.75
2,Sat Nov 01 00:19:39 UTC 2025,Sat Nov 01 01:02:34 UTC 2025,1,4.19,1,N,255,49,1,35.9,1.0,0.5,7.68,0.0,1.0,46.08,0.0,0.0,0.0
1,Sat Nov 01 00:08:36 UTC 2025,Sat Nov 01 00:36:58 UTC 2025,1,2.1,1,N,170,148,1,22.6,4.25,0.5,1.41,0.0,1.0,29.76,2.5,0.0,0.75
1,Sat Nov 01 00:39:58 UTC 2025,Sat Nov 01 00:50:29 UTC 2025,1,1.3,1,N,144,249,1,10.0,4.25,0.5,3.15,0.0,1.0,18.9,2.5,0.0,0.75
1,Sat Nov 01 00:52:02 UTC 2025,Sat Nov 01 01:10:40 UTC 2025,1,2.2,1,N,249,87,1,16.3,4.25,0.5,4.4,0.0,1.0,26.45,2.5,0.0,0.75
2,Sat Nov 01 00:23:36 UTC 2025,Sat Nov 01 00:30:03 UTC 2025,2,0.35,1,N,79,79,1,7.2,1.0,0.5,2.59,0.0,1.0,15.54,2.5,0.0,0.75
2,Sat Nov 01 00:02:23 UTC 2025,Sat Nov 01 00:11:01 UTC 2025,1,1.21,1,N,164,246,1,10.0,1.0,0.5,0.0,0.0,1.0,15.75,2.5,0.0,0.75
2,Sat Nov 01 00:11:49 UTC 2025,Sat Nov 01 00:17:44 UTC 2025,1,0.83,1,N,246,246,1,7.2,1.0,0.5,7.0,0.0,1.0,19.95,2.5,0.0,0.75
2,Sat Nov 01 00:56:05 UTC 2025,Sat Nov 01 01:16:46 UTC 2025,3,4.38,1,N,79,263,1,22.6,1.0,0.5,5.67,0.0,1.0,34.02,2.5,0.0,0.75
2,Sat Nov 01 00:29:35 UTC 2025,Sat Nov 01 01:02:55 UTC 2025,1,16.64,2,N,132,107,1,70.0,0.0,0.5,10.0,6.94,1.0,93.44,2.5,1.75,0.75
2,Sat Nov 01 00:02:59 UTC 2025,Sat Nov 01 00:12:45 UTC 2025,1,1.44,1,N,107,233,1,10.7,1.0,0.5,2.0,0.0,1.0,18.45,2.5,0.0,0.75
7,Sat Nov 01 00:18:32 UTC 2025,Sat Nov 01 00:18:32 UTC 2025,1,2.65,1,N,79,246,1,26.8,0.0,0.5,3.0,0.0,1.0,35.55,2.5,0.0,0.75
2,Sat Nov 01 00:49:04 UTC 2025,Sat Nov 01 00:52:36 UTC 2025,1,0.71,1,N,233,229,1,5.8,1.0,0.5,2.31,0.0,1.0,13.86,2.5,0.0,0.75
2,Sat Nov 01 00:39:05 UTC 2025,Sat Nov 01 01:13:27 UTC 2025,1,3.44,1,N,48,79,1,28.2,1.0,0.5,6.79,0.0,1.0,40.74,2.5,0.0,0.75
2,Sat Nov 01 00:03:51 UTC 2025,Sat Nov 01 00:11:58 UTC 2025,1,0.6,1,N,68,90,1,8.6,1.0,0.5,2.87,0.0,1.0,17.22,2.5,0.0,0.75
2,Sat Nov 01 00:20:13 UTC 2025,Sat Nov 01 00:32:51 UTC 2025,1,1.1,1,N,90,68,1,12.1,1.0,0.5,2.0,0.0,1.0,19.85,2.5,0.0,0.75
2,Sat Nov 01 00:19:45 UTC 2025,Sat Nov 01 01:04:38 UTC 2025,1,8.16,1,N,107,62,2,47.8,1.0,0.5,0.0,0.0,1.0,53.55,2.5,0.0,0.75
2,Sat Nov 01 00:03:01 UTC 2025,Sat Nov 01 00:22:08 UTC 2025,1,1.11,1,N,234,79,1,16.3,1.0,0.5,4.41,0.0,1.0,26.46,2.5,0.0,0.75
2,Sat Nov 01 00:23:06 UTC 2025,Sat Nov 01 00:35:49 UTC 2025,1,0.77,1,N,79,4,1,12.1,1.0,0.5,3.57,0.0,1.0,21.42,2.5,0.0,0.75
2,Sat Nov 01 00:37:13 UTC 2025,Sat Nov 01 00:45:34 UTC 2025,1,1.11,1,N,4,107,1,9.3,1.0,0.5,3.01,0.0,1.0,18.06,2.5,0.0,0.75
2,Sat Nov 01 00:17:04 UTC 2025,Sat Nov 01 00:40:50 UTC 2025,2,2.16,1,Y,79,68,1,21.2,1.0,0.5,2.0,0.0,1.0,28.95,2.5,0.0,0.75
2,Sat Nov 01 00:42:02 UTC 2025,Sat Nov 01 00:53:11 UTC 2025,2,0.8,1,N,68,90,1,10.7,1.0,0.5,3.29,0.0,1.0,19.74,2.5,0.0,0.75
2,Sat Nov 01 00:54:01 UTC 2025,Sat Nov 01 01:07:34 UTC 2025,1,1.77,1,N,90,246,1,14.2,1.0,0.5,2.0,0.0,1.0,21.95,2.5,0.0,0.75
2,Sat Nov 01 00:36:04 UTC 2025,Sat Nov 01 00:59:44 UTC 2025,1,2.87,1,N,87,79,1,22.6,1.0,0.5,5.67,0.0,1.0,34.02,2.5,0.0,0.75
2,Sat Nov 01 00:27:01 UTC 2025,Sat Nov 01 00:36:13 UTC 2025,1,2.05,1,N,43,140,2,11.4,1.0,0.5,0.0,0.0,1.0,17.15,2.5,0.0,0.75
2,Sat Nov 01 00:40:00 UTC 2025,Sat Nov 01 00:44:03 UTC 2025,1,0.6,1,N,263,263,1,6.5,1.0,0.5,2.3,0.0,1.0,13.8,2.5,0.0,0.0
2,Sat Nov 01 00:55:22 UTC 2025,Sat Nov 01 01:23:34 UTC 2025,1,3.17,1,N,43,249,1,25.4,1.0,0.5,4.67,0.0,1.0,35.82,2.5,0.0,0.75
1,Sat Nov 01 00:06:43 UTC 2025,Sat Nov 01 00:13:56 UTC 2025,1,0.7,1,N,107,170,1,7.9,4.25,0.5,4.1,0.0,1.0,17.75,2.5,0.0,0.75
1,Sat Nov 01 00:48:50 UTC 2025,Sat Nov 01 01:07:30 UTC 2025,1,8.9,1,N,138,162,1,34.5,11.0,0.5,10.8,6.94,1.0,64.74,2.5,1.75,0.75
1,Sat Nov 01 00:27:35 UTC 2025,Sat Nov 01 00:40:42 UTC 2025,1,1.9,1,N,230,142,1,14.2,4.25,0.5,3.95,0.0,1.0,23.9,2.5,0.0,0.75
1,Sat Nov 01 00:46:57 UTC 2025,Sat Nov 01 00:57:51 UTC 2025,1,2.4,1,N,239,41,1,13.5,3.5,0.5,3.7,0.0,1.0,22.2,2.5,0.0,0.0
2,Sat Nov 01 00:12:35 UTC 2025,Sat Nov 01 00:16:16 UTC 2025,1,0.71,1,N,166,151,1,6.5,1.0,0.5,2.7,0.0,1.0,11.7,0.0,0.0,0.0
2,Sat Nov 01 00:19:13 UTC 2025,Sat Nov 01 00:36:42 UTC 2025,1,5.58,1,N,166,243,1,26.1,1.0,0.5,5.72,0.0,1.0,34.32,0.0,0.0,0.0
2,Sat Nov 01 00:03:22 UTC 2025,Sat Nov 01 00:05:11 UTC 2025,2,0.64,1,N,236,236,1,5.1,1.0,0.5,2.02,0.0,1.0,12.12,2.5,0.0,0.0
2,Sat Nov 01 00:06:28 UTC 2025,Sat Nov 01 00:28:36 UTC 2025,2,3.58,1,N,236,170,1,22.6,1.0,0.5,5.67,0.0,1.0,34.02,2.5,0.0,0.75
1,Sat Nov 01 00:17:12 UTC 2025,Sat Nov 01 00:23:59 UTC 2025,1,1.3,1,N,161,236,1,8.6,4.25,0.5,2.85,0.0,1.0,17.2,2.5,0.0,0.75
2,Sat Nov 01 00:58:42 UTC 2025,Sat Nov 01 01:47:39 UTC 2025,1,7.55,1,N,231,74,1,47.8,1.0,0.5,10.71,0.0,1.0,64.26,2.5,0.0,0.75
2,Sat Nov 01 00:00:26 UTC 2025,Sat Nov 01 00:17:27 UTC 2025,1,1.0,1,N,246,90,1,14.9,1.0,0.5,4.13,0.0,1.0,24.78,2.5,0.0,0.75
2,Sat Nov 01 00:18:04 UTC 2025,Sat Nov 01 00:43:12 UTC 2025,1,1.51,1,N,90,137,1,21.2,1.0,0.5,0.0,0.0,1.0,26.95,2.5,0.0,0.75
1,Sat Nov 01 00:46:49 UTC 2025,Sat Nov 01 00:56:15 UTC 2025,1,2.0,1,N,162,263,1,11.4,4.25,0.5,2.0,0.0,1.0,19.15,2.5,0.0,0.75
2,Sat Nov 01 00:10:06 UTC 2025,Sat Nov 01 00:20:42 UTC 2025,1,1.0,1,N,234,170,1,10.7,1.0,0.5,3.29,0.0,1.0,19.74,2.5,0.0,0.75
2,Sat Nov 01 00:24:04 UTC 2025,Sat Nov 01 00:34:42 UTC 2025,1,0.15,1,N,170,233,1,10.0,1.0,0.5,4.0,0.0,1.0,19.75,2.5,0.0,0.75
2,Sat Nov 01 00:05:04 UTC 2025,Sat Nov 01 00:46:39 UTC 2025,5,4.57,1,N,113,256,1,37.3,1.0,0.5,2.0,0.0,1.0,45.05,2.5,0.0,0.75
2,Sat Nov 01 00:19:53 UTC 2025,Sat Nov 01 00:25:20 UTC 2025,1,0.67,1,N,237,161,1,7.2,1.0,0.5,0.07,0.0,1.0,13.02,2.5,0.0,0.75
2,Sat Nov 01 00:28:47 UTC 2025,Sat Nov 01 00:31:38 UTC 2025,1,0.07,1,N,158,158,1,4.4,1.0,0.5,0.0,0.0,1.0,10.15,2.5,0.0,0.75
2,Sat Nov 01 00:34:51 UTC 2025,Sat Nov 01 01:00:53 UTC 2025,1,0.99,1,N,158,107,1,21.2,1.0,0.5,6.74,0.0,1.0,33.69,2.5,0.0,0.75
2,Sat Nov 01 00:14:00 UTC 2025,Sat Nov 01 00:28:34 UTC 2025,1,1.46,1,N,234,100,1,14.2,1.0,0.5,1.0,0.0,1.0,20.95,2.5,0.0,0.75
2,Sat Nov 01 00:29:34 UTC 2025,Sat Nov 01 00:48:38 UTC 2025,3,1.13,1,N,100,233,1,16.3,1.0,0.5,3.0,0.0,1.0,25.05,2.5,0.0,0.75
2,Sat Nov 01 00:23:48 UTC 2025,Sat Nov 01 00:38:09 UTC 2025,1,2.89,1,N,239,68,1,16.3,1.0,0.5,2.08,0.0,1.0,24.13,2.5,0.0,0.75
2,Sat Nov 01 00:41:16 UTC 2025,Sat Nov 01 00:54:37 UTC 2025,1,1.9,1,N,100,233,1,13.5,1.0,0.5,3.85,0.0,1.0,23.1,2.5,0.0,0.75
2,Sat Nov 01 00:20:20 UTC 2025,Sat Nov 01 00:25:38 UTC 2025,1,0.82,1,N,246,68,1,7.2,1.0,0.5,1.0,0.0,1.0,13.95,2.5,0.0,0.75
2,Sat Nov 01 00:31:17 UTC 2025,Sat Nov 01 00:58:32 UTC 2025,1,3.3,1,N,90,142,1,24.7,1.0,0.5,6.09,0.0,1.0,36.54,2.5,0.0,0.75
1,Sat Nov 01 00:26:14 UTC 2025,Sat Nov 01 01:07:42 UTC 2025,1,7.5,1,N,143,79,1,41.5,4.25,0.5,11.8,0.0,1.0,59.05,2.5,0.0,0.75
2,Sat Nov 01 00:41:33 UTC 2025,Sat Nov 01 00:47:58 UTC 2025,1,1.08,1,N,231,148,1,7.9,1.0,0.5,2.73,0.0,1.0,16.38,2.5,0.0,0.75
2,Sat Nov 01 00:51:28 UTC 2025,Sat Nov 01 01:12:09 UTC 2025,2,4.19,1,N,148,263,1,22.6,1.0,0.5,7.09,0.0,1.0,35.44,2.5,0.0,0.75
2,Sat Nov 01 00:04:23 UTC 2025,Sat Nov 01 00:10:41 UTC 2025,1,0.52,1,N,162,229,1,7.2,1.0,0.5,2.59,0.0,1.0,15.54,2.5,0.0,0.75
2,Sat Nov 01 00:17:08 UTC 2025,Sat Nov 01 00:30:20 UTC 2025,1,2.32,1,N,141,238,1,14.2,1.0,0.5,3.84,0.0,1.0,23.04,2.5,0.0,0.0
2,Sat Nov 01 00:19:35 UTC 2025,Sat Nov 01 00:22:03 UTC 2025,1,0.48,1,N,263,141,1,5.1,1.0,0.5,2.02,0.0,1.0,12.12,2.5,0.0,0.0
2,Sat Nov 01 00:24:06 UTC 2025,Sat Nov 01 00:30:52 UTC 2025,1,1.2,1,N,141,140,1,8.6,1.0,0.5,2.72,0.0,1.0,16.32,2.5,0.0,0.0
2,Sat Nov 01 00:13:09 UTC 2025,Sat Nov 01 00:40:58 UTC 2025,1,4.38,1,N,79,142,1,26.8,1.0,0.5,5.86,0.0,1.0,38.41,2.5,0.0,0.75
2,Sat Nov 01 00:55:37 UTC 2025,Sat Nov 01 01:02:43 UTC 2025,1,1.42,1,N,48,246,1,9.3,1.0,0.5,0.0,0.0,1.0,15.05,2.5,0.0,0.75
2,Sat Nov 01 00:42:27 UTC 2025,Sat Nov 01 00:47:08 UTC 2025,1,0.3,1,N,68,68,1,5.8,1.0,0.5,0.0,0.0,1.0,11.55,2.5,0.0,0.75
2,Sat Nov 01 00:51:06 UTC 2025,Sat Nov 01 01:02:38 UTC 2025,1,0.98,1,N,68,249,1,10.7,1.0,0.5,3.29,0.0,1.0,19.74,2.5,0.0,0.75
2,Fri Oct 31 23:58:16 UTC 2025,Sat Nov 01 00:10:07 UTC 2025,2,0.86,1,N,79,79,1,11.4,1.0,0.5,3.43,0.0,1.0,20.58,2.5,0.0,0.75
2,Sat Nov 01 00:18:59 UTC 2025,Sat Nov 01 00:32:27 UTC 2025,2,2.06,1,N,107,229,1,14.2,1.0,0.5,3.99,0.0,1.0,23.94,2.5,0.0,0.75
2,Sat Nov 01 00:04:28 UTC 2025,Sat Nov 01 00:09:48 UTC 2025,1,0.89,1,N,141,141,1,7.2,1.0,0.5,2.59,0.0,1.0,15.54,2.5,0.0,0.75
2,Sat Nov 01 00:14:15 UTC 2025,Sat Nov 01 00:17:52 UTC 2025,1,0.97,1,N,141,262,1,6.5,1.0,0.5,0.0,0.0,1.0,11.5,2.5,0.0,0.0
2,Sat Nov 01 00:18:38 UTC 2025,Sat Nov 01 00:51:44 UTC 2025,1,5.59,1,N,236,158,1,32.4,1.0,0.5,7.63,0.0,1.0,45.78,2.5,0.0,0.75
2,Sat Nov 01 00:53:49 UTC 2025,Sat Nov 01 01:01:19 UTC 2025,1,1.17,1,N,158,68,1,9.3,1.0,0.5,4.52,0.0,1.0,19.57,2.5,0.0,0.75
2,Sat Nov 01 00:14:57 UTC 2025,Sat Nov 01 00:23:30 UTC 2025,1,1.38,1,N,24,75,1,10.0,1.0,0.5,2.5,0.0,1.0,15.0,0.0,0.0,0.0
2,Sat Nov 01 00:59:31 UTC 2025,Sat Nov 01 01:14:19 UTC 2025,1,0.83,1,N,137,224,2,13.5,1.0,0.5,0.0,0.0,1.0,19.25,2.5,0.0,0.75
2,Sat Nov 01 00:10:46 UTC 2025,Sat Nov 01 00:26:45 UTC 2025,1,1.34,1,N,68,48,1,14.9,1.0,0.5,4.13,0.0,1.0,24.78,2.5,0.0,0.75
2,Sat Nov 01 00:31:13 UTC 2025,Sat Nov 01 00:45:12 UTC 2025,1,3.75,1,N,48,41,1,18.4,1.0,0.5,7.25,0.0,1.0,31.4,2.5,0.0,0.75
2,Sat Nov 01 00:59:13 UTC 2025,Sat Nov 01 01:09:59 UTC 2025,1,2.33,1,N,142,263,1,14.2,1.0,0.5,3.84,0.0,1.0,23.04,2.5,0.0,0.0
2,Sat Nov 01 00:36:00 UTC 2025,Sat Nov 01 01:24:52 UTC 2025,1,7.04,1,N,249,61,1,45.0,1.0,0.5,7.61,0.0,1.0,58.36,2.5,0.0,0.75
1,Sat Nov 01 00:07:49 UTC 2025,Sat Nov 01 00:21:21 UTC 2025,1,1.1,1,N,186,163,1,12.1,4.25,0.5,3.55,0.0,1.0,21.4,2.5,0.0,0.75
1,Sat Nov 01 00:25:19 UTC 2025,Sat Nov 01 01:10:11 UTC 2025,1,5.9,1,N,163,261,1,38.0,4.25,0.5,8.75,0.0,1.0,52.5,2.5,0.0,0.75
2,Sat Nov 01 00:29:36 UTC 2025,Sat Nov 01 00:40:21 UTC 2025,1,1.16,1,N,140,233,1,10.7,1.0,0.5,0.0,0.0,1.0,16.45,2.5,0.0,0.75
2,Sat Nov 01 00:42:57 UTC 2025,Sat Nov 01 00:51:58 UTC 2025,1,0.98,1,N,233,107,1,9.3,1.0,0.5,3.01,0.0,1.0,18.06,2.5,0.0,0.75
2,Sat Nov 01 00:30:45 UTC 2025,Sun Nov 02 00:11:00 UTC 2025,1,3.75,1,N,48,24,1,20.5,1.0,0.5,0.0,0.0,1.0,26.25,2.5,0.0,0.75
1,Sat Nov 01 00:42:24 UTC 2025,Sat Nov 01 00:55:57 UTC 2025,2,2.2,1,N,141,170,1,13.5,4.25,0.5,1.92,0.0,1.0,21.17,2.5,0.0,0.75
1,Sat Nov 01 00:05:58 UTC 2025,Sat Nov 01 00:20:54 UTC 2025,1,1.2,1,N,161,48,3,12.8,4.25,0.5,0.0,0.0,1.0,18.55,2.5,0.0,0.75
2,Sat Nov 01 00:04:47 UTC 2025,Sat Nov 01 00:13:22 UTC 2025,1,2.21,1,N,74,42,2,12.8,1.0,0.5,0.0,0.0,1.0,15.3,0.0,0.0,0.0
2,Sat Nov 01 00:33:49 UTC 2025,Sat Nov 01 00:38:45 UTC 2025,1,0.71,1,N,151,238,1,7.2,1.0,0.5,2.0,0.0,1.0,11.7,0.0,0.0,0.0
2,Sat Nov 01 00:49:43 UTC 2025,Sat Nov 01 01:00:26 UTC 2025,1,2.15,1,N,143,151,1,12.8,1.0,0.5,1.78,0.0,1.0,19.58,2.5,0.0,0.0
1,Sat Nov 01 00:45:28 UTC 2025,Sat Nov 01 00:57:09 UTC 2025,1,1.9,1,N,239,230,1,12.1,4.25,0.5,3.55,0.0,1.0,21.4,2.5,0.0,0.75
1,Sat Nov 01 00:59:56 UTC 2025,Sat Nov 01 01:04:04 UTC 2025,1,0.3,1,N,230,230,2,5.8,4.25,0.5,0.0,0.0,1.0,11.55,2.5,0.0,0.75
1,Sat Nov 01 00:34:26 UTC 2025,Sat Nov 01 00:58:03 UTC 2025,1,2.3,1,N,113,233,1,19.1,4.25,0.5,6.2,0.0,1.0,31.05,2.5,0.0,0.75
1,Sat Nov 01 00:59:33 UTC 2025,Sat Nov 01 01:05:40 UTC 2025,1,3.0,1,N,233,262,1,13.5,4.25,0.5,0.0,0.0,1.0,19.25,2.5,0.0,0.75
2,Sat Nov 01 00:59:10 UTC 2025,Sat Nov 01 01:17:06 UTC 2025,1,1.26,1,N,162,50,1,16.3,1.0,0.5,1.0,0.0,1.0,23.05,2.5,0.0,0.75
2,Sat Nov 01 00:26:24 UTC 2025,Sat Nov 01 00:32:28 UTC 2025,1,0.59,1,N,90,186,1,7.2,1.0,0.5,2.59,0.0,1.0,15.54,2.5,0.0,0.75
2,Sat Nov 01 00:34:04 UTC 2025,Sat Nov 01 00:43:55 UTC 2025,1,1.39,1,N,186,48,2,10.7,1.0,0.5,0.0,0.0,1.0,16.45,2.5,0.0,0.75
2,Sat Nov 01 00:47:56 UTC 2025,Sat Nov 01 01:02:25 UTC 2025,1,2.04,1,N,48,238,1,15.6,1.0,0.5,4.27,0.0,1.0,25.62,2.5,0.0,0.75
2,Sat Nov 01 00:34:20 UTC 2025,Sat Nov 01 01:05:05 UTC 2025,1,3.93,1,N,68,141,1,28.2,1.0,0.5,6.79,0.0,1.0,40.74,2.5,0.0,0.75
2,Sat Nov 01 00:43:16 UTC 2025,Sat Nov 01 01:13:46 UTC 2025,1,1.98,1,N,186,4,1,24.7,1.0,0.5,6.09,0.0,1.0,36.54,2.5,0.0,0.75
2,Sat Nov 01 00:14:13 UTC 2025,Sat Nov 01 00:43:56 UTC 2025,2,3.96,1,N,234,112,1,28.9,1.0,0.5,8.32,6.94,1.0,49.91,2.5,0.0,0.75
2,Sat Nov 01 00:05:44 UTC 2025,Sat Nov 01 00:28:04 UTC 2025,2,2.41,1,N,211,137,1,20.5,1.0,0.5,3.0,0.0,1.0,29.25,2.5,0.0,0.75
2,Sat Nov 01 00:57:44 UTC 2025,Sat Nov 01 01:06:53 UTC 2025,1,1.48,1,N,239,141,1,10.7,1.0,0.5,2.36,0.0,1.0,18.06,2.5,0.0,0.0
2,Sat Nov 01 00:20:18 UTC 2025,Sat Nov 01 00:43:29 UTC 2025,4,11.3,1,N,170,138,1,43.6,6.0,0.5,10.0,6.94,1.0,71.29,2.5,0.0,0.75
2,Sat Nov 01 00:52:20 UTC 2025,Sat Nov 01 01:11:16 UTC 2025,2,11.04,1,N,138,162,1,42.9,6.0,0.5,12.12,6.94,1.0,74.46,2.5,1.75,0.75
2,Sat Nov 01 00:30:03 UTC 2025,Sat Nov 01 01:14:45 UTC 2025,4,1.82,1,N,90,79,1,31.0,1.0,0.5,7.35,0.0,1.0,44.1,2.5,0.0,0.75
2,Sat Nov 01 00:09:31 UTC 2025,Sat Nov 01 00:14:59 UTC 2025,4,0.64,1,N,236,237,1,7.2,1.0,0.5,2.0,0.0,1.0,14.2,2.5,0.0,0.0
2,Sat Nov 01 00:15:27 UTC 2025,Sat Nov 01 00:24:35 UTC 2025,1,1.19,1,N,237,162,1,10.7,1.0,0.5,3.29,0.0,1.0,19.74,2.5,0.0,0.75
2,Sat Nov 01 00:29:49 UTC 2025,Sat Nov 01 00:55:54 UTC 2025,1,5.8,1,N,233,80,1,31.0,1.0,0.5,8.74,6.94,1.0,52.43,2.5,0.0,0.75
1,Sat Nov 01 00:01:17 UTC 2025,Sat Nov 01 00:57:54 UTC 2025,1,6.6,1,N,262,87,1,49.9,4.25,0.5,11.15,0.0,1.0,66.8,2.5,0.0,0.75
1,Sat Nov 01 00:28:13 UTC 2025,Sat Nov 01 01:02:38 UTC 2025,1,14.9,2,N,132,141,1,70.0,2.5,0.5,7.0,0.0,1.0,81.0,2.5,0.0,0.0
2,Sat Nov 01 00:11:41 UTC 2025,Sat Nov 01 00:38:18 UTC 2025,1,2.16,1,N,107,230,1,22.6,1.0,0.5,5.67,0.0,1.0,34.02,2.5,0.0,0.75
2,Sat Nov 01 00:39:06 UTC 2025,Sat Nov 01 00:52:01 UTC 2025,1,2.67,1,N,230,236,1,14.9,1.0,0.5,3.0,0.0,1.0,23.65,2.5,0.0,0.75
1,Sat Nov 01 00:02:39 UTC 2025,Sat Nov 01 00:18:44 UTC 2025,1,3.9,1,N,163,179,1,18.4,4.25,0.5,4.85,0.0,1.0,29.0,2.5,0.0,0.75
1,Sat Nov 01 00:10:18 UTC 2025,Sat Nov 01 00:22:44 UTC 2025,3,1.0,1,N,79,113,2,12.1,4.25,0.5,0.0,0.0,1.0,17.85,2.5,0.0,0.75
1,Sat Nov 01 00:25:23 UTC 2025,Sat Nov 01 00:50:31 UTC 2025,1,3.0,1,N,113,48,1,23.3,4.25,0.5,5.8,0.0,1.0,34.85,2.5,0.0,0.75
7,Sat Nov 01 00:05:42 UTC 2025,Sat Nov 01 00:05:42 UTC 2025,1,0.87,1,N,234,113,1,21.2,0.0,0.5,3.0,0.0,1.0,29.95,2.5,0.0,0.75
7,Sat Nov 01 00:42:24 UTC 2025,Sat Nov 01 00:42:24 UTC 2025,4,3.63,1,N,113,236,1,27.5,0.0,0.5,8.31,0.0,1.0,41.56,2.5,0.0,0.75
2,Sat Nov 01 00:20:55 UTC 2025,Sat Nov 01 00:40:21 UTC 2025,1,1.92,1,N,48,170,1,17.0,1.0,0.5,3.0,0.0,1.0,25.75,2.5,0.0,0.75
2,Sat Nov 01 00:46:02 UTC 2025,Sat Nov 01 00:59:15 UTC 2025,4,1.12,1,N,170,48,1,12.1,1.0,0.5,3.57,0.0,1.0,21.42,2.5,0.0,0.75
2,Sat Nov 01 00:46:25 UTC 2025,Sat Nov 01 00:54:23 UTC 2025,1,1.2,1,N,79,170,1,9.3,1.0,0.5,0.0,0.0,1.0,15.05,2.5,0.0,0.75
2,Sat Nov 01 00:57:19 UTC 2025,Sat Nov 01 01:05:08 UTC 2025,1,2.0,1,N,233,263,1,10.7,1.0,0.5,0.0,0.0,1.0,16.45,2.5,0.0,0.75
1,Sat Nov 01 00:13:45 UTC 2025,Sat Nov 01 00:19:18 UTC 2025,1,1.4,1,N,263,141,1,7.9,4.25,0.5,2.7,0.0,1.0,16.35,2.5,0.0,0.75
1,Sat Nov 01 00:53:14 UTC 2025,Sat Nov 01 01:10:40 UTC 2025,2,2.8,1,N,234,141,1,17.0,4.25,0.5,4.55,0.0,1.0,27.3,2.5,0.0,0.75
1,Sat Nov 01 00:19:12 UTC 2025,Sat Nov 01 00:37:55 UTC 2025,0,1.2,1,N,113,186,1,16.3,4.25,0.5,2.0,0.0,1.0,24.05,2.5,0.0,0.75
1,Sat Nov 01 00:45:23 UTC 2025,Sat Nov 01 00:56:19 UTC 2025,0,2.1,1,N,170,142,1,12.8,4.25,0.5,3.7,0.0,1.0,22.25,2.5,0.0,0.75
2,Sat Nov 01 00:52:58 UTC 2025,Sat Nov 01 00:57:28 UTC 2025,1,1.25,1,N,50,246,1,7.9,1.0,0.5,2.73,0.0,1.0,16.38,2.5,0.0,0.75
2,Sat Nov 01 00:58:29 UTC 2025,Sat Nov 01 01:23:03 UTC 2025,1,5.25,1,N,246,75,1,28.2,1.0,0.5,3.4,0.0,1.0,37.35,2.5,0.0,0.75
2,Sat Nov 01 00:56:53 UTC 2025,Sat Nov 01 01:04:05 UTC 2025,1,0.59,1,N,170,170,1,7.9,1.0,0.5,1.0,0.0,1.0,14.65,2.5,0.0,0.75
2,Sat Nov 01 00:14:12 UTC 2025,Sat Nov 01 00:22:49 UTC 2025,2,1.56,1,N,141,161,1,10.0,1.0,0.5,3.15,0.0,1.0,18.9,2.5,0.0,0.75
2,Sat Nov 01 00:26:41 UTC 2025,Sat Nov 01 00:46:00 UTC 2025,2,3.47,1,N,161,7,1,20.5,1.0,0.5,5.25,0.0,1.0,31.5,2.5,0.0,0.75
2,Sat Nov 01 00:01:30 UTC 2025,Sat Nov 01 00:07:14 UTC 2025,1,0.54,1,N,113,107,1,7.2,1.0,0.5,1.2,0.0,1.0,14.15,2.5,0.0,0.75
2,Sat Nov 01 00:08:22 UTC 2025,Sat Nov 01 00:22:58 UTC 2025,2,1.92,1,N,107,229,1,14.9,1.0,0.5,10.0,0.0,1.0,30.65,2.5,0.0,0.75
1,Sat Nov 01 00:01:50 UTC 2025,Sat Nov 01 00:54:38 UTC 2025,1,5.7,1,N,237,232,1,41.5,4.25,0.5,9.45,0.0,1.0,56.7,2.5,0.0,0.75
2,Sat Nov 01 00:16:56 UTC 2025,Sat Nov 01 01:02:50 UTC 2025,3,8.81,1,N,34,263,1,49.9,1.0,0.5,0.0,0.0,1.0,54.9,2.5,0.0,0.0
1,Sat Nov 01 00:25:56 UTC 2025,Sat Nov 01 00:34:17 UTC 2025,1,1.8,1,N,238,263,1,9.3,3.5,0.5,2.85,0.0,1.0,17.15,2.5,0.0,0.0
1,Sat Nov 01 00:35:45 UTC 2025,Sat Nov 01 00:45:58 UTC 2025,1,2.3,1,N,263,233,1,12.1,4.25,0.5,5.35,0.0,1.0,23.2,2.5,0.0,0.75
1,Sat Nov 01 00:47:30 UTC 2025,Sat Nov 01 00:55:00 UTC 2025,1,1.2,1,N,233,163,1,8.6,4.25,0.5,2.85,0.0,1.0,17.2,2.5,0.0,0.75
1,Sat Nov 01 00:57:54 UTC 2025,Sat Nov 01 01:06:31 UTC 2025,1,3.5,1,N,237,42,1,14.9,4.25,0.5,4.15,0.0,1.0,24.8,2.5,0.0,0.75
2,Sat Nov 01 00:40:11 UTC 2025,Sat Nov 01 01:14:45 UTC 2025,1,13.98,1,N,143,81,2,56.9,1.0,0.5,0.0,0.0,1.0,62.65,2.5,0.0,0.75
2,Sat Nov 01 00:48:21 UTC 2025,Sat Nov 01 01:11:38 UTC 2025,2,7.04,1,N,148,263,1,33.8,1.0,0.5,7.91,0.0,1.0,47.46,2.5,0.0,0.75
2,Sat Nov 01 00:04:00 UTC 2025,Sat Nov 01 00:08:39 UTC 2025,1,0.28,1,N,230,230,1,5.8,1.0,0.5,0.0,0.0,1.0,11.55,2.5,0.0,0.75
2,Sat Nov 01 00:39:54 UTC 2025,Sat Nov 01 00:40:12 UTC 2025,4,0.0,5,N,265,265,2,70.0,0.0,0.0,0.0,0.0,1.0,71.0,0.0,0.0,0.0
2,Sat Nov 01 00:42:50 UTC 2025,Sat Nov 01 00:43:04 UTC 2025,4,0.0,5,N,265,265,1,70.0,0.0,0.0,14.2,0.0,1.0,85.2,0.0,0.0,0.0
7,Sat Nov 01 00:49:13 UTC 2025,Sat Nov 01 00:49:13 UTC 2025,2,4.0,1,N,246,87,1,36.6,0.0,0.5,5.0,0.0,1.0,47.35,2.5,0.0,0.75
1,Sat Nov 01 00:13:03 UTC 2025,Sat Nov 01 00:14:57 UTC 2025,2,0.3,1,N,231,231,1,4.4,4.25,0.5,2.0,0.0,1.0,12.15,2.5,0.0,0.75
1,Sat Nov 01 00:59:53 UTC 2025,Sat Nov 01 01:10:15 UTC 2025,2,1.9,1,N,237,239,1,12.8,3.5,0.5,3.55,0.0,1.0,21.35,2.5,0.0,0.0
1,Sat Nov 01 00:19:06 UTC 2025,Sat Nov 01 00:27:01 UTC 2025,1,1.6,1,N,236,238,1,10.0,3.5,0.5,2.0,0.0,1.0,17.0,2.5,0.0,0.0
1,Sat Nov 01 00:27:53 UTC 2025,Sat Nov 01 00:32:17 UTC 2025,1,0.8,1,N,239,143,1,6.5,3.5,0.5,2.3,0.0,1.0,13.8,2.5,0.0,0.0
1,Sat Nov 01 00:35:22 UTC 2025,Sat Nov 01 00:47:44 UTC 2025,1,2.3,1,N,239,263,1,12.8,3.5,0.5,4.45,0.0,1.0,22.25,2.5,0.0,0.0
2,Fri Oct 31 23:56:21 UTC 2025,Sat Nov 01 00:18:08 UTC 2025,1,4.8,1,N,79,66,1,26.1,1.0,0.5,0.0,0.0,1.0,31.85,2.5,0.0,0.75
2,Sat Nov 01 00:11:47 UTC 2025,Sat Nov 01 00:37:07 UTC 2025,1,4.01,1,N,234,239,1,25.4,1.0,0.5,6.23,0.0,1.0,37.38,2.5,0.0,0.75
2,Sat Nov 01 00:04:21 UTC 2025,Sat Nov 01 00:49:53 UTC 2025,2,4.0,1,N,237,249,1,38.0,1.0,0.5,8.75,0.0,1.0,52.5,2.5,0.0,0.75
2,Sat Nov 01 00:55:53 UTC 2025,Sat Nov 01 01:32:34 UTC 2025,2,5.02,1,N,249,236,1,35.2,1.0,0.5,2.0,0.0,1.0,42.95,2.5,0.0,0.75
1,Sat Nov 01 00:31:22 UTC 2025,Sat Nov 01 00:56:00 UTC 2025,1,5.8,1,N,144,262,1,28.2,4.25,0.5,6.8,0.0,1.0,40.75,2.5,0.0,0.75
2,Sat Nov 01 00:21:05 UTC 2025,Sat Nov 01 00:41:38 UTC 2025,0,3.74,1,N,239,68,1,21.9,1.0,0.5,6.91,0.0,1.0,34.56,2.5,0.0,0.75
2,Sat Nov 01 00:08:13 UTC 2025,Sat Nov 01 00:17:10 UTC 2025,2,1.98,1,N,237,75,1,10.7,1.0,0.5,0.0,0.0,1.0,15.7,2.5,0.0,0.0
1,Sat Nov 01 00:38:11 UTC 2025,Sat Nov 01 00:55:23 UTC 2025,1,2.0,1,N,107,158,1,14.9,4.25,0.5,4.15,0.0,1.0,24.8,2.5,0.0,0.75
1,Sat Nov 01 00:03:35 UTC 2025,Sat Nov 01 00:17:53 UTC 2025,1,1.8,1,N,43,170,1,14.2,4.25,0.5,3.95,0.0,1.0,23.9,2.5,0.0,0.75
1,Sat Nov 01 00:20:10 UTC 2025,Sat Nov 01 00:36:56 UTC 2025,3,1.0,1,N,107,113,1,14.9,4.25,0.5,4.1,0.0,1.0,24.75,2.5,0.0,0.75
1,Sat Nov 01 00:42:31 UTC 2025,Sat Nov 01 01:02:46 UTC 2025,1,1.4,1,N,90,68,1,17.7,4.25,0.5,2.0,0.0,1.0,25.45,2.5,0.0,0.75
1,Sat Nov 01 00:24:05 UTC 2025,Sat Nov 01 00:32:10 UTC 2025,2,1.5,1,N,263,229,1,10.0,4.25,0.5,1.0,0.0,1.0,16.75,2.5,0.0,0.75
1,Sat Nov 01 00:35:47 UTC 2025,Sat Nov 01 00:43:37 UTC 2025,2,1.9,1,N,229,263,1,10.7,4.25,0.5,3.25,0.0,1.0,19.7,2.5,0.0,0.75
1,Sat Nov 01 00:46:07 UTC 2025,Sat Nov 01 01:13:27 UTC 2025,1,3.7,1,N,263,79,1,24.7,4.25,0.5,6.05,0.0,1.0,36.5,2.5,0.0,0.75
2,Sat Nov 01 00:08:15 UTC 2025,Sat Nov 01 00:44:42 UTC 2025,1,2.35,1,N,186,4,1,28.9,1.0,0.5,10.39,0.0,1.0,45.04,2.5,0.0,0.75
2,Sat Nov 01 00:48:04 UTC 2025,Sat Nov 01 01:13:29 UTC 2025,1,3.06,1,N,79,230,1,22.6,1.0,0.5,5.67,0.0,1.0,34.02,2.5,0.0,0.75
2,Sat Nov 01 00:18:46 UTC 2025,Sat Nov 01 00:45:19 UTC 2025,1,3.53,1,N,151,164,1,25.4,1.0,0.5,6.23,0.0,1.0,37.38,2.5,0.0,0.75
2,Sat Nov 01 00:51:36 UTC 2025,Sat Nov 01 01:10:32 UTC 2025,3,1.62,1,N,164,79,1,16.3,1.0,0.5,2.0,0.0,1.0,24.05,2.5,0.0,0.75
2,Sat Nov 01 00:26:55 UTC 2025,Sat Nov 01 00:43:05 UTC 2025,2,1.78,1,N,170,141,1,15.6,1.0,0.5,1.0,0.0,1.0,22.35,2.5,0.0,0.75
2,Sat Nov 01 00:16:30 UTC 2025,Sat Nov 01 00:54:09 UTC 2025,1,3.12,1,N,90,161,2,31.7,1.0,0.5,0.0,0.0,1.0,37.45,2.5,0.0,0.75
2,Sat Nov 01 00:58:00 UTC 2025,Sat Nov 01 01:02:19 UTC 2025,1,0.71,1,N,161,137,1,6.5,1.0,0.5,2.45,0.0,1.0,14.7,2.5,0.0,0.75
2,Sat Nov 01 00:38:33 UTC 2025,Sat Nov 01 01:02:14 UTC 2025,5,4.03,1,N,158,239,1,25.4,1.0,0.5,5.0,0.0,1.0,36.15,2.5,0.0,0.75
2,Sat Nov 01 00:01:37 UTC 2025,Sat Nov 01 00:10:06 UTC 2025,1,1.43,1,N,236,239,1,10.7,1.0,0.5,2.0,0.0,1.0,17.7,2.5,0.0,0.0
1,Sat Nov 01 00:08:32 UTC 2025,Sat Nov 01 00:30:56 UTC 2025,3,4.9,1,N,107,263,1,26.1,4.25,0.5,2.0,0.0,1.0,33.85,2.5,0.0,0.75
1,Sat Nov 01 00:39:37 UTC 2025,Sat Nov 01 01:26:17 UTC 2025,1,4.3,1,N,141,249,1,40.1,4.25,0.5,9.15,0.0,1.0,55.0,2.5,0.0,0.75
2,Sat Nov 01 00:09:23 UTC 2025,Sat Nov 01 00:17:10 UTC 2025,4,0.47,1,N,186,234,1,7.9,1.0,0.5,2.05,0.0,1.0,15.7,2.5,0.0,0.75
2,Sat Nov 01 00:18:44 UTC 2025,Sat Nov 01 00:40:16 UTC 2025,3,2.07,1,N,234,170,1,19.1,1.0,0.5,4.97,0.0,1.0,29.82,2.5,0.0,0.75
2,Sat Nov 01 00:40:25 UTC 2025,Sat Nov 01 00:40:51 UTC 2025,1,0.07,1,N,232,232,2,3.0,1.0,0.5,0.0,0.0,1.0,8.75,2.5,0.0,0.75
2,Sat Nov 01 00:44:43 UTC 2025,Sat Nov 01 00:54:26 UTC 2025,1,1.45,1,N,232,224,1,10.7,1.0,0.5,3.29,0.0,1.0,19.74,2.5,0.0,0.75
2,Sat Nov 01 00:55:59 UTC 2025,Sat Nov 01 01:04:55 UTC 2025,1,1.92,1,N,224,229,1,11.4,1.0,0.5,3.43,0.0,1.0,20.58,2.5,0.0,0.75
2,Sat Nov 01 00:12:32 UTC 2025,Sat Nov 01 00:57:57 UTC 2025,1,4.34,1,N,234,255,1,39.4,1.0,0.5,9.03,0.0,1.0,54.18,2.5,0.0,0.75
2,Sat Nov 01 00:01:47 UTC 2025,Sat Nov 01 00:38:16 UTC 2025,4,1.0,1,N,68,249,1,28.2,1.0,0.5,6.79,0.0,1.0,40.74,2.5,0.0,0.75
2,Sat Nov 01 00:39:32 UTC 2025,Sat Nov 01 00:58:03 UTC 2025,4,1.88,1,N,249,148,1,17.0,1.0,0.5,0.22,0.0,1.0,22.97,2.5,0.0,0.75
2,Sat Nov 01 00:59:29 UTC 2025,Sat Nov 01 01:10:15 UTC 2025,1,2.62,1,N,148,25,1,14.9,1.0,0.5,4.13,0.0,1.0,24.78,2.5,0.0,0.75
2,Sat Nov 01 00:04:45 UTC 2025,Sat Nov 01 00:12:29 UTC 2025,1,1.95,1,N,162,263,2,10.0,1.0,0.5,0.0,0.0,1.0,15.75,2.5,0.0,0.75
2,Sat Nov 01 00:49:13 UTC 2025,Sat Nov 01 00:53:55 UTC 2025,1,0.83,1,N,261,13,1,7.2,1.0,0.5,3.88,0.0,1.0,16.83,2.5,0.0,0.75
1,Sat Nov 01 00:09:40 UTC 2025,Sat Nov 01 00:22:21 UTC 2025,1,1.9,1,N,79,261,1,13.5,4.25,0.5,1.5,0.0,1.0,20.75,2.5,0.0,0.75
1,Sat Nov 01 00:30:20 UTC 2025,Sat Nov 01 01:02:54 UTC 2025,2,3.1,1,N,45,170,1,27.5,4.25,0.5,6.65,0.0,1.0,39.9,2.5,0.0,0.75
2,Sat Nov 01 00:10:22 UTC 2025,Sat Nov 01 00:21:35 UTC 2025,2,2.99,1,N,243,116,1,15.6,1.0,0.5,3.62,0.0,1.0,21.72,0.0,0.0,0.0
2,Sat Nov 01 00:24:25 UTC 2025,Sat Nov 01 00:47:09 UTC 2025,1,1.41,1,N,234,137,1,19.8,1.0,0.5,2.0,0.0,1.0,27.55,2.5,0.0,0.75
2,Sat Nov 01 00:09:54 UTC 2025,Sat Nov 01 00:22:58 UTC 2025,1,3.29,1,N,48,41,1,17.7,1.0,0.5,2.0,0.0,1.0,25.45,2.5,0.0,0.75
2,Sat Nov 01 00:05:35 UTC 2025,Sat Nov 01 00:21:47 UTC 2025,2,1.17,1,N,113,170,1,14.9,1.0,0.5,4.13,0.0,1.0,24.78,2.5,0.0,0.75
2,Sat Nov 01 00:35:48 UTC 2025,Sat Nov 01 00:51:23 UTC 2025,1,0.91,1,N,234,107,1,14.2,1.0,0.5,3.99,0.0,1.0,23.94,2.5,0.0,0.75
2,Sat Nov 01 00:55:39 UTC 2025,Sat Nov 01 01:04:10 UTC 2025,2,0.93,1,N,107,100,1,9.3,1.0,0.5,3.01,0.0,1.0,18.06,2.5,0.0,0.75
2,Sat Nov 01 00:24:47 UTC 2025,Sat Nov 01 00:47:19 UTC 2025,1,1.65,1,N,249,107,1,19.1,1.0,0.5,4.0,0.0,1.0,28.85,2.5,0.0,0.75
2,Sat Nov 01 00:04:57 UTC 2025,Sat Nov 01 00:21:54 UTC 2025,1,1.3,1,N,186,113,1,14.9,1.0,0.5,4.13,0.0,1.0,24.78,2.5,0.0,0.75
2,Sat Nov 01 00:31:37 UTC 2025,Sat Nov 01 01:01:28 UTC 2025,1,2.19,1,N,113,100,2,24.7,1.0,0.5,0.0,0.0,1.0,30.45,2.5,0.0,0.75
2,Sat Nov 01 00:33:59 UTC 2025,Sat Nov 01 01:02:52 UTC 2025,1,5.13,1,N,186,24,1,31.0,1.0,0.5,7.35,0.0,1.0,44.1,2.5,0.0,0.75
1,Sat Nov 01 00:31:02 UTC 2025,Sat Nov 01 01:08:01 UTC 2025,3,1.4,1,N,264,90,1,28.9,4.25,0.5,6.9,0.0,1.0,41.55,2.5,0.0,0.75
2,Sat Nov 01 00:00:08 UTC 2025,Sat Nov 01 00:20:42 UTC 2025,1,10.22,1,N,138,162,1,40.8,6.0,0.5,5.0,6.94,1.0,65.24,2.5,1.75,0.75
2,Sat Nov 01 00:25:52 UTC 2025,Sat Nov 01 00:38:45 UTC 2025,1,1.9,1,N,161,234,1,13.5,1.0,0.5,3.85,0.0,1.0,23.1,2.5,0.0,0.75
2,Sat Nov 01 00:45:29 UTC 2025,Sat Nov 01 00:45:55 UTC 2025,2,0.0,1,N,113,113,4,-3.0,-1.0,-0.5,0.0,0.0,-1.0,-8.75,-2.5,0.0,-0.75
2,Sat Nov 01 00:45:29 UTC 2025,Sat Nov 01 00:45:55 UTC 2025,2,0.0,1,N,113,113,4,3.0,1.0,0.5,0.0,0.0,1.0,8.75,2.5,0.0,0.75
2,Sat Nov 01 00:52:17 UTC 2025,Sat Nov 01 01:18:49 UTC 2025,1,5.69,1,N,113,75,1,28.2,1.0,0.5,2.0,0.0,1.0,35.95,2.5,0.0,0.75
1,Sat Nov 01 00:02:38 UTC 2025,Sat Nov 01 00:16:17 UTC 2025,4,0.8,1,N,144,148,1,12.8,4.25,0.5,3.7,0.0,1.0,22.25,2.5,0.0,0.75
1,Sat Nov 01 00:17:49 UTC 2025,Sat Nov 01 00:34:32 UTC 2025,1,2.0,1,N,148,170,1,15.6,4.25,0.5,4.25,0.0,1.0,25.6,2.5,0.0,0.75
1,Sat Nov 01 00:41:19 UTC 2025,Sat Nov 01 00:57:48 UTC 2025,2,3.6,1,N,107,262,1,19.8,4.25,0.5,5.1,0.0,1.0,30.65,2.5,0.0,0.75
1,Sat Nov 01 00:59:12 UTC 2025,Sat Nov 01 01:01:03 UTC 2025,1,0.7,1,N,263,75,1,5.1,3.5,0.5,1.0,0.0,1.0,11.1,2.5,0.0,0.0
2,Sat Nov 01 00:32:35 UTC 2025,Sat Nov 01 00:42:03 UTC 2025,1,2.0,1,N,48,238,1,12.1,1.0,0.5,4.46,0.0,1.0,22.31,2.5,0.0,0.75
2,Sat Nov 01 00:53:09 UTC 2025,Sat Nov 01 01:05:42 UTC 2025,1,1.5,1,N,48,229,1,12.1,1.0,0.5,2.0,0.0,1.0,19.85,2.5,0.0,0.75
2,Sat Nov 01 00:05:12 UTC 2025,Sat Nov 01 00:28:45 UTC 2025,3,1.58,1,N,68,144,1,19.8,1.0,0.5,5.11,0.0,1.0,30.66,2.5,0.0,0.75
2,Sat Nov 01 00:19:01 UTC 2025,Sat Nov 01 00:26:15 UTC 2025,1,1.2,1,N,163,143,1,9.3,1.0,0.5,3.01,0.0,1.0,18.06,2.5,0.0,0.75
2,Sat Nov 01 00:41:54 UTC 2025,Sat Nov 01 00:54:46 UTC 2025,2,2.19,1,N,48,141,1,14.2,1.0,0.5,3.99,0.0,1.0,23.94,2.5,0.0,0.75
2,Sat Nov 01 00:13:40 UTC 2025,Sat Nov 01 00:32:53 UTC 2025,2,1.26,1,N,234,233,1,17.0,1.0,0.5,2.5,0.0,1.0,25.25,2.5,0.0,0.75
2,Sat Nov 01 00:23:51 UTC 2025,Sat Nov 01 00:49:59 UTC 2025,2,1.64,1,N,137,79,1,21.9,1.0,0.5,0.0,0.0,1.0,27.65,2.5,0.0,0.75
2,Sat Nov 01 00:54:16 UTC 2025,Sat Nov 01 00:59:16 UTC 2025,3,0.91,1,N,79,107,1,6.5,1.0,0.5,2.2,0.0,1.0,14.45,2.5,0.0,0.75
2,Sat Nov 01 00:06:39 UTC 2025,Sat Nov 01 00:27:23 UTC 2025,1,2.5,1,N,237,68,1,19.1,1.0,0.5,4.97,0.0,1.0,29.82,2.5,0.0,0.75
2,Sat Nov 01 00:38:03 UTC 2025,Sat Nov 01 01:18:13 UTC 2025,2,4.67,1,N,90,87,1,36.6,1.0,0.5,8.47,0.0,1.0,50.82,2.5,0.0,0.75
2,Sat Nov 01 00:53:58 UTC 2025,Sat Nov 01 01:07:14 UTC 2025,1,1.85,1,N,237,164,1,14.2,1.0,0.5,3.99,0.0,1.0,23.94,2.5,0.0,0.75
1,Sat Nov 01 00:26:42 UTC 2025,Sat Nov 01 00:33:24 UTC 2025,1,1.3,1,N,143,162,3,7.9,4.25,0.5,0.0,0.0,1.0,13.65,2.5,0.0,0.75
1,Sat Nov 01 00:35:57 UTC 2025,Sat Nov 01 01:23:01 UTC 2025,1,3.0,1,N,162,158,1,35.9,4.25,0.5,0.0,0.0,1.0,41.65,2.5,0.0,0.75
2,Sat Nov 01 00:22:28 UTC 2025,Sat Nov 01 01:11:16 UTC 2025,1,8.61,1,N,37,143,1,49.9,1.0,0.5,10.98,0.0,1.0,65.88,2.5,0.0,0.0
2,Sat Nov 01 00:17:51 UTC 2025,Sat Nov 01 00:37:52 UTC 2025,1,1.67,1,N,87,148,1,17.7,1.0,0.5,4.69,0.0,1.0,28.14,2.5,0.0,0.75
2,Sat Nov 01 00:43:26 UTC 2025,Sat Nov 01 00:52:40 UTC 2025,3,0.93,1,N,79,107,1,10.0,1.0,0.5,3.15,0.0,1.0,18.9,2.5,0.0,0.75
2,Sat Nov 01 00:58:55 UTC 2025,Sat Nov 01 01:12:59 UTC 2025,2,3.45,1,N,137,236,1,17.7,1.0,0.5,3.0,0.0,1.0,26.45,2.5,0.0,0.75
2,Sat Nov 01 00:47:44 UTC 2025,Sat Nov 01 01:00:14 UTC 2025,1,3.04,1,N,148,87,1,16.3,1.0,0.5,4.0,0.0,1.0,26.05,2.5,0.0,0.75
2,Sat Nov 01 00:03:14 UTC 2025,Sat Nov 01 00:11:46 UTC 2025,1,1.77,1,N,238,236,1,11.4,1.0,0.5,4.1,0.0,1.0,20.5,2.5,0.0,0.0
2,Sat Nov 01 00:19:48 UTC 2025,Sat Nov 01 00:52:17 UTC 2025,4,6.26,5,N,141,265,1,75.0,0.0,0.0,15.35,0.0,1.0,92.1,0.0,0.0,0.75
2,Sat Nov 01 00:34:58 UTC 2025,Sat Nov 01 01:00:41 UTC 2025,1,7.39,5,N,152,82,1,40.0,0.0,0.0,3.0,6.94,1.0,50.94,0.0,0.0,0.0
2,Sat Nov 01 00:55:30 UTC 2025,Sat Nov 01 01:09:17 UTC 2025,3,1.38,1,N,79,234,1,13.5,1.0,0.5,0.0,0.0,1.0,19.25,2.5,0.0,0.75
2,Sat Nov 01 00:27:32 UTC 2025,Sat Nov 01 00:37:11 UTC 2025,1,0.83,1,N,137,90,1,10.0,1.0,0.5,3.15,0.0,1.0,18.9,2.5,0.0,0.75
2,Sat Nov 01 00:03:49 UTC 2025,Sat Nov 01 00:10:48 UTC 2025,1,1.47,1,N,263,237,2,9.3,1.0,0.5,0.0,0.0,1.0,14.3,2.5,0.0,0.0
2,Sat Nov 01 00:14:58 UTC 2025,Sat Nov 01 00:25:38 UTC 2025,1,0.55,1,N,162,233,1,10.7,1.0,0.5,3.29,0.0,1.0,19.74,2.5,0.0,0.75
1,Sat Nov 01 00:23:16 UTC 2025,Sat Nov 01 01:07:59 UTC 2025,2,6.2,1,N,158,75,1,38.7,4.25,0.5,8.9,0.0,1.0,53.35,2.5,0.0,0.75
2,Sat Nov 01 00:51:07 UTC 2025,Sat Nov 01 01:22:09 UTC 2025,2,2.93,1,N,164,231,1,26.8,1.0,0.5,3.0,0.0,1.0,35.55,2.5,0.0,0.75
2,Sat Nov 01 00:37:25 UTC 2025,Sat Nov 01 00:41:47 UTC 2025,2,0.73,1,N,100,246,1,6.5,1.0,0.5,2.0,0.0,1.0,14.25,2.5,0.0,0.75
2,Sat Nov 01 00:11:40 UTC 2025,Sat Nov 01 00:26:44 UTC 2025,1,1.48,1,N,246,48,1,14.2,1.0,0.5,3.99,0.0,1.0,23.94,2.5,0.0,0.75
1,Sat Nov 01 00:02:52 UTC 2025,Sat Nov 01 00:14:40 UTC 2025,2,1.6,1,N,48,246,1,12.8,4.25,0.5,1.86,0.0,1.0,20.41,2.5,0.0,0.75
1,Sat Nov 01 00:22:06 UTC 2025,Sat Nov 01 00:36:02 UTC 2025,1,1.6,1,N,90,137,1,14.2,4.25,0.5,5.95,0.0,1.0,25.9,2.5,0.0,0.75
1,Sat Nov 01 00:59:44 UTC 2025,Sat Nov 01 01:17:12 UTC 2025,1,1.4,1,N,107,233,1,16.3,4.25,0.5,0.0,0.0,1.0,22.05,2.5,0.0,0.75
1,Sat Nov 01 00:09:41 UTC 2025,Sat Nov 01 00:14:48 UTC 2025,4,0.4,1,N,107,234,1,6.5,4.25,0.5,2.45,0.0,1.0,14.7,2.5,0.0,0.75
1,Sat Nov 01 00:15:34 UTC 2025,Sat Nov 01 00:55:32 UTC 2025,1,2.1,1,N,234,170,1,31.7,4.25,0.5,7.45,0.0,1.0,44.9,2.5,0.0,0.75
2,Sat Nov 01 00:16:49 UTC 2025,Sat Nov 01 00:58:28 UTC 2025,1,5.1,1,N,170,87,1,38.7,1.0,0.5,8.89,0.0,1.0,53.34,2.5,0.0,0.75
2,Sat Nov 01 00:08:56 UTC 2025,Sat Nov 01 00:18:02 UTC 2025,1,1.73,1,N,262,145,1,10.7,1.0,0.5,0.0,0.0,1.0,16.45,2.5,0.0,0.75
7,Sat Nov 01 00:08:48 UTC 2025,Sat Nov 01 00:08:48 UTC 2025,2,0.68,1,N,68,158,1,14.2,0.0,0.5,2.0,0.0,1.0,21.95,2.5,0.0,0.75
7,Sat Nov 01 00:18:44 UTC 2025,Sat Nov 01 00:18:44 UTC 2025,1,0.22,1,N,158,249,1,7.2,0.0,0.5,2.59,0.0,1.0,15.54,2.5,0.0,0.75
2,Sat Nov 01 00:02:42 UTC 2025,Sat Nov 01 00:14:29 UTC 2025,1,2.49,1,N,239,229,1,14.2,1.0,0.5,5.0,0.0,1.0,24.95,2.5,0.0,0.75
2,Sat Nov 01 00:17:08 UTC 2025,Sat Nov 01 00:21:35 UTC 2025,1,1.08,1,N,229,140,1,7.2,1.0,0.5,2.59,0.0,1.0,15.54,2.5,0.0,0.75
2,Sat Nov 01 00:03:42 UTC 2025,Sat Nov 01 00:53:44 UTC 2025,2,4.6,1,N,249,163,1,40.1,1.0,0.5,2.0,0.0,1.0,47.85,2.5,0.0,0.75
2,Sat Nov 01 00:57:34 UTC 2025,Sat Nov 01 01:07:14 UTC 2025,1,1.41,1,N,163,237,1,10.7,1.0,0.5,3.29,0.0,1.0,19.74,2.5,0.0,0.75
1,Sat Nov 01 00:58:22 UTC 2025,Sat Nov 01 01:21:03 UTC 2025,1,3.5,1,N,229,68,1,20.5,4.25,0.5,0.0,0.0,1.0,26.25,2.5,0.0,0.75
1,Sat Nov 01 00:01:32 UTC 2025,Sat Nov 01 00:18:52 UTC 2025,1,1.1,1,N,90,48,1,14.9,4.25,0.5,4.15,0.0,1.0,24.8,2.5,0.0,0.75
1,Sat Nov 01 00:25:29 UTC 2025,Sat Nov 01 00:36:52 UTC 2025,1,1.3,1,N,163,90,1,11.4,4.25,0.5,4.3,0.0,1.0,21.45,2.5,0.0,0.75
1,Sat Nov 01 00:40:01 UTC 2025,Sat Nov 01 00:51:52 UTC 2025,1,0.5,1,N,90,249,1,10.7,4.25,0.5,4.1,0.0,1.0,20.55,2.5,0.0,0.75
1,Sat Nov 01 00:52:42 UTC 2025,Sat Nov 01 01:22:12 UTC 2025,1,2.7,1,N,249,137,1,23.3,4.25,0.5,7.25,0.0,1.0,36.3,2.5,0.0,0.75
2,Sat Nov 01 00:44:38 UTC 2025,Sat Nov 01 00:55:06 UTC 2025,1,1.54,1,N,232,87,1,11.4,1.0,0.5,5.14,0.0,1.0,22.29,2.5,0.0,0.75
2,Sat Nov 01 00:56:44 UTC 2025,Sat Nov 01 01:17:59 UTC 2025,2,1.66,1,N,87,148,1,19.1,1.0,0.5,4.97,0.0,1.0,29.82,2.5,0.0,0.75
2,Sat Nov 01 00:16:46 UTC 2025,Sat Nov 01 00:23:11 UTC 2025,1,0.9,1,N,65,49,1,7.9,1.0,0.5,1.0,0.0,1.0,11.4,0.0,0.0,0.0
2,Sat Nov 01 00:49:44 UTC 2025,Sat Nov 01 01:04:55 UTC 2025,1,1.43,1,N,148,249,1,14.2,1.0,0.5,2.0,0.0,1.0,21.95,2.5,0.0,0.75
2,Sat Nov 01 00:02:02 UTC 2025,Sat Nov 01 00:22:58 UTC 2025,1,1.66,1,N,162,186,1,18.4,1.0,0.5,2.0,0.0,1.0,26.15,2.5,0.0,0.75
2,Sat Nov 01 00:25:36 UTC 2025,Sat Nov 01 00:34:19 UTC 2025,1,0.75,1,N,186,68,1,9.3,1.0,0.5,1.0,0.0,1.0,16.05,2.5,0.0,0.75
2,Sat Nov 01 00:36:36 UTC 2025,Sat Nov 01 00:49:23 UTC 2025,1,1.11,1,N,68,164,1,12.1,1.0,0.5,3.57,0.0,1.0,21.42,2.5,0.0,0.75
2,Sat Nov 01 00:15:31 UTC 2025,Sat Nov 01 01:07:14 UTC 2025,1,2.22,1,N,79,234,1,40.1,1.0,0.5,4.0,0.0,1.0,49.85,2.5,0.0,0.75
1,Sat Nov 01 00:04:48 UTC 2025,Sat Nov 01 00:48:37 UTC 2025,1,11.1,1,N,138,68,1,54.1,11.0,0.5,13.3,0.0,1.0,79.9,2.5,1.75,0.75
1,Sat Nov 01 00:52:14 UTC 2025,Sat Nov 01 00:58:16 UTC 2025,1,0.9,5,N,68,246,1,25.0,0.75,0.0,6.7,0.0,1.0,33.45,0.0,0.0,0.75
1,Sat Nov 01 00:04:51 UTC 2025,Sat Nov 01 00:20:08 UTC 2025,2,2.9,1,N,141,74,1,15.6,3.5,0.5,3.0,0.0,1.0,23.6,2.5,0.0,0.0
1,Sat Nov 01 00:21:55 UTC 2025,Sat Nov 01 00:35:42 UTC 2025,1,3.7,1,N,74,244,1,17.7,1.0,0.5,2.0,0.0,1.0,22.2,0.0,0.0,0.0
2,Sat Nov 01 00:30:54 UTC 2025,Sat Nov 01 01:04:35 UTC 2025,1,7.04,1,N,263,209,1,37.3,1.0,0.5,8.61,0.0,1.0,51.66,2.5,0.0,0.75
1,Sat Nov 01 00:09:25 UTC 2025,Sat Nov 01 01:19:44 UTC 2025,1,7.1,1,N,48,256,2,56.2,4.25,0.5,0.0,0.0,1.0,61.95,2.5,0.0,0.75
2,Sat Nov 01 00:03:59 UTC 2025,Sat Nov 01 00:10:04 UTC 2025,1,1.18,1,N,48,239,1,8.6,1.0,0.5,2.87,0.0,1.0,17.22,2.5,0.0,0.75
2,Sat Nov 01 00:13:24 UTC 2025,Sat Nov 01 00:26:39 UTC 2025,1,2.44,1,N,239,161,1,14.9,1.0,0.5,4.13,0.0,1.0,24.78,2.5,0.0,0.75
2,Sat Nov 01 00:39:56 UTC 2025,Sat Nov 01 00:47:12 UTC 2025,1,1.22,1,N,237,236,1,8.6,1.0,0.5,2.87,0.0,1.0,17.22,2.5,0.0,0.75
2,Sat Nov 01 00:49:35 UTC 2025,Sat Nov 01 00:58:23 UTC 2025,1,1.74,1,N,236,142,1,10.7,1.0,0.5,3.14,0.0,1.0,18.84,2.5,0.0,0.0
2,Sat Nov 01 00:01:32 UTC 2025,Sat Nov 01 00:29:40 UTC 2025,1,3.03,1,N,137,229,1,25.4,1.0,0.5,6.23,0.0,1.0,37.38,2.5,0.0,0.75
2,Sat Nov 01 00:35:07 UTC 2025,Sat Nov 01 00:44:31 UTC 2025,1,2.3,1,N,162,75,1,11.4,1.0,0.5,3.43,0.0,1.0,20.58,2.5,0.0,0.75
2,Sat Nov 01 00:14:16 UTC 2025,Sat Nov 01 00:25:39 UTC 2025,2,1.27,1,N,79,137,1,11.4,1.0,0.5,3.0,0.0,1.0,20.15,2.5,0.0,0.75
2,Sat Nov 01 00:27:11 UTC 2025,Sat Nov 01 00:54:37 UTC 2025,3,9.04,1,N,233,243,1,40.1,1.0,0.5,9.17,0.0,1.0,55.02,2.5,0.0,0.75
7,Sat Nov 01 00:03:14 UTC 2025,Sat Nov 01 00:03:14 UTC 2025,2,0.69,1,N,239,142,1,7.2,0.0,0.5,3.66,0.0,1.0,15.86,2.5,0.0,0.0
7,Sat Nov 01 00:32:57 UTC 2025,Sat Nov 01 00:32:57 UTC 2025,2,1.52,1,N,48,100,1,12.1,0.0,0.5,3.57,0.0,1.0,21.42,2.5,0.0,0.75
7,Sat Nov 01 00:42:04 UTC 2025,Sat Nov 01 00:42:04 UTC 2025,1,0.76,1,N,230,163,1,5.8,0.0,0.5,2.89,0.0,1.0,14.44,2.5,0.0,0.75
2,Sat Nov 01 00:58:31 UTC 2025,Sat Nov 01 01:02:07 UTC 2025,2,0.84,1,N,263,141,1,6.5,1.0,0.5,2.3,0.0,1.0,13.8,2.5,0.0,0.0
1,Sat Nov 01 00:32:02 UTC 2025,Sat Nov 01 01:03:17 UTC 2025,1,1.8,1,N,68,113,1,24.7,4.25,0.5,4.0,0.0,1.0,34.45,2.5,0.0,0.75
2,Sat Nov 01 00:44:22 UTC 2025,Sat Nov 01 00:47:43 UTC 2025,1,0.38,1,N,162,233,1,5.1,1.0,0.5,0.0,0.0,1.0,10.85,2.5,0.0,0.75
2,Sat Nov 01 00:00:49 UTC 2025,Sat Nov 01 00:24:07 UTC 2025,1,1.63,1,N,186,233,1,19.8,1.0,0.5,5.11,0.0,1.0,30.66,2.5,0.0,0.75
2,Sat Nov 01 00:31:39 UTC 2025,Sat Nov 01 01:03:12 UTC 2025,1,3.63,1,N,162,79,1,27.5,1.0,0.5,2.0,0.0,1.0,35.25,2.5,0.0,0.75
1,Sat Nov 01 00:23:55 UTC 2025,Sat Nov 01 00:34:53 UTC 2025,1,1.2,1,N,148,87,1,10.7,4.25,0.5,3.3,0.0,1.0,19.75,2.5,0.0,0.75
1,Sat Nov 01 00:45:01 UTC 2025,Sat Nov 01 01:09:46 UTC 2025,1,4.5,1,N,209,170,1,26.8,4.25,0.5,6.5,0.0,1.0,39.05,2.5,0.0,0.75
2,Sat Nov 01 00:03:23 UTC 2025,Sat Nov 01 00:13:02 UTC 2025,1,0.27,1,N,249,249,2,9.3,1.0,0.5,0.0,0.0,1.0,15.05,2.5,0.0,0.75
2,Sat Nov 01 00:15:36 UTC 2025,Sat Nov 01 00:54:25 UTC 2025,1,3.5,1,N,68,239,1,34.5,1.0,0.5,8.05,0.0,1.0,48.3,2.5,0.0,0.75
2,Sat Nov 01 00:45:22 UTC 2025,Sat Nov 01 01:01:14 UTC 2025,2,2.16,1,N,48,170,1,14.9,1.0,0.5,4.13,0.0,1.0,24.78,2.5,0.0,0.75
1,Sat Nov 01 00:48:33 UTC 2025,Sat Nov 01 00:52:45 UTC 2025,1,1.0,1,N,238,166,1,6.5,1.0,0.5,4.0,0.0,1.0,13.0,0.0,0.0,0.0
2,Sat Nov 01 00:26:13 UTC 2025,Sat Nov 01 00:29:31 UTC 2025,1,0.56,1,N,263,262,1,5.8,1.0,0.5,2.16,0.0,1.0,12.96,2.5,0.0,0.0
2,Sat Nov 01 00:33:18 UTC 2025,Sat Nov 01 00:39:56 UTC 2025,2,1.91,1,N,263,74,1,10.0,1.0,0.5,2.25,0.0,1.0,17.25,2.5,0.0,0.0
2,Sat Nov 01 00:53:51 UTC 2025,Sat Nov 01 01:17:18 UTC 2025,2,9.31,1,N,138,161,1,39.4,6.0,0.5,11.42,6.94,1.0,70.26,2.5,1.75,0.75
1,Sat Nov 01 00:33:30 UTC 2025,Sat Nov 01 01:08:58 UTC 2025,1,10.4,1,N,246,243,2,48.5,4.25,0.5,0.0,0.0,1.0,54.25,2.5,0.0,0.75
2,Sat Nov 01 00:17:07 UTC 2025,Sat Nov 01 00:29:29 UTC 2025,1,1.17,1,N,148,231,1,12.1,1.0,0.5,3.57,0.0,1.0,21.42,2.5,0.0,0.75
2,Sat Nov 01 00:56:39 UTC 2025,Sat Nov 01 01:09:19 UTC 2025,1,1.57,1,N,79,137,1,12.8,1.0,0.5,1.0,0.0,1.0,19.55,2.5,0.0,0.75
2,Sat Nov 01 00:18:17 UTC 2025,Sat Nov 01 00:29:30 UTC 2025,1,1.97,1,N,163,145,1,12.8,1.0,0.5,3.71,0.0,1.0,22.26,2.5,0.0,0.75
1,Sat Nov 01 00:59:42 UTC 2025,Sat Nov 01 01:09:39 UTC 2025,1,1.4,1,N,148,209,1,10.0,4.25,0.5,3.15,0.0,1.0,18.9,2.5,0.0,0.75
2,Sat Nov 01 00:46:54 UTC 2025,Sat Nov 01 00:51:46 UTC 2025,1,0.96,1,N,48,163,1,7.2,1.0,0.5,1.0,0.0,1.0,13.95,2.5,0.0,0.75
2,Sat Nov 01 00:53:33 UTC 2025,Sat Nov 01 01:05:45 UTC 2025,1,1.35,1,N,163,234,1,12.8,1.0,0.5,1.0,0.0,1.0,19.55,2.5,0.0,0.75
2,Sat Nov 01 00:22:49 UTC 2025,Sat Nov 01 00:55:32 UTC 2025,1,4.79,1,N,100,145,1,31.0,1.0,0.5,5.51,0.0,1.0,42.26,2.5,0.0,0.75
2,Sat Nov 01 00:36:52 UTC 2025,Sat Nov 01 01:11:29 UTC 2025,1,7.57,1,N,107,152,1,38.7,1.0,0.5,13.34,0.0,1.0,57.79,2.5,0.0,0.75
2,Sat Nov 01 00:40:51 UTC 2025,Sat Nov 01 00:45:35 UTC 2025,1,0.64,1,N,142,163,1,6.5,1.0,0.5,0.0,0.0,1.0,12.25,2.5,0.0,0.75
2,Sat Nov 01 00:57:31 UTC 2025,Sat Nov 01 01:06:05 UTC 2025,3,1.16,1,N,48,239,1,10.0,1.0,0.5,0.0,0.0,1.0,15.75,2.5,0.0,0.75
2,Sat Nov 01 00:13:37 UTC 2025,Sat Nov 01 00:28:08 UTC 2025,1,3.27,1,N,148,80,2,19.1,1.0,0.5,0.0,0.0,1.0,24.85,2.5,0.0,0.75
2,Sat Nov 01 00:49:32 UTC 2025,Sat Nov 01 00:55:19 UTC 2025,2,1.16,1,N,138,70,2,7.9,6.0,0.5,0.0,6.94,1.0,24.09,0.0,1.75,0.0
2,Sat Nov 01 00:59:27 UTC 2025,Sat Nov 01 01:21:01 UTC 2025,1,6.74,1,N,138,252,1,32.4,6.0,0.5,7.98,0.0,1.0,49.63,0.0,1.75,0.0
2,Sat Nov 01 00:03:59 UTC 2025,Sat Nov 01 00:30:13 UTC 2025,1,3.51,1,N,234,236,1,25.4,1.0,0.5,6.23,0.0,1.0,37.38,2.5,0.0,0.75
2,Sat Nov 01 00:47:32 UTC 2025,Sat Nov 01 00:58:00 UTC 2025,1,2.72,1,N,162,75,2,12.8,1.0,0.5,0.0,0.0,1.0,18.55,2.5,0.0,0.75
2,Sat Nov 01 00:42:04 UTC 2025,Sat Nov 01 00:44:28 UTC 2025,2,0.53,1,N,238,151,1,5.1,1.0,0.5,2.02,0.0,1.0,12.12,2.5,0.0,0.0
2,Sat Nov 01 00:00:50 UTC 2025,Sat Nov 01 00:32:33 UTC 2025,3,2.82,1,N,113,48,1,26.1,1.0,0.5,6.37,0.0,1.0,38.22,2.5,0.0,0.75
2,Sat Nov 01 00:35:41 UTC 2025,Sat Nov 01 00:59:00 UTC 2025,2,5.21,1,N,48,74,1,25.4,1.0,0.5,6.23,0.0,1.0,37.38,2.5,0.0,0.75
2,Sat Nov 01 00:18:50 UTC 2025,Sat Nov 01 00:57:31 UTC 2025,1,4.22,1,N,141,144,1,33.1,1.0,0.5,3.88,0.0,1.0,42.73,2.5,0.0,0.75
2,Sat Nov 01 00:28:03 UTC 2025,Sat Nov 01 01:11:13 UTC 2025,1,21.73,2,N,132,142,1,70.0,0.0,0.5,5.0,6.94,1.0,87.69,2.5,1.75,0.0
1,Sat Nov 01 00:10:52 UTC 2025,Sat Nov 01 00:47:15 UTC 2025,1,4.5,1,Y,144,141,1,33.1,4.25,0.5,7.75,0.0,1.0,46.6,2.5,0.0,0.75
2,Sat Nov 01 00:17:18 UTC 2025,Sat Nov 01 00:39:15 UTC 2025,1,3.44,1,N,107,262,1,21.9,1.0,0.5,5.53,0.0,1.0,33.18,2.5,0.0,0.75
2,Sat Nov 01 00:48:52 UTC 2025,Sat Nov 01 00:57:22 UTC 2025,1,1.63,1,N,263,229,1,10.7,1.0,0.5,3.29,0.0,1.0,19.74,2.5,0.0,0.75
2,Sat Nov 01 00:59:26 UTC 2025,Sat Nov 01 01:05:01 UTC 2025,1,1.45,1,N,229,236,1,7.9,1.0,0.5,2.73,0.0,1.0,16.38,2.5,0.0,0.75
1,Sat Nov 01 00:08:38 UTC 2025,Sat Nov 01 00:26:24 UTC 2025,4,1.3,1,N,114,107,1,15.6,4.25,0.5,0.0,0.0,1.0,21.35,2.5,0.0,0.75
1,Sat Nov 01 00:27:45 UTC 2025,Sat Nov 01 00:45:12 UTC 2025,4,1.0,1,N,107,79,1,14.9,4.25,0.5,0.0,0.0,1.0,20.65,2.5,0.0,0.75
1,Sat Nov 01 00:46:27 UTC 2025,Sat Nov 01 01:11:53 UTC 2025,1,3.6,1,N,79,48,1,23.3,4.25,0.5,0.0,0.0,1.0,29.05,2.5,0.0,0.75
1,Sat Nov 01 00:44:46 UTC 2025,Sat Nov 01 00:54:28 UTC 2025,1,2.1,1,N,230,238,1,12.1,4.25,0.5,3.55,0.0,1.0,21.4,2.5,0.0,0.75
2,Sat Nov 01 00:49:39 UTC 2025,Sat Nov 01 01:10:19 UTC 2025,2,3.71,1,N,144,141,1,21.2,1.0,0.5,5.39,0.0,1.0,32.34,2.5,0.0,0.75
2,Sat Nov 01 00:53:33 UTC 2025,Sat Nov 01 01:13:23 UTC 2025,2,1.92,1,N,144,170,1,17.7,1.0,0.5,4.69,0.0,1.0,28.14,2.5,0.0,0.75
2,Sat Nov 01 00:21:53 UTC 2025,Sat Nov 01 00:47:26 UTC 2025,4,9.95,1,N,138,162,1,42.2,6.0,0.5,14.97,6.94,1.0,76.61,2.5,1.75,0.75
1,Sat Nov 01 00:35:10 UTC 2025,Sat Nov 01 00:57:18 UTC 2025,1,2.2,1,N,140,107,1,18.4,4.25,0.5,0.0,0.0,1.0,24.15,2.5,0.0,0.75
1,Sat Nov 01 00:16:22 UTC 2025,Sat Nov 01 01:11:45 UTC 2025,2,8.9,1,N,164,17,1,54.8,4.25,0.5,0.0,6.94,1.0,67.49,2.5,0.0,0.75
2,Sat Nov 01 00:24:14 UTC 2025,Sat Nov 01 00:31:27 UTC 2025,2,1.33,1,N,263,238,1,9.3,1.0,0.5,2.86,0.0,1.0,17.16,2.5,0.0,0.0
1,Sat Nov 01 00:32:36 UTC 2025,Sat Nov 01 00:46:12 UTC 2025,1,1.8,1,N,234,230,1,12.8,4.25,0.5,3.7,0.0,1.0,22.25,2.5,0.0,0.75
1,Sat Nov 01 00:57:17 UTC 2025,Sat Nov 01 01:25:10 UTC 2025,1,2.3,1,N,236,48,4,22.6,4.25,0.5,0.0,0.0,1.0,28.35,2.5,0.0,0.75
2,Sat Nov 01 00:37:33 UTC 2025,Sat Nov 01 01:21:34 UTC 2025,1,4.6,1,N,141,79,1,38.7,1.0,0.5,8.89,0.0,1.0,53.34,2.5,0.0,0.75
1,Sat Nov 01 00:04:10 UTC 2025,Sat Nov 01 00:35:30 UTC 2025,1,1.3,1,N,90,249,2,24.7,4.25,0.5,0.0,0.0,1.0,30.45,2.5,0.0,0.75
1,Sat Nov 01 00:37:48 UTC 2025,Sat Nov 01 01:22:03 UTC 2025,1,4.5,1,N,249,238,1,35.9,4.25,0.5,8.35,0.0,1.0,50.0,2.5,0.0,0.75
2,Sat Nov 01 00:42:41 UTC 2025,Sat Nov 01 01:00:00 UTC 2025,1,1.83,1,N,249,246,1,17.0,1.0,0.5,2.0,0.0,1.0,24.75,2.5,0.0,0.75
1,Sat Nov 01 00:10:26 UTC 2025,Sat Nov 01 00:41:51 UTC 2025,3,2.5,1,N,170,148,1,26.1,4.25,0.5,1.0,0.0,1.0,32.85,2.5,0.0,0.75
1,Sat Nov 01 00:48:46 UTC 2025,Sat Nov 01 01:08:30 UTC 2025,1,1.9,1,N,144,249,1,18.4,4.25,0.5,0.0,0.0,1.0,24.15,2.5,0.0,0.75
2,Sat Nov 01 00:01:48 UTC 2025,Sat Nov 01 00:19:38 UTC 2025,1,1.98,1,N,100,143,1,16.3,1.0,0.5,3.31,0.0,1.0,25.36,2.5,0.0,0.75
2,Sat Nov 01 00:08:04 UTC 2025,Sat Nov 01 00:23:14 UTC 2025,1,2.17,1,N,170,246,1,14.9,1.0,0.5,2.8,0.0,1.0,23.45,2.5,0.0,0.75
2,Sat Nov 01 00:12:00 UTC 2025,Sat Nov 01 00:34:05 UTC 2025,1,1.79,1,N,79,234,1,18.4,1.0,0.5,4.83,0.0,1.0,28.98,2.5,0.0,0.75
2,Sat Nov 01 00:37:26 UTC 2025,Sat Nov 01 00:52:08 UTC 2025,1,2.55,1,N,107,237,1,15.6,1.0,0.5,2.0,0.0,1.0,23.35,2.5,0.0,0.75
2,Sat Nov 01 00:52:50 UTC 2025,Sat Nov 01 01:01:57 UTC 2025,1,1.66,1,N,237,263,1,10.7,1.0,0.5,1.5,0.0,1.0,17.2,2.5,0.0,0.0
2,Sat Nov 01 00:17:16 UTC 2025,Sat Nov 01 01:01:02 UTC 2025,1,5.69,1,N,113,255,1,39.4,1.0,0.5,7.0,0.0,1.0,52.15,2.5,0.0,0.75
2,Sat Nov 01 00:57:29 UTC 2025,Sat Nov 01 01:06:24 UTC 2025,1,1.0,1,N,144,249,1,9.3,1.0,0.5,0.0,0.0,1.0,15.05,2.5,0.0,0.75
2,Sat Nov 01 00:45:05 UTC 2025,Sat Nov 01 01:19:02 UTC 2025,1,4.24,1,N,158,43,1,31.7,1.0,0.5,5.0,0.0,1.0,42.45,2.5,0.0,0.75
2,Sat Nov 01 00:30:25 UTC 2025,Sat Nov 01 01:21:03 UTC 2025,1,16.31,1,N,132,256,1,71.6,1.0,0.5,12.0,0.0,1.0,87.85,0.0,1.75,0.0
2,Sat Nov 01 00:54:03 UTC 2025,Sat Nov 01 01:26:45 UTC 2025,2,11.65,1,N,138,231,1,47.8,6.0,0.5,6.03,0.0,1.0,66.33,2.5,1.75,0.75
2,Sat Nov 01 00:16:09 UTC 2025,Sat Nov 01 00:25:59 UTC 2025,1,0.43,1,N,88,261,1,9.3,1.0,0.5,3.01,0.0,1.0,18.06,2.5,0.0,0.75
2,Sat Nov 01 00:30:49 UTC 2025,Sat Nov 01 01:12:59 UTC 2025,1,5.42,1,N,261,186,1,37.3,1.0,0.5,8.61,0.0,1.0,51.66,2.5,0.0,0.75
2,Sat Nov 01 00:33:55 UTC 2025,Sat Nov 01 00:39:55 UTC 2025,1,0.93,1,N,50,68,1,7.2,1.0,0.5,2.59,0.0,1.0,15.54,2.5,0.0,0.75
2,Sat Nov 01 00:48:11 UTC 2025,Sat Nov 01 01:23:24 UTC 2025,1,3.6,1,N,68,13,4,-30.3,-1.0,-0.5,0.0,0.0,-1.0,-36.05,-2.5,0.0,-0.75
2,Sat Nov 01 00:48:11 UTC 2025,Sat Nov 01 01:23:24 UTC 2025,1,3.6,1,N,68,13,4,30.3,1.0,0.5,0.0,0.0,1.0,36.05,2.5,0.0,0.75
2,Sat Nov 01 00:23:52 UTC 2025,Sat Nov 01 01:14:34 UTC 2025,2,12.66,1,N,246,37,1,60.4,1.0,0.5,10.0,6.94,1.0,83.09,2.5,0.0,0.75
2,Sat Nov 01 00:08:47 UTC 2025,Sat Nov 01 00:15:47 UTC 2025,1,0.69,1,N,148,79,1,7.9,1.0,0.5,1.0,0.0,1.0,14.65,2.5,0.0,0.75
2,Sat Nov 01 00:16:53 UTC 2025,Sat Nov 01 00:33:56 UTC 2025,1,1.23,1,N,79,148,1,15.6,1.0,0.5,4.27,0.0,1.0,25.62,2.5,0.0,0.75
2,Sat Nov 01 00:35:50 UTC 2025,Sat Nov 01 00:44:50 UTC 2025,1,1.04,1,N,148,79,1,10.0,1.0,0.5,1.0,0.0,1.0,16.75,2.5,0.0,0.75
2,Sat Nov 01 00:47:54 UTC 2025,Sat Nov 01 00:58:31 UTC 2025,1,1.63,1,N,79,231,1,11.4,1.0,0.5,2.0,0.0,1.0,19.15,2.5,0.0,0.75
2,Sat Nov 01 00:28:43 UTC 2025,Sat Nov 01 01:09:09 UTC 2025,1,3.38,1,N,79,255,1,35.2,1.0,0.5,8.19,0.0,1.0,49.14,2.5,0.0,0.75
2,Sat Nov 01 00:17:18 UTC 2025,Sat Nov 01 00:24:40 UTC 2025,1,0.28,1,N,234,113,1,7.9,1.0,0.5,2.73,0.0,1.0,16.38,2.5,0.0,0.75
2,Sat Nov 01 00:27:02 UTC 2025,Sat Nov 01 00:55:04 UTC 2025,1,2.63,1,N,113,161,2,24.0,1.0,0.5,0.0,0.0,1.0,29.75,2.5,0.0,0.75
2,Sat Nov 01 00:28:51 UTC 2025,Sat Nov 01 00:54:30 UTC 2025,1,5.39,1,N,43,158,1,27.5,1.0,0.5,3.0,0.0,1.0,36.25,2.5,0.0,0.75
2,Sat Nov 01 00:55:37 UTC 2025,Sat Nov 01 01:04:56 UTC 2025,2,1.33,1,N,158,186,1,10.0,1.0,0.5,2.0,0.0,1.0,17.75,2.5,0.0,0.75
2,Sat Nov 01 00:01:16 UTC 2025,Sat Nov 01 00:15:14 UTC 2025,1,4.11,1,N,50,263,1,20.5,1.0,0.5,0.0,0.0,1.0,26.25,2.5,0.0,0.75
2,Sat Nov 01 00:06:56 UTC 2025,Sat Nov 01 00:21:09 UTC 2025,1,1.07,1,N,231,144,1,13.5,1.0,0.5,4.81,0.0,1.0,24.06,2.5,0.0,0.75
2,Sat Nov 01 00:24:58 UTC 2025,Sat Nov 01 00:43:15 UTC 2025,1,2.15,1,N,144,158,1,17.0,1.0,0.5,4.55,0.0,1.0,27.3,2.5,0.0,0.75
2,Sat Nov 01 00:44:39 UTC 2025,Sat Nov 01 01:00:11 UTC 2025,1,0.58,1,N,158,249,1,13.5,1.0,0.5,5.78,0.0,1.0,25.03,2.5,0.0,0.75
1,Sat Nov 01 00:51:12 UTC 2025,Sat Nov 01 01:09:49 UTC 2025,1,1.7,1,N,107,246,1,15.6,4.25,0.5,4.25,0.0,1.0,25.6,2.5,0.0,0.75
1,Sat Nov 01 00:11:57 UTC 2025,Sat Nov 01 00:34:20 UTC 2025,3,4.3,1,N,100,75,1,24.7,4.25,0.5,6.05,0.0,1.0,36.5,2.5,0.0,0.75
2,Sat Nov 01 00:08:50 UTC 2025,Sat Nov 01 00:16:20 UTC 2025,1,0.73,1,N,68,68,1,8.6,1.0,0.5,2.87,0.0,1.0,17.22,2.5,0.0,0.75
2,Sat Nov 01 00:34:06 UTC 2025,Sat Nov 01 00:58:46 UTC 2025,1,8.62,1,N,230,243,1,38.0,1.0,0.5,8.75,0.0,1.0,52.5,2.5,0.0,0.75
1,Sat Nov 01 00:25:18 UTC 2025,Sat Nov 01 00:34:57 UTC 2025,1,1.9,1,N,236,163,1,11.4,4.25,0.5,3.45,0.0,1.0,20.6,2.5,0.0,0.75
1,Sat Nov 01 00:36:04 UTC 2025,Sat Nov 01 00:58:20 UTC 2025,1,2.3,1,N,163,234,1,19.1,4.25,0.5,4.95,0.0,1.0,29.8,2.5,0.0,0.75
2,Sat Nov 01 00:03:49 UTC 2025,Sat Nov 01 00:44:00 UTC 2025,1,3.15,1,N,141,79,1,33.1,1.0,0.5,9.71,0.0,1.0,48.56,2.5,0.0,0.75
2,Sat Nov 01 00:46:18 UTC 2025,Sat Nov 01 00:49:22 UTC 2025,1,0.09,1,N,79,79,1,5.1,1.0,0.5,2.17,0.0,1.0,13.02,2.5,0.0,0.75
2,Sat Nov 01 00:02:40 UTC 2025,Sat Nov 01 00:13:59 UTC 2025,2,2.07,1,N,48,239,1,14.2,1.0,0.5,3.99,0.0,1.0,23.94,2.5,0.0,0.75
2,Sat Nov 01 00:16:33 UTC 2025,Sat Nov 01 00:19:05 UTC 2025,1,0.43,1,N,237,237,1,5.1,1.0,0.5,2.02,0.0,1.0,12.12,2.5,0.0,0.0
2,Sat Nov 01 00:27:40 UTC 2025,Sat Nov 01 00:32:41 UTC 2025,1,1.27,1,N,237,239,1,7.9,1.0,0.5,2.58,0.0,1.0,15.48,2.5,0.0,0.0
2,Sat Nov 01 00:34:25 UTC 2025,Sat Nov 01 00:50:42 UTC 2025,1,3.11,1,N,239,229,1,18.4,1.0,0.5,4.83,0.0,1.0,28.98,2.5,0.0,0.75
2,Sat Nov 01 00:53:07 UTC 2025,Sat Nov 01 01:23:30 UTC 2025,1,2.55,1,N,229,79,1,24.7,1.0,0.5,2.0,0.0,1.0,32.45,2.5,0.0,0.75
1,Sat Nov 01 00:49:32 UTC 2025,Sat Nov 01 00:57:08 UTC 2025,1,1.1,1,N,226,7,1,9.3,1.0,0.5,2.95,0.0,1.0,14.75,0.0,0.0,0.0
2,Sat Nov 01 00:04:37 UTC 2025,Sat Nov 01 00:12:25 UTC 2025,2,0.75,1,N,107,137,1,8.6,1.0,0.5,2.0,0.0,1.0,16.35,2.5,0.0,0.75
2,Sat Nov 01 00:42:55 UTC 2025,Sat Nov 01 00:52:29 UTC 2025,1,2.06,1,N,161,236,1,12.1,1.0,0.5,2.0,0.0,1.0,19.85,2.5,0.0,0.75
1,Sat Nov 01 00:57:28 UTC 2025,Sat Nov 01 01:41:58 UTC 2025,1,16.5,1,N,132,145,1,68.1,2.75,0.5,18.1,0.0,1.0,90.45,0.0,1.75,0.0
2,Sat Nov 01 00:07:38 UTC 2025,Sat Nov 01 00:19:58 UTC 2025,2,1.0,1,N,186,107,1,12.1,1.0,0.5,3.57,0.0,1.0,21.42,2.5,0.0,0.75
2,Sat Nov 01 00:20:23 UTC 2025,Sat Nov 01 00:26:14 UTC 2025,3,0.71,1,N,107,170,2,7.2,1.0,0.5,0.0,0.0,1.0,12.95,2.5,0.0,0.75
2,Sat Nov 01 00:26:56 UTC 2025,Sat Nov 01 00:27:14 UTC 2025,3,0.0,5,N,170,170,4,-15.0,0.0,0.0,0.0,0.0,-1.0,-19.25,-2.5,0.0,-0.75
2,Sat Nov 01 00:26:56 UTC 2025,Sat Nov 01 00:27:14 UTC 2025,3,0.0,5,N,170,170,4,15.0,0.0,0.0,0.0,0.0,1.0,19.25,2.5,0.0,0.75
1,Sat Nov 01 00:20:47 UTC 2025,Sat Nov 01 00:37:23 UTC 2025,1,1.0,1,N,113,224,1,14.2,4.25,0.5,4.0,0.0,1.0,23.95,2.5,0.0,0.75
1,Sat Nov 01 00:43:20 UTC 2025,Sat Nov 01 00:52:15 UTC 2025,1,0.9,1,N,224,79,1,8.6,4.25,0.5,2.85,0.0,1.0,17.2,2.5,0.0,0.75
1,Sat Nov 01 00:54:12 UTC 2025,Sat Nov 01 01:03:50 UTC 2025,1,1.7,1,N,79,170,1,10.0,4.25,0.5,3.15,0.0,1.0,18.9,2.5,0.0,0.75
1,Sat Nov 01 00:06:58 UTC 2025,Sat Nov 01 00:19:05 UTC 2025,1,0.8,1,N,114,113,1,11.4,4.25,0.5,2.0,0.0,1.0,19.15,2.5,0.0,0.75
1,Sat Nov 01 00:45:26 UTC 2025,Sat Nov 01 01:34:18 UTC 2025,1,5.5,1,N,79,7,1,41.5,4.25,0.5,9.45,0.0,1.0,56.7,2.5,0.0,0.75
1,Sat Nov 01 00:28:00 UTC 2025,Sat Nov 01 00:39:24 UTC 2025,3,1.8,1,N,238,48,1,11.4,4.25,0.5,2.0,0.0,1.0,19.15,2.5,0.0,0.75
1,Sat Nov 01 00:43:36 UTC 2025,Sat Nov 01 01:12:07 UTC 2025,2,2.4,1,N,230,164,2,23.3,4.25,0.5,0.0,0.0,1.0,29.05,2.5,0.0,0.75
2,Sat Nov 01 00:31:09 UTC 2025,Sat Nov 01 00:51:11 UTC 2025,4,2.28,1,N,234,237,1,18.4,1.0,0.5,0.0,0.0,1.0,24.15,2.5,0.0,0.75
2,Sat Nov 01 00:43:37 UTC 2025,Sat Nov 01 00:49:57 UTC 2025,1,0.62,1,N,107,164,1,7.9,1.0,0.5,2.73,0.0,1.0,16.38,2.5,0.0,0.75
2,Sat Nov 01 00:53:01 UTC 2025,Sat Nov 01 01:16:44 UTC 2025,1,4.1,1,N,186,238,1,25.4,1.0,0.5,5.0,0.0,1.0,36.15,2.5,0.0,0.75
2,Sat Nov 01 00:02:54 UTC 2025,Sat Nov 01 00:23:04 UTC 2025,2,0.99,1,N,158,125,1,17.0,1.0,0.5,1.0,0.0,1.0,23.75,2.5,0.0,0.75
2,Sat Nov 01 00:18:56 UTC 2025,Sat Nov 01 00:56:47 UTC 2025,1,2.28,1,N,90,158,1,30.3,1.0,0.5,7.21,0.0,1.0,43.26,2.5,0.0,0.75
2,Sat Nov 01 00:19:11 UTC 2025,Sat Nov 01 00:24:00 UTC 2025,1,0.88,1,N,141,237,2,6.5,1.0,0.5,0.0,0.0,1.0,12.25,2.5,0.0,0.75
2,Sat Nov 01 00:28:01 UTC 2025,Sat Nov 01 00:30:34 UTC 2025,1,0.58,1,N,141,263,1,5.1,1.0,0.5,2.02,0.0,1.0,12.12,2.5,0.0,0.0
2,Sat Nov 01 00:31:40 UTC 2025,Sat Nov 01 00:33:34 UTC 2025,1,0.34,1,N,263,262,1,4.4,1.0,0.5,1.41,0.0,1.0,10.81,2.5,0.0,0.0
2,Sat Nov 01 00:38:40 UTC 2025,Sat Nov 01 00:46:44 UTC 2025,1,1.3,1,N,262,140,1,10.0,1.0,0.5,3.0,0.0,1.0,18.0,2.5,0.0,0.0
2,Sat Nov 01 00:53:44 UTC 2025,Sat Nov 01 00:56:04 UTC 2025,1,0.51,1,N,237,236,1,4.4,1.0,0.5,1.0,0.0,1.0,10.4,2.5,0.0,0.0
2,Sat Nov 01 00:10:17 UTC 2025,Sat Nov 01 00:27:11 UTC 2025,4,1.71,1,N,231,79,2,15.6,1.0,0.5,0.0,0.0,1.0,21.35,2.5,0.0,0.75
2,Sat Nov 01 00:40:30 UTC 2025,Sat Nov 01 00:55:53 UTC 2025,2,0.77,1,N,79,79,1,13.5,1.0,0.5,0.0,0.0,1.0,19.25,2.5,0.0,0.75
2,Sat Nov 01 00:06:36 UTC 2025,Sat Nov 01 00:45:39 UTC 2025,1,2.52,1,N,249,230,1,31.7,1.0,0.5,7.49,0.0,1.0,44.94,2.5,0.0,0.75
2,Sat Nov 01 00:18:37 UTC 2025,Sat Nov 01 00:24:11 UTC 2025,1,1.05,1,N,116,166,1,7.9,1.0,0.5,3.12,0.0,1.0,13.52,0.0,0.0,0.0
2,Sat Nov 01 00:21:51 UTC 2025,Sat Nov 01 00:52:30 UTC 2025,1,11.01,1,N,138,230,1,49.2,6.0,0.5,13.38,6.94,1.0,82.02,2.5,1.75,0.75
2,Sat Nov 01 00:56:33 UTC 2025,Sat Nov 01 01:32:59 UTC 2025,1,4.35,1,N,48,45,4,-33.1,-1.0,-0.5,0.0,0.0,-1.0,-38.85,-2.5,0.0,-0.75
2,Sat Nov 01 00:56:33 UTC 2025,Sat Nov 01 01:32:59 UTC 2025,1,4.35,1,N,48,45,4,33.1,1.0,0.5,0.0,0.0,1.0,38.85,2.5,0.0,0.75
2,Sat Nov 01 00:17:47 UTC 2025,Sat Nov 01 00:22:41 UTC 2025,1,0.82,1,N,140,263,1,7.2,1.0,0.5,1.5,0.0,1.0,13.7,2.5,0.0,0.0
2,Sat Nov 01 00:26:16 UTC 2025,Sat Nov 01 00:31:19 UTC 2025,1,0.84,1,N,263,74,1,6.5,1.0,0.5,2.3,0.0,1.0,13.8,2.5,0.0,0.0
1,Sat Nov 01 00:51:14 UTC 2025,Sat Nov 01 01:00:55 UTC 2025,1,1.4,1,N,48,186,1,10.0,4.25,0.5,3.15,0.0,1.0,18.9,2.5,0.0,0.75
2,Sat Nov 01 00:02:10 UTC 2025,Sat Nov 01 00:27:25 UTC 2025,1,6.35,1,N,138,28,1,33.1,6.0,0.5,8.12,0.0,1.0,50.47,0.0,1.75,0.0
2,Sat Nov 01 00:39:13 UTC 2025,Sat Nov 01 00:55:23 UTC 2025,1,8.44,1,N,138,262,1,34.5,6.0,0.5,10.29,6.94,1.0,63.48,2.5,1.75,0.0
2,Sat Nov 01 00:27:27 UTC 2025,Sat Nov 01 00:41:06 UTC 2025,1,1.11,1,N,246,48,1,12.8,1.0,0.5,3.71,0.0,1.0,22.26,2.5,0.0,0.75
2,Sat Nov 01 00:45:13 UTC 2025,Sat Nov 01 01:23:13 UTC 2025,1,6.66,1,N,48,87,1,39.4,1.0,0.5,5.0,0.0,1.0,50.15,2.5,0.0,0.75
7,Sat Nov 01 00:15:14 UTC 2025,Sat Nov 01 00:15:14 UTC 2025,1,1.41,1,N,239,151,1,8.6,0.0,0.5,2.72,0.0,1.0,16.32,2.5,0.0,0.0
7,Sat Nov 01 00:30:59 UTC 2025,Sat Nov 01 00:30:59 UTC 2025,1,0.76,1,N,239,143,2,5.8,0.0,0.5,0.0,0.0,1.0,10.8,2.5,0.0,0.0
7,Sat Nov 01 00:41:33 UTC 2025,Sat Nov 01 00:41:33 UTC 2025,1,1.01,1,N,142,238,1,6.5,0.0,0.5,2.3,0.0,1.0,13.8,2.5,0.0,0.0
7,Sat Nov 01 00:53:03 UTC 2025,Sat Nov 01 00:53:03 UTC 2025,1,1.4,1,N,239,263,1,10.0,0.0,0.5,3.0,0.0,1.0,18.0,2.5,0.0,0.0
7,Sat Nov 01 00:58:52 UTC 2025,Sat Nov 01 00:58:52 UTC 2025,1,1.11,1,N,263,75,1,7.2,0.0,0.5,2.44,0.0,1.0,14.64,2.5,0.0,0.0
1,Sat Nov 01 00:31:38 UTC 2025,Sat Nov 01 01:02:25 UTC 2025,1,5.7,1,N,261,229,1,33.8,4.25,0.5,0.0,0.0,1.0,39.55,2.5,0.0,0.75
2,Sat Nov 01 00:13:26 UTC 2025,Sat Nov 01 00:41:09 UTC 2025,1,1.38,1,N,107,148,1,23.3,1.0,0.5,0.0,0.0,1.0,29.05,2.5,0.0,0.75
2,Sat Nov 01 00:43:31 UTC 2025,Sat Nov 01 01:16:51 UTC 2025,1,4.33,1,N,144,141,1,31.0,1.0,0.5,7.35,0.0,1.0,44.1,2.5,0.0,0.75
2,Sat Nov 01 00:16:13 UTC 2025,Sat Nov 01 00:58:11 UTC 2025,1,19.53,2,N,132,238,1,70.0,0.0,0.5,16.19,6.94,1.0,98.88,2.5,1.75,0.0
1,Sat Nov 01 00:39:39 UTC 2025,Sat Nov 01 01:09:03 UTC 2025,1,2.5,1,N,234,43,1,24.0,4.25,0.5,7.45,0.0,1.0,37.2,2.5,0.0,0.75
2,Sat Nov 01 00:10:50 UTC 2025,Sat Nov 01 00:40:20 UTC 2025,1,10.49,1,N,138,68,1,44.3,6.0,0.5,9.56,6.94,1.0,73.3,2.5,1.75,0.75
2,Sat Nov 01 00:04:06 UTC 2025,Sat Nov 01 00:38:24 UTC 2025,2,1.54,1,N,90,48,2,27.5,1.0,0.5,0.0,0.0,1.0,33.25,2.5,0.0,0.75
2,Sat Nov 01 00:46:41 UTC 2025,Sat Nov 01 01:34:10 UTC 2025,1,5.7,1,N,50,97,1,42.9,1.0,0.5,8.0,0.0,1.0,56.65,2.5,0.0,0.75
2,Sat Nov 01 00:15:36 UTC 2025,Sat Nov 01 00:47:58 UTC 2025,2,1.43,1,N,90,148,1,26.1,1.0,0.5,6.37,0.0,1.0,38.22,2.5,0.0,0.75
2,Sat Nov 01 00:49:45 UTC 2025,Sat Nov 01 01:24:17 UTC 2025,2,3.85,1,N,148,36,1,31.7,1.0,0.5,0.0,0.0,1.0,37.45,2.5,0.0,0.75
2,Sat Nov 01 00:00:32 UTC 2025,Sat Nov 01 00:05:34 UTC 2025,2,1.09,1,N,48,246,1,7.9,1.0,0.5,1.5,0.0,1.0,15.15,2.5,0.0,0.75
2,Sat Nov 01 00:06:26 UTC 2025,Sat Nov 01 00:26:56 UTC 2025,2,1.32,1,N,246,249,2,17.7,1.0,0.5,0.0,0.0,1.0,23.45,2.5,0.0,0.75
2,Sat Nov 01 00:28:21 UTC 2025,Sat Nov 01 00:57:40 UTC 2025,2,3.02,1,N,249,13,1,26.8,1.0,0.5,6.51,0.0,1.0,39.06,2.5,0.0,0.75
1,Sat Nov 01 00:20:38 UTC 2025,Sat Nov 01 00:23:58 UTC 2025,1,0.7,1,N,263,141,1,5.8,3.5,0.5,2.15,0.0,1.0,12.95,2.5,0.0,0.0
1,Sat Nov 01 00:28:42 UTC 2025,Sat Nov 01 00:49:40 UTC 2025,1,5.9,1,N,140,244,1,26.1,3.5,0.5,7.8,0.0,1.0,38.9,2.5,0.0,0.0
2,Fri Oct 31 23:49:20 UTC 2025,Sat Nov 01 00:00:37 UTC 2025,2,1.07,1,N,107,68,1,10.7,1.0,0.5,3.29,0.0,1.0,19.74,2.5,0.0,0.75
2,Sat Nov 01 00:02:08 UTC 2025,Sat Nov 01 00:40:43 UTC 2025,1,5.34,1,N,68,263,1,35.2,1.0,0.5,8.19,0.0,1.0,49.14,2.5,0.0,0.75
2,Sat Nov 01 00:55:28 UTC 2025,Sat Nov 01 01:07:29 UTC 2025,1,1.92,1,N,48,237,2,13.5,1.0,0.5,0.0,0.0,1.0,19.25,2.5,0.0,0.75
2,Sat Nov 01 00:50:27 UTC 2025,Sat Nov 01 00:56:32 UTC 2025,4,2.32,1,N,132,10,1,11.4,1.0,0.5,4.17,6.94,1.0,26.76,0.0,1.75,0.0
1,Sat Nov 01 00:20:53 UTC 2025,Sat Nov 01 00:38:46 UTC 2025,1,2.4,1,N,79,162,1,16.3,4.25,0.5,4.4,0.0,1.0,26.45,2.5,0.0,0.75
1,Sat Nov 01 00:41:42 UTC 2025,Sat Nov 01 00:55:59 UTC 2025,1,1.3,1,N,162,48,1,12.8,4.25,0.5,4.65,0.0,1.0,23.2,2.5,0.0,0.75
1,Sat Nov 01 00:58:44 UTC 2025,Sat Nov 01 01:04:32 UTC 2025,1,1.1,1,N,48,246,1,7.9,4.25,0.5,3.4,0.0,1.0,17.05,2.5,0.0,0.75
1,Sat Nov 01 00:06:41 UTC 2025,Sat Nov 01 00:26:17 UTC 2025,1,1.8,1,N,48,90,1,17.0,4.25,0.5,4.55,0.0,1.0,27.3,2.5,0.0,0.75
1,Sat Nov 01 00:27:56 UTC 2025,Sat Nov 01 01:03:31 UTC 2025,1,3.1,1,N,90,88,1,28.9,4.25,0.5,6.95,0.0,1.0,41.6,2.5,0.0,0.75
1,Sat Nov 01 00:04:25 UTC 2025,Sat Nov 01 00:23:20 UTC 2025,1,1.5,1,N,68,48,1,16.3,4.25,0.5,4.4,0.0,1.0,26.45,2.5,0.0,0.75
1,Sat Nov 01 00:24:21 UTC 2025,Sat Nov 01 00:37:15 UTC 2025,1,1.3,1,N,48,164,1,12.1,4.25,0.5,3.0,0.0,1.0,20.85,2.5,0.0,0.75
1,Sat Nov 01 00:46:14 UTC 2025,Sat Nov 01 00:52:15 UTC 2025,4,0.5,1,N,48,50,1,7.2,4.25,0.5,2.55,0.0,1.0,15.5,2.5,0.0,0.75
2,Sat Nov 01 00:44:10 UTC 2025,Sat Nov 01 00:50:06 UTC 2025,1,1.64,1,N,48,239,1,9.3,1.0,0.5,3.01,0.0,1.0,18.06,2.5,0.0,0.75
2,Sat Nov 01 00:48:17 UTC 2025,Sat Nov 01 01:20:22 UTC 2025,2,2.84,1,N,229,4,1,26.8,1.0,0.5,6.51,0.0,1.0,39.06,2.5,0.0,0.75
2,Sat Nov 01 00:52:31 UTC 2025,Sat Nov 01 01:04:32 UTC 2025,1,1.09,1,N,113,164,1,11.4,1.0,0.5,0.0,0.0,1.0,17.15,2.5,0.0,0.75
1,Sat Nov 01 00:35:49 UTC 2025,Sat Nov 01 01:03:06 UTC 2025,1,3.3,1,N,68,88,1,24.0,4.25,0.5,5.95,0.0,1.0,35.7,2.5,0.0,0.75
1,Sat Nov 01 00:07:37 UTC 2025,Sat Nov 01 00:14:42 UTC 2025,1,1.0,1,N,142,229,1,8.6,4.25,0.5,2.65,0.0,1.0,17.0,2.5,0.0,0.75
1,Sat Nov 01 00:39:56 UTC 2025,Sat Nov 01 01:21:41 UTC 2025,2,5.7,1,N,163,223,1,40.1,4.25,0.5,9.15,0.0,1.0,55.0,2.5,0.0,0.75
2,Sat Nov 01 00:17:00 UTC 2025,Sat Nov 01 00:25:50 UTC 2025,1,0.54,1,N,148,4,1,9.3,1.0,0.5,1.0,0.0,1.0,16.05,2.5,0.0,0.75
2,Sat Nov 01 00:26:47 UTC 2025,Sat Nov 01 00:54:45 UTC 2025,1,2.39,1,N,4,246,1,24.0,1.0,0.5,5.95,0.0,1.0,35.7,2.5,0.0,0.75
2,Sat Nov 01 00:30:16 UTC 2025,Sat Nov 01 00:56:20 UTC 2025,2,4.82,1,N,148,140,1,29.6,1.0,0.5,7.07,0.0,1.0,42.42,2.5,0.0,0.75
2,Sat Nov 01 00:56:24 UTC 2025,Sat Nov 01 01:03:50 UTC 2025,0,1.29,1,N,249,231,1,9.3,1.0,0.5,3.01,0.0,1.0,18.06,2.5,0.0,0.75
1,Sat Nov 01 00:01:04 UTC 2025,Sat Nov 01 00:15:16 UTC 2025,1,2.3,1,N,230,238,2,14.9,4.25,0.5,0.0,0.0,1.0,20.65,2.5,0.0,0.75
1,Sat Nov 01 00:25:22 UTC 2025,Sat Nov 01 00:34:22 UTC 2025,1,2.0,1,N,143,263,1,10.7,3.5,0.5,3.15,0.0,1.0,18.85,2.5,0.0,0.0
1,Sat Nov 01 00:35:56 UTC 2025,Sat Nov 01 00:58:40 UTC 2025,1,4.0,1,N,263,107,1,22.6,4.25,0.5,5.65,0.0,1.0,34.0,2.5,0.0,0.75
1,Sat Nov 01 00:59:40 UTC 2025,Sat Nov 01 01:15:53 UTC 2025,1,1.3,1,N,107,249,1,14.2,4.25,0.5,5.0,0.0,1.0,24.95,2.5,0.0,0.75
1,Sat Nov 01 00:08:09 UTC 2025,Sat Nov 01 00:16:35 UTC 2025,1,1.0,1,N,163,229,1,9.3,4.25,0.5,3.0,0.0,1.0,18.05,2.5,0.0,0.75
1,Sat Nov 01 00:17:07 UTC 2025,Sat Nov 01 00:49:16 UTC 2025,1,1.7,1,N,229,107,1,25.4,4.25,0.5,1.0,0.0,1.0,32.15,2.5,0.0,0.75
1,Sat Nov 01 00:54:13 UTC 2025,Sat Nov 01 01:13:23 UTC 2025,1,0.9,1,N,107,79,1,16.3,4.25,0.5,5.5,0.0,1.0,27.55,2.5,0.0,0.75
2,Sat Nov 01 00:09:16 UTC 2025,Sat Nov 01 00:24:59 UTC 2025,2,1.35,1,N,231,148,1,14.2,1.0,0.5,3.99,0.0,1.0,23.94,2.5,0.0,0.75
2,Sat Nov 01 00:23:08 UTC 2025,Sat Nov 01 00:30:21 UTC 2025,2,0.7,1,N,230,48,1,7.9,1.0,0.5,2.73,0.0,1.0,16.38,2.5,0.0,0.75
2,Sat Nov 01 00:38:28 UTC 2025,Sat Nov 01 00:47:54 UTC 2025,2,1.02,1,N,48,100,1,10.0,1.0,0.5,0.0,0.0,1.0,15.75,2.5,0.0,0.75
2,Sat Nov 01 00:50:04 UTC 2025,Sat Nov 01 01:07:44 UTC 2025,2,2.04,1,N,100,140,2,17.0,1.0,0.5,0.0,0.0,1.0,22.75,2.5,0.0,0.75
1,Sat Nov 01 00:19:59 UTC 2025,Sat Nov 01 00:32:29 UTC 2025,2,2.9,1,N,48,166,1,15.6,4.25,0.5,2.0,0.0,1.0,23.35,2.5,0.0,0.75
1,Sat Nov 01 00:38:05 UTC 2025,Sat Nov 01 00:52:29 UTC 2025,3,2.6,1,N,151,116,1,16.3,1.0,0.5,3.75,0.0,1.0,22.55,0.0,0.0,0.0
1,Sat Nov 01 00:05:27 UTC 2025,Sat Nov 01 00:29:14 UTC 2025,1,2.7,1,N,209,158,1,21.2,4.25,0.5,0.0,0.0,1.0,26.95,2.5,0.0,0.75
1,Sat Nov 01 00:32:34 UTC 2025,Sat Nov 01 00:58:29 UTC 2025,1,1.3,1,N,158,249,1,20.5,4.25,0.5,6.55,0.0,1.0,32.8,2.5,0.0,0.75
1,Sat Nov 01 00:02:52 UTC 2025,Sat Nov 01 00:05:23 UTC 2025,3,0.3,1,N,48,48,1,4.4,4.25,0.5,0.0,0.0,1.0,10.15,2.5,0.0,0.75
1,Sat Nov 01 00:11:22 UTC 2025,Sat Nov 01 00:40:17 UTC 2025,1,5.3,1,N,48,112,1,27.5,4.25,0.5,6.65,0.0,1.0,39.9,2.5,0.0,0.75
2,Sat Nov 01 00:37:36 UTC 2025,Sat Nov 01 00:45:19 UTC 2025,2,1.43,1,N,237,262,4,-10.0,-1.0,-0.5,0.0,0.0,-1.0,-15.0,-2.5,0.0,0.0
2,Sat Nov 01 00:37:36 UTC 2025,Sat Nov 01 00:45:19 UTC 2025,2,1.43,1,N,237,263,4,10.0,1.0,0.5,0.0,0.0,1.0,15.0,2.5,0.0,0.0
2,Sat Nov 01 00:14:23 UTC 2025,Sat Nov 01 00:30:45 UTC 2025,1,0.7,1,N,162,48,1,14.2,1.0,0.5,3.0,0.0,1.0,22.95,2.5,0.0,0.75
2,Sat Nov 01 00:03:26 UTC 2025,Sat Nov 01 00:33:35 UTC 2025,3,10.23,1,N,138,161,1,47.1,6.0,0.5,12.96,6.94,1.0,79.5,2.5,1.75,0.75
2,Sat Nov 01 00:19:04 UTC 2025,Sat Nov 01 01:15:11 UTC 2025,1,4.43,1,N,137,87,1,44.3,1.0,0.5,0.0,0.0,1.0,50.05,2.5,0.0,0.75
1,Sat Nov 01 00:19:18 UTC 2025,Sat Nov 01 00:24:01 UTC 2025,1,0.5,1,N,79,113,1,5.8,4.25,0.5,2.3,0.0,1.0,13.85,2.5,0.0,0.75
1,Sat Nov 01 00:26:21 UTC 2025,Sat Nov 01 00:32:39 UTC 2025,1,0.9,1,N,113,144,1,7.2,4.25,0.5,2.6,0.0,1.0,15.55,2.5,0.0,0.75
1,Sat Nov 01 00:56:26 UTC 2025,Sat Nov 01 01:37:13 UTC 2025,1,9.4,1,N,261,236,1,43.6,4.25,0.5,10.0,0.0,1.0,59.35,2.5,0.0,0.75
2,Sat Nov 01 00:02:19 UTC 2025,Sat Nov 01 00:07:56 UTC 2025,1,0.87,1,N,237,140,1,7.2,1.0,0.5,1.5,0.0,1.0,13.7,2.5,0.0,0.0
2,Sat Nov 01 00:14:06 UTC 2025,Sat Nov 01 00:32:24 UTC 2025,1,3.94,1,N,141,7,1,21.9,1.0,0.5,0.0,0.0,1.0,27.65,2.5,0.0,0.75
2,Sat Nov 01 00:59:37 UTC 2025,Sat Nov 01 01:24:36 UTC 2025,2,2.58,1,N,48,107,1,22.6,1.0,0.5,5.67,0.0,1.0,34.02,2.5,0.0,0.75
2,Sat Nov 01 00:37:54 UTC 2025,Sat Nov 01 00:49:19 UTC 2025,2,1.82,1,N,24,74,1,12.1,1.0,0.5,2.92,0.0,1.0,17.52,0.0,0.0,0.0
2,Sat Nov 01 00:08:57 UTC 2025,Sat Nov 01 00:24:35 UTC 2025,1,0.77,1,N,79,107,1,13.5,1.0,0.5,3.85,0.0,1.0,23.1,2.5,0.0,0.75
2,Sat Nov 01 00:30:25 UTC 2025,Sat Nov 01 00:57:38 UTC 2025,1,3.99,1,N,107,87,1,28.2,1.0,0.5,6.79,0.0,1.0,40.74,2.5,0.0,0.75
2,Sat Nov 01 00:24:45 UTC 2025,Sat Nov 01 00:33:22 UTC 2025,1,0.66,1,N,148,113,1,8.6,1.0,0.5,2.87,0.0,1.0,17.22,2.5,0.0,0.75
2,Sat Nov 01 00:34:49 UTC 2025,Sat Nov 01 00:47:39 UTC 2025,1,1.08,1,N,113,170,1,12.1,1.0,0.5,3.57,0.0,1.0,21.42,2.5,0.0,0.75
2,Sat Nov 01 00:49:24 UTC 2025,Sat Nov 01 01:09:46 UTC 2025,1,1.59,1,N,170,48,1,17.7,1.0,0.5,2.34,0.0,1.0,25.79,2.5,0.0,0.75
2,Sat Nov 01 00:12:51 UTC 2025,Sat Nov 01 00:41:25 UTC 2025,1,9.59,1,N,226,181,1,40.8,1.0,0.5,4.0,0.0,1.0,47.3,0.0,0.0,0.0
2,Sat Nov 01 00:24:04 UTC 2025,Sat Nov 01 00:26:02 UTC 2025,2,0.55,1,N,186,246,1,5.1,1.0,0.5,2.0,0.0,1.0,12.85,2.5,0.0,0.75
2,Sat Nov 01 00:57:11 UTC 2025,Sat Nov 01 01:18:29 UTC 2025,4,2.75,5,N,48,265,1,70.0,0.0,0.0,17.16,14.06,1.0,102.97,0.0,0.0,0.75
2,Sat Nov 01 00:08:44 UTC 2025,Sat Nov 01 00:14:36 UTC 2025,1,1.22,1,N,231,13,1,8.6,1.0,0.5,2.87,0.0,1.0,17.22,2.5,0.0,0.75
2,Sat Nov 01 00:52:47 UTC 2025,Sat Nov 01 01:11:47 UTC 2025,1,3.69,1,N,107,140,1,20.5,1.0,0.5,0.0,0.0,1.0,26.25,2.5,0.0,0.75
2,Sat Nov 01 00:08:14 UTC 2025,Sat Nov 01 00:22:50 UTC 2025,3,0.95,1,N,4,144,1,13.5,1.0,0.5,0.0,0.0,1.0,19.25,2.5,0.0,0.75
2,Sat Nov 01 00:25:37 UTC 2025,Sat Nov 01 00:36:42 UTC 2025,4,0.82,1,N,144,79,1,10.7,1.0,0.5,3.29,0.0,1.0,19.74,2.5,0.0,0.75
2,Sat Nov 01 00:39:34 UTC 2025,Sat Nov 01 01:14:42 UTC 2025,1,6.77,1,N,234,49,1,38.0,1.0,0.5,10.94,0.0,1.0,54.69,2.5,0.0,0.75
2,Sat Nov 01 00:37:34 UTC 2025,Sat Nov 01 00:48:15 UTC 2025,1,2.43,1,N,239,41,1,13.5,1.0,0.5,3.7,0.0,1.0,22.2,2.5,0.0,0.0
2,Sat Nov 01 00:46:40 UTC 2025,Sat Nov 01 01:27:17 UTC 2025,2,9.41,1,N,138,148,1,49.2,6.0,0.5,3.0,0.0,1.0,64.7,2.5,1.75,0.75
2,Sat Nov 01 00:00:01 UTC 2025,Sat Nov 01 00:32:12 UTC 2025,2,3.51,1,N,100,211,1,28.2,1.0,0.5,6.79,0.0,1.0,40.74,2.5,0.0,0.75
2,Sat Nov 01 00:33:38 UTC 2025,Sat Nov 01 00:44:25 UTC 2025,2,1.21,1,N,211,158,1,11.4,1.0,0.5,5.14,0.0,1.0,22.29,2.5,0.0,0.75
2,Sat Nov 01 00:10:00 UTC 2025,Sat Nov 01 00:39:14 UTC 2025,1,5.75,1,N,4,239,1,31.0,1.0,0.5,3.68,0.0,1.0,40.43,2.5,0.0,0.75
1,Sat Nov 01 00:04:24 UTC 2025,Sat Nov 01 00:16:47 UTC 2025,2,2.3,1,N,161,262,1,12.8,4.25,0.5,4.65,0.0,1.0,23.2,2.5,0.0,0.75
1,Sat Nov 01 00:24:11 UTC 2025,Sat Nov 01 01:13:47 UTC 2025,2,4.2,1,N,263,79,1,38.7,4.25,0.5,8.9,0.0,1.0,53.35,2.5,0.0,0.75
2,Sat Nov 01 00:25:25 UTC 2025,Sat Nov 01 00:34:07 UTC 2025,4,1.18,1,N,137,233,1,9.3,1.0,0.5,3.01,0.0,1.0,18.06,2.5,0.0,0.75
2,Sat Nov 01 00:39:27 UTC 2025,Sat Nov 01 01:04:49 UTC 2025,2,1.34,1,N,137,79,1,21.2,1.0,0.5,5.39,0.0,1.0,32.34,2.5,0.0,0.75
2,Sat Nov 01 00:46:38 UTC 2025,Sat Nov 01 00:56:48 UTC 2025,2,1.73,1,N,238,263,1,11.4,1.0,0.5,1.0,0.0,1.0,17.4,2.5,0.0,0.0
2,Sat Nov 01 00:07:06 UTC 2025,Sat Nov 01 00:24:35 UTC 2025,3,2.2,1,N,234,163,1,17.0,1.0,0.5,1.11,0.0,1.0,23.86,2.5,0.0,0.75
2,Sat Nov 01 00:25:32 UTC 2025,Sat Nov 01 00:35:05 UTC 2025,1,1.11,1,N,163,141,1,10.0,1.0,0.5,3.15,0.0,1.0,18.9,2.5,0.0,0.75
2,Sat Nov 01 00:10:46 UTC 2025,Sat Nov 01 00:14:14 UTC 2025,2,0.4,1,N,100,68,1,5.1,1.0,0.5,2.17,0.0,1.0,13.02,2.5,0.0,0.75
2,Sat Nov 01 00:24:24 UTC 2025,Sat Nov 01 01:11:29 UTC 2025,2,4.01,1,N,68,144,1,39.4,1.0,0.5,3.0,0.0,1.0,48.15,2.5,0.0,0.75
1,Sat Nov 01 00:25:04 UTC 2025,Sat Nov 01 01:08:09 UTC 2025,1,5.4,1,N,238,107,1,38.7,4.25,0.5,6.0,0.0,1.0,50.45,2.5,0.0,0.75
2,Sat Nov 01 00:37:21 UTC 2025,Sat Nov 01 01:12:28 UTC 2025,1,4.16,1,N,186,33,1,31.0,1.0,0.5,7.35,0.0,1.0,44.1,2.5,0.0,0.75
2,Sat Nov 01 00:54:06 UTC 2025,Sat Nov 01 01:19:52 UTC 2025,1,8.15,1,N,48,196,2,37.3,1.0,0.5,0.0,6.94,1.0,49.99,2.5,0.0,0.75
2,Sat Nov 01 00:01:23 UTC 2025,Sat Nov 01 00:21:26 UTC 2025,2,4.97,1,N,13,107,1,25.4,1.0,0.5,6.23,0.0,1.0,37.38,2.5,0.0,0.75
2,Sat Nov 01 00:23:25 UTC 2025,Sat Nov 01 00:39:44 UTC 2025,2,2.6,1,N,107,140,2,17.0,1.0,0.5,0.0,0.0,1.0,22.75,2.5,0.0,0.75
2,Sat Nov 01 00:41:27 UTC 2025,Sat Nov 01 00:49:59 UTC 2025,1,1.47,1,N,141,143,1,10.7,1.0,0.5,3.14,0.0,1.0,18.84,2.5,0.0,0.0
2,Sat Nov 01 00:07:24 UTC 2025,Sat Nov 01 00:26:42 UTC 2025,1,1.59,1,N,170,79,1,17.0,1.0,0.5,2.0,0.0,1.0,24.75,2.5,0.0,0.75
2,Sat Nov 01 00:28:37 UTC 2025,Sat Nov 01 00:39:45 UTC 2025,1,0.99,1,N,4,113,1,10.7,1.0,0.5,3.29,0.0,1.0,19.74,2.5,0.0,0.75
2,Sat Nov 01 00:42:25 UTC 2025,Sat Nov 01 00:53:38 UTC 2025,1,0.88,1,N,114,4,1,10.7,1.0,0.5,1.0,0.0,1.0,17.45,2.5,0.0,0.75
2,Sat Nov 01 00:15:35 UTC 2025,Sat Nov 01 00:41:32 UTC 2025,1,3.05,1,N,161,263,1,23.3,1.0,0.5,5.81,0.0,1.0,34.86,2.5,0.0,0.75
2,Sat Nov 01 00:43:00 UTC 2025,Sat Nov 01 00:48:17 UTC 2025,1,0.79,1,N,263,237,1,7.2,1.0,0.5,2.0,0.0,1.0,14.2,2.5,0.0,0.0
2,Sat Nov 01 00:52:54 UTC 2025,Sat Nov 01 01:10:06 UTC 2025,1,3.1,1,N,263,90,1,18.4,1.0,0.5,4.83,0.0,1.0,28.98,2.5,0.0,0.75
2,Sat Nov 01 00:37:41 UTC 2025,Sat Nov 01 00:49:38 UTC 2025,2,2.46,1,N,161,262,1,14.9,1.0,0.5,4.13,0.0,1.0,24.78,2.5,0.0,0.75
2,Sat Nov 01 00:13:59 UTC 2025,Sat Nov 01 01:18:38 UTC 2025,2,6.25,1,N,68,79,1,56.2,1.0,0.5,15.49,0.0,1.0,77.44,2.5,0.0,0.75
1,Sat Nov 01 00:20:03 UTC 2025,Sat Nov 01 00:40:55 UTC 2025,1,1.4,1,N,68,137,1,17.0,4.25,0.5,4.55,0.0,1.0,27.3,2.5,0.0,0.75
1,Sat Nov 01 00:41:42 UTC 2025,Sat Nov 01 00:52:14 UTC 2025,1,0.8,1,N,137,170,1,10.0,4.25,0.5,3.95,0.0,1.0,19.7,2.5,0.0,0.75
1,Sat Nov 01 00:55:42 UTC 2025,Sat Nov 01 00:57:57 UTC 2025,1,0.8,1,N,162,229,2,5.8,4.25,0.5,0.0,0.0,1.0,11.55,2.5,0.0,0.75
2,Sat Nov 01 00:02:53 UTC 2025,Sat Nov 01 00:40:33 UTC 2025,1,6.31,1,N,68,42,1,36.6,1.0,0.5,8.47,0.0,1.0,50.82,2.5,0.0,0.75
2,Sat Nov 01 00:49:26 UTC 2025,Sat Nov 01 00:58:01 UTC 2025,1,1.92,1,N,41,263,1,11.4,1.0,0.5,3.28,0.0,1.0,19.68,2.5,0.0,0.0
2,Sat Nov 01 00:44:49 UTC 2025,Sat Nov 01 01:06:13 UTC 2025,1,6.1,1,N,140,209,1,29.6,1.0,0.5,4.0,0.0,1.0,39.35,2.5,0.0,0.75
2,Sat Nov 01 00:08:19 UTC 2025,Sat Nov 01 00:18:57 UTC 2025,2,0.97,1,N,161,164,2,10.7,1.0,0.5,0.0,0.0,1.0,16.45,2.5,0.0,0.75
2,Sat Nov 01 00:20:54 UTC 2025,Sat Nov 01 00:49:55 UTC 2025,2,2.31,1,N,164,231,1,24.0,1.0,0.5,7.44,0.0,1.0,37.19,2.5,0.0,0.75
2,Sat Nov 01 00:09:49 UTC 2025,Sat Nov 01 00:17:12 UTC 2025,1,1.53,1,N,237,236,1,10.7,1.0,0.5,3.14,0.0,1.0,18.84,2.5,0.0,0.0
1,Sat Nov 01 00:45:45 UTC 2025,Sat Nov 01 00:45:49 UTC 2025,1,0.0,1,N,148,148,3,3.0,4.25,0.5,0.0,0.0,1.0,8.75,2.5,0.0,0.75
1,Sat Nov 01 00:46:06 UTC 2025,Sat Nov 01 01:06:16 UTC 2025,1,2.8,1,N,148,68,1,17.7,4.25,0.5,4.7,0.0,1.0,28.15,2.5,0.0,0.75
1,Sat Nov 01 00:54:50 UTC 2025,Sat Nov 01 00:58:38 UTC 2025,1,0.7,1,N,231,87,1,5.8,4.25,0.5,1.0,0.0,1.0,12.55,2.5,0.0,0.75
2,Sat Nov 01 00:47:53 UTC 2025,Sat Nov 01 01:18:25 UTC 2025,1,3.77,1,N,66,37,1,27.5,1.0,0.5,1.0,0.0,1.0,31.0,0.0,0.0,0.0
2,Sat Nov 01 00:59:16 UTC 2025,Sat Nov 01 01:13:15 UTC 2025,1,2.63,1,N,24,262,1,15.6,1.0,0.5,4.12,0.0,1.0,24.72,2.5,0.0,0.0
1,Sat Nov 01 00:21:20 UTC 2025,Sat Nov 01 01:03:04 UTC 2025,1,3.0,1,N,144,186,1,31.7,4.25,0.5,5.0,0.0,1.0,42.45,2.5,0.0,0.75
2,Sat Nov 01 00:04:04 UTC 2025,Sat Nov 01 00:09:22 UTC 2025,1,1.12,1,N,249,231,1,7.2,1.0,0.5,1.94,0.0,1.0,14.89,2.5,0.0,0.75
2,Sat Nov 01 00:11:03 UTC 2025,Sat Nov 01 00:41:03 UTC 2025,2,1.18,1,N,231,148,1,24.0,1.0,0.5,0.0,0.0,1.0,29.75,2.5,0.0,0.75
2,Sat Nov 01 00:42:05 UTC 2025,Sat Nov 01 00:56:46 UTC 2025,2,1.1,1,N,148,234,1,13.5,1.0,0.5,1.0,0.0,1.0,20.25,2.5,0.0,0.75
1,Sat Nov 01 00:26:05 UTC 2025,Sat Nov 01 00:44:29 UTC 2025,1,1.9,1,N,234,246,1,15.6,4.25,0.5,5.35,0.0,1.0,26.7,2.5,0.0,0.75
2,Sat Nov 01 00:42:34 UTC 2025,Sat Nov 01 00:50:06 UTC 2025,2,1.04,1,N,163,142,1,9.3,1.0,0.5,2.26,0.0,1.0,17.31,2.5,0.0,0.75
2,Sat Nov 01 00:10:57 UTC 2025,Sat Nov 01 00:16:25 UTC 2025,1,0.75,1,N,79,107,1,7.2,1.0,0.5,1.3,0.0,1.0,14.25,2.5,0.0,0.75
2,Sat Nov 01 00:21:30 UTC 2025,Sat Nov 01 00:34:16 UTC 2025,3,2.13,1,N,107,163,2,14.2,1.0,0.5,0.0,0.0,1.0,19.95,2.5,0.0,0.75
2,Sat Nov 01 00:43:47 UTC 2025,Sat Nov 01 00:46:22 UTC 2025,4,0.4,1,N,142,142,1,5.1,1.0,0.5,2.17,0.0,1.0,13.02,2.5,0.0,0.75
2,Sat Nov 01 00:36:35 UTC 2025,Sat Nov 01 00:42:11 UTC 2025,2,0.38,1,N,113,113,1,7.2,1.0,0.5,0.0,0.0,1.0,12.95,2.5,0.0,0.75
2,Sat Nov 01 00:43:43 UTC 2025,Sat Nov 01 01:35:58 UTC 2025,1,7.92,1,N,113,151,1,52.0,1.0,0.5,11.55,0.0,1.0,69.3,2.5,0.0,0.75
2,Sat Nov 01 00:15:12 UTC 2025,Sat Nov 01 00:28:54 UTC 2025,2,1.44,1,N,234,163,1,13.5,1.0,0.5,0.0,0.0,1.0,19.25,2.5,0.0,0.75
2,Sat Nov 01 00:05:15 UTC 2025,Sat Nov 01 00:58:45 UTC 2025,2,5.77,1,N,230,256,1,45.7,1.0,0.5,0.0,0.0,1.0,51.45,2.5,0.0,0.75
2,Sat Nov 01 00:38:29 UTC 2025,Sat Nov 01 00:42:00 UTC 2025,1,0.33,1,N,263,236,1,5.1,1.0,0.5,2.02,0.0,1.0,12.12,2.5,0.0,0.0
2,Sat Nov 01 00:46:11 UTC 2025,Sat Nov 01 01:00:08 UTC 2025,1,1.05,1,N,148,4,4,-13.5,-1.0,-0.5,0.0,0.0,-1.0,-19.25,-2.5,0.0,-0.75
2,Sat Nov 01 00:46:11 UTC 2025,Sat Nov 01 01:00:08 UTC 2025,1,1.05,1,N,148,4,4,13.5,1.0,0.5,0.0,0.0,1.0,19.25,2.5,0.0,0.75
2,Sat Nov 01 00:25:56 UTC 2025,Sat Nov 01 00:37:14 UTC 2025,1,3.68,1,N,88,33,1,17.7,1.0,0.5,4.69,0.0,1.0,28.14,2.5,0.0,0.75
2,Sat Nov 01 00:38:34 UTC 2025,Sat Nov 01 00:44:12 UTC 2025,1,0.98,1,N,33,25,1,7.9,1.0,0.5,2.6,0.0,1.0,13.0,0.0,0.0,0.0
2,Fri Oct 31 23:59:04 UTC 2025,Sat Nov 01 00:06:59 UTC 2025,5,0.85,1,N,148,211,1,8.6,1.0,0.5,4.3,0.0,1.0,18.65,2.5,0.0,0.75
2,Sat Nov 01 00:21:14 UTC 2025,Sat Nov 01 00:48:09 UTC 2025,5,3.25,1,N,211,97,1,25.4,1.0,0.5,0.0,0.0,1.0,31.15,2.5,0.0,0.75
2,Sat Nov 01 00:50:54 UTC 2025,Sat Nov 01 00:58:16 UTC 2025,1,1.26,1,N,48,246,1,9.3,1.0,0.5,3.01,0.0,1.0,18.06,2.5,0.0,0.75
2,Sat Nov 01 00:10:27 UTC 2025,Sat Nov 01 00:17:35 UTC 2025,1,1.43,1,N,239,143,1,9.3,1.0,0.5,1.0,0.0,1.0,15.3,2.5,0.0,0.0
2,Sat Nov 01 00:23:30 UTC 2025,Sat Nov 01 00:41:27 UTC 2025,1,2.31,1,N,50,90,1,17.0,1.0,0.5,4.55,0.0,1.0,27.3,2.5,0.0,0.75
2,Sat Nov 01 00:43:23 UTC 2025,Sat Nov 01 01:02:32 UTC 2025,1,3.37,1,N,234,236,1,20.5,1.0,0.5,5.25,0.0,1.0,31.5,2.5,0.0,0.75
2,Sat Nov 01 00:07:09 UTC 2025,Sat Nov 01 00:18:28 UTC 2025,1,1.03,1,N,148,113,1,11.4,1.0,0.5,3.43,0.0,1.0,20.58,2.5,0.0,0.75
2,Sat Nov 01 00:39:10 UTC 2025,Sat Nov 01 00:40:17 UTC 2025,1,0.11,1,N,137,170,1,3.7,1.0,0.5,0.0,0.0,1.0,9.45,2.5,0.0,0.75
2,Sat Nov 01 00:36:56 UTC 2025,Sat Nov 01 00:49:23 UTC 2025,1,1.7,1,N,79,68,1,12.8,1.0,0.5,2.78,0.0,1.0,21.33,2.5,0.0,0.75
2,Sat Nov 01 00:57:28 UTC 2025,Sat Nov 01 01:25:28 UTC 2025,1,2.27,1,N,68,231,1,24.7,1.0,0.5,3.0,0.0,1.0,33.45,2.5,0.0,0.75
2,Sat Nov 01 00:18:44 UTC 2025,Sat Nov 01 00:39:58 UTC 2025,3,1.76,1,N,90,233,1,19.1,1.0,0.5,2.48,0.0,1.0,27.33,2.5,0.0,0.75
2,Sat Nov 01 00:04:20 UTC 2025,Sat Nov 01 00:32:24 UTC 2025,2,2.52,1,N,231,186,1,24.0,1.0,0.5,5.95,0.0,1.0,35.7,2.5,0.0,0.75
2,Sat Nov 01 00:04:07 UTC 2025,Sat Nov 01 00:24:10 UTC 2025,1,4.01,1,N,107,236,1,21.2,1.0,0.5,2.0,0.0,1.0,28.95,2.5,0.0,0.75
2,Sat Nov 01 00:02:32 UTC 2025,Sat Nov 01 01:02:23 UTC 2025,2,15.53,1,N,231,127,1,70.9,1.0,0.5,5.0,0.0,1.0,81.65,2.5,0.0,0.75
2,Sat Nov 01 00:07:47 UTC 2025,Sat Nov 01 00:27:32 UTC 2025,1,2.33,1,N,161,246,1,18.4,1.0,0.5,4.83,0.0,1.0,28.98,2.5,0.0,0.75
2,Sat Nov 01 00:03:16 UTC 2025,Sat Nov 01 00:09:26 UTC 2025,1,0.23,1,N,161,100,1,7.2,1.0,0.5,0.15,0.0,1.0,13.1,2.5,0.0,0.75
2,Sat Nov 01 00:20:38 UTC 2025,Sat Nov 01 00:31:51 UTC 2025,1,2.59,1,N,48,151,1,14.9,1.0,0.5,2.0,0.0,1.0,22.65,2.5,0.0,0.75
2,Sat Nov 01 00:47:38 UTC 2025,Sat Nov 01 01:03:58 UTC 2025,1,2.21,1,N,143,262,1,17.0,1.0,0.5,3.4,0.0,1.0,25.4,2.5,0.0,0.0
2,Sat Nov 01 00:09:51 UTC 2025,Sat Nov 01 00:52:59 UTC 2025,4,3.02,1,N,234,234,1,34.5,1.0,0.5,12.07,0.0,1.0,52.32,2.5,0.0,0.75
2,Sat Nov 01 00:54:36 UTC 2025,Sat Nov 01 01:22:30 UTC 2025,4,1.64,1,N,234,4,1,23.3,1.0,0.5,5.81,0.0,1.0,34.86,2.5,0.0,0.75
2,Sat Nov 01 00:25:10 UTC 2025,Sat Nov 01 00:39:25 UTC 2025,1,2.58,1,N,263,163,1,15.6,1.0,0.5,4.27,0.0,1.0,25.62,2.5,0.0,0.75
2,Sat Nov 01 00:13:42 UTC 2025,Sat Nov 01 00:28:12 UTC 2025,1,0.79,1,N,148,79,1,13.5,1.0,0.5,1.0,0.0,1.0,20.25,2.5,0.0,0.75
2,Sat Nov 01 00:30:40 UTC 2025,Sat Nov 01 00:41:20 UTC 2025,1,0.61,1,N,79,114,1,10.7,1.0,0.5,1.0,0.0,1.0,17.45,2.5,0.0,0.75
2,Sat Nov 01 00:45:06 UTC 2025,Sat Nov 01 01:08:59 UTC 2025,1,2.04,1,N,79,249,1,21.2,1.0,0.5,5.39,0.0,1.0,32.34,2.5,0.0,0.75
2,Sat Nov 01 00:18:47 UTC 2025,Sat Nov 01 00:42:06 UTC 2025,2,6.9,1,N,234,260,1,32.4,1.0,0.5,5.0,6.94,1.0,50.09,2.5,0.0,0.75
2,Sat Nov 01 00:44:34 UTC 2025,Sat Nov 01 00:49:44 UTC 2025,1,0.94,1,N,230,48,1,7.2,1.0,0.5,2.59,0.0,1.0,15.54,2.5,0.0,0.75
2,Fri Oct 31 23:36:10 UTC 2025,Fri Oct 31 23:47:24 UTC 2025,1,1.88,1,N,161,143,1,12.1,1.0,0.5,0.0,0.0,1.0,17.85,2.5,0.0,0.75
2,Fri Oct 31 23:50:14 UTC 2025,Sat Nov 01 00:05:23 UTC 2025,1,2.75,1,N,143,236,1,17.0,1.0,0.5,4.4,0.0,1.0,26.4,2.5,0.0,0.0
2,Sat Nov 01 00:20:14 UTC 2025,Sat Nov 01 00:45:50 UTC 2025,1,2.65,1,N,140,48,1,22.6,1.0,0.5,5.67,0.0,1.0,34.02,2.5,0.0,0.75
1,Sat Nov 01 00:12:02 UTC 2025,Sat Nov 01 00:26:21 UTC 2025,1,1.5,1,N,170,229,1,12.8,4.25,0.5,3.7,0.0,1.0,22.25,2.5,0.0,0.75
1,Sat Nov 01 00:47:50 UTC 2025,Sat Nov 01 00:54:43 UTC 2025,1,1.2,1,N,48,246,1,7.9,4.25,0.5,2.04,0.0,1.0,15.69,2.5,0.0,0.75
7,Sat Nov 01 00:28:55 UTC 2025,Sat Nov 01 00:28:55 UTC 2025,2,8.0,1,N,234,152,1,42.9,0.0,0.5,9.73,0.0,1.0,58.38,2.5,0.0,0.75
2,Sat Nov 01 00:13:58 UTC 2025,Sat Nov 01 00:18:05 UTC 2025,2,1.21,1,N,166,116,1,7.9,1.0,0.5,1.56,0.0,1.0,11.96,0.0,0.0,0.0
2,Sat Nov 01 00:39:47 UTC 2025,Sat Nov 01 00:51:55 UTC 2025,1,1.75,1,N,263,238,1,12.8,1.0,0.5,1.0,0.0,1.0,18.8,2.5,0.0,0.0
2,Fri Oct 31 23:59:15 UTC 2025,Sat Nov 01 00:16:57 UTC 2025,1,1.78,1,N,48,90,1,16.3,1.0,0.5,4.41,0.0,1.0,26.46,2.5,0.0,0.75
2,Sat Nov 01 00:28:41 UTC 2025,Sat Nov 01 00:45:51 UTC 2025,3,2.28,1,N,237,107,1,17.0,1.0,0.5,5.69,0.0,1.0,28.44,2.5,0.0,0.75
2,Sat Nov 01 00:54:06 UTC 2025,Sat Nov 01 00:59:24 UTC 2025,2,1.15,1,N,107,162,1,7.9,1.0,0.5,2.73,0.0,1.0,16.38,2.5,0.0,0.75
2,Sat Nov 01 00:00:16 UTC 2025,Sat Nov 01 00:08:56 UTC 2025,1,1.63,1,N,236,75,1,10.0,1.0,0.5,3.0,0.0,1.0,18.0,2.5,0.0,0.0
2,Sat Nov 01 00:13:52 UTC 2025,Sat Nov 01 00:22:46 UTC 2025,2,1.14,1,N,68,186,1,9.3,1.0,0.5,2.26,0.0,1.0,17.31,2.5,0.0,0.75
2,Sat Nov 01 00:55:42 UTC 2025,Sat Nov 01 01:20:59 UTC 2025,2,0.76,1,N,234,90,1,20.5,1.0,0.5,0.0,0.0,1.0,26.25,2.5,0.0,0.75
2,Sat Nov 01 00:42:56 UTC 2025,Sat Nov 01 00:55:48 UTC 2025,1,2.17,1,N,151,116,1,14.2,1.0,0.5,3.34,0.0,1.0,20.04,0.0,0.0,0.0
2,Sat Nov 01 00:31:11 UTC 2025,Sat Nov 01 01:15:02 UTC 2025,1,4.19,1,N,239,79,1,37.3,1.0,0.5,4.3,0.0,1.0,47.35,2.5,0.0,0.75
1,Sat Nov 01 00:59:32 UTC 2025,Sat Nov 01 01:25:54 UTC 2025,1,11.3,1,N,138,164,1,45.7,11.0,0.5,11.65,0.0,1.0,69.85,2.5,1.75,0.75
1,Sat Nov 01 00:57:23 UTC 2025,Sat Nov 01 01:20:05 UTC 2025,2,1.9,1,N,164,158,1,19.1,4.25,0.5,2.0,0.0,1.0,26.85,2.5,0.0,0.75
1,Sat Nov 01 00:22:34 UTC 2025,Sat Nov 01 00:28:46 UTC 2025,2,1.1,1,N,141,263,1,7.9,3.5,0.5,2.55,0.0,1.0,15.45,2.5,0.0,0.0
1,Sat Nov 01 00:34:49 UTC 2025,Sat Nov 01 00:57:32 UTC 2025,2,3.1,1,N,141,234,1,21.9,4.25,0.5,5.5,0.0,1.0,33.15,2.5,0.0,0.75
2,Sat Nov 01 00:13:53 UTC 2025,Sat Nov 01 00:41:21 UTC 2025,1,6.05,1,N,138,134,2,32.4,6.0,0.5,0.0,0.0,1.0,41.65,0.0,1.75,0.0
2,Sat Nov 01 00:55:51 UTC 2025,Sat Nov 01 01:30:01 UTC 2025,2,11.5,1,N,138,239,1,49.9,6.0,0.5,13.52,6.94,1.0,82.86,2.5,1.75,0.75
2,Sat Nov 01 00:24:41 UTC 2025,Sat Nov 01 00:49:47 UTC 2025,1,1.72,1,N,79,234,1,20.5,1.0,0.5,0.0,0.0,1.0,26.25,2.5,0.0,0.75
2,Sat Nov 01 00:40:08 UTC 2025,Sat Nov 01 01:07:32 UTC 2025,2,6.25,1,N,87,61,1,31.7,1.0,0.5,4.0,0.0,1.0,41.45,2.5,0.0,0.75
2,Sat Nov 01 00:52:04 UTC 2025,Sat Nov 01 01:09:47 UTC 2025,1,3.17,1,N,4,80,1,19.8,1.0,0.5,0.0,0.0,1.0,25.55,2.5,0.0,0.75
2,Sat Nov 01 00:04:56 UTC 2025,Sat Nov 01 00:31:17 UTC 2025,2,3.33,1,N,263,137,1,24.7,1.0,0.5,1.0,0.0,1.0,31.45,2.5,0.0,0.75
2,Sat Nov 01 00:34:28 UTC 2025,Sat Nov 01 01:23:39 UTC 2025,1,6.92,1,N,137,13,1,47.8,1.0,0.5,10.71,0.0,1.0,64.26,2.5,0.0,0.75
2,Sat Nov 01 00:00:18 UTC 2025,Sat Nov 01 00:36:31 UTC 2025,1,2.41,1,N,249,170,1,28.9,1.0,0.5,6.93,0.0,1.0,41.58,2.5,0.0,0.75
2,Sat Nov 01 00:06:26 UTC 2025,Sat Nov 01 00:22:38 UTC 2025,1,0.62,1,N,107,113,1,14.2,1.0,0.5,3.99,0.0,1.0,23.94,2.5,0.0,0.75
2,Sat Nov 01 00:29:58 UTC 2025,Sat Nov 01 01:06:19 UTC 2025,3,4.62,1,N,79,263,1,35.2,1.0,0.5,8.19,0.0,1.0,49.14,2.5,0.0,0.75
2,Sat Nov 01 00:15:11 UTC 2025,Sat Nov 01 00:34:55 UTC 2025,1,2.12,1,N,79,246,1,17.7,1.0,0.5,2.0,0.0,1.0,25.45,2.5,0.0,0.75
2,Sat Nov 01 00:37:12 UTC 2025,Sat Nov 01 00:52:11 UTC 2025,1,0.39,1,N,246,50,1,13.5,1.0,0.5,2.89,0.0,1.0,22.14,2.5,0.0,0.75
2,Sat Nov 01 00:57:16 UTC 2025,Sat Nov 01 01:01:25 UTC 2025,1,0.9,1,N,48,142,1,6.5,1.0,0.5,2.45,0.0,1.0,14.7,2.5,0.0,0.75
2,Sat Nov 01 00:36:16 UTC 2025,Sat Nov 01 00:41:04 UTC 2025,1,0.65,1,N,263,75,1,6.5,1.0,0.5,2.3,0.0,1.0,13.8,2.5,0.0,0.0
2,Sat Nov 01 00:52:07 UTC 2025,Sat Nov 01 00:56:20 UTC 2025,1,0.67,1,N,141,263,2,6.5,1.0,0.5,0.0,0.0,1.0,11.5,2.5,0.0,0.0
2,Sat Nov 01 00:25:32 UTC 2025,Sat Nov 01 00:28:07 UTC 2025,1,0.4,1,N,48,68,1,5.1,1.0,0.5,2.17,0.0,1.0,13.02,2.5,0.0,0.75
2,Sat Nov 01 00:42:02 UTC 2025,Sat Nov 01 01:12:33 UTC 2025,1,4.87,1,N,186,41,4,-30.3,-1.0,-0.5,0.0,0.0,-1.0,-36.05,-2.5,0.0,-0.75
2,Sat Nov 01 00:42:02 UTC 2025,Sat Nov 01 01:12:33 UTC 2025,1,4.87,1,N,186,74,4,30.3,1.0,0.5,0.0,0.0,1.0,36.05,2.5,0.0,0.75
2,Sat Nov 01 00:31:49 UTC 2025,Sat Nov 01 01:10:00 UTC 2025,1,5.79,1,N,144,239,1,38.7,1.0,0.5,8.89,0.0,1.0,53.34,2.5,0.0,0.75
2,Sat Nov 01 00:18:07 UTC 2025,Sat Nov 01 00:34:13 UTC 2025,1,0.99,1,N,137,79,1,14.2,1.0,0.5,0.0,0.0,1.0,19.95,2.5,0.0,0.75
2,Sat Nov 01 00:36:20 UTC 2025,Sat Nov 01 00:52:38 UTC 2025,1,1.73,1,N,79,137,1,15.6,1.0,0.5,2.0,0.0,1.0,23.35,2.5,0.0,0.75
2,Sat Nov 01 00:04:27 UTC 2025,Sat Nov 01 00:11:39 UTC 2025,2,1.39,1,N,152,151,1,9.3,1.0,0.5,2.36,0.0,1.0,14.16,0.0,0.0,0.0
2,Sat Nov 01 00:19:24 UTC 2025,Sat Nov 01 00:39:43 UTC 2025,1,3.63,1,N,239,107,1,21.2,1.0,0.5,5.39,0.0,1.0,32.34,2.5,0.0,0.75
2,Sat Nov 01 00:08:31 UTC 2025,Sat Nov 01 00:47:32 UTC 2025,1,6.34,1,N,231,263,1,38.0,1.0,0.5,8.75,0.0,1.0,52.5,2.5,0.0,0.75
1,Sat Nov 01 00:09:55 UTC 2025,Sat Nov 01 00:39:42 UTC 2025,2,8.5,1,N,87,74,1,39.4,4.25,0.5,9.0,0.0,1.0,54.15,2.5,0.0,0.75
1,Sat Nov 01 00:41:13 UTC 2025,Sat Nov 01 00:50:21 UTC 2025,1,2.2,1,N,74,42,1,12.1,1.0,0.5,2.9,0.0,1.0,17.5,0.0,0.0,0.0
1,Sat Nov 01 00:34:20 UTC 2025,Sat Nov 01 00:50:49 UTC 2025,1,4.3,1,N,80,34,1,19.8,1.0,0.5,4.45,0.0,1.0,26.75,0.0,0.0,0.0
1,Sat Nov 01 00:22:35 UTC 2025,Sat Nov 01 00:59:53 UTC 2025,2,4.4,1,N,144,112,1,35.2,4.25,0.5,4.0,0.0,1.0,44.95,2.5,0.0,0.75
1,Sat Nov 01 00:06:08 UTC 2025,Sat Nov 01 00:49:10 UTC 2025,1,2.0,1,N,144,68,1,33.8,4.25,0.5,7.9,0.0,1.0,47.45,2.5,0.0,0.75
1,Sat Nov 01 00:51:18 UTC 2025,Sat Nov 01 01:10:25 UTC 2025,3,1.7,1,N,68,114,1,17.0,4.25,0.5,4.5,0.0,1.0,27.25,2.5,0.0,0.75
2,Sat Nov 01 00:26:34 UTC 2025,Sat Nov 01 00:43:35 UTC 2025,2,3.86,1,N,162,179,1,21.2,1.0,0.5,6.74,0.0,1.0,33.69,2.5,0.0,0.75
2,Sat Nov 01 00:59:19 UTC 2025,Sat Nov 01 01:06:58 UTC 2025,1,1.38,1,N,264,229,1,10.0,1.0,0.5,3.15,0.0,1.0,18.9,2.5,0.0,0.75
2,Sat Nov 01 00:16:01 UTC 2025,Sat Nov 01 00:38:37 UTC 2025,4,2.18,1,N,79,233,1,19.8,1.0,0.5,6.39,0.0,1.0,31.94,2.5,0.0,0.75
2,Sat Nov 01 00:40:05 UTC 2025,Sat Nov 01 00:48:15 UTC 2025,1,1.85,1,N,233,262,1,10.7,1.0,0.5,3.29,0.0,1.0,19.74,2.5,0.0,0.75
2,Sat Nov 01 00:21:52 UTC 2025,Sat Nov 01 00:36:18 UTC 2025,2,1.47,1,N,234,170,1,13.5,1.0,0.5,2.0,0.0,1.0,21.25,2.5,0.0,0.75
2,Sat Nov 01 00:37:59 UTC 2025,Sat Nov 01 00:45:56 UTC 2025,1,2.02,1,N,233,140,1,11.4,1.0,0.5,3.43,0.0,1.0,20.58,2.5,0.0,0.75
2,Sat Nov 01 00:52:06 UTC 2025,Sat Nov 01 01:07:04 UTC 2025,2,1.9,1,N,68,164,1,14.9,1.0,0.5,3.98,0.0,1.0,24.63,2.5,0.0,0.75
2,Sat Nov 01 00:16:38 UTC 2025,Sat Nov 01 00:58:27 UTC 2025,2,15.65,1,N,50,252,1,69.5,1.0,0.5,24.66,6.94,1.0,106.85,2.5,0.0,0.75
2,Sat Nov 01 00:54:01 UTC 2025,Sat Nov 01 01:00:12 UTC 2025,1,2.03,1,N,170,141,1,10.0,1.0,0.5,3.15,0.0,1.0,18.9,2.5,0.0,0.75
2,Sat Nov 01 00:22:44 UTC 2025,Sat Nov 01 01:18:50 UTC 2025,1,7.66,1,N,68,243,1,49.2,1.0,0.5,10.99,0.0,1.0,65.94,2.5,0.0,0.75
2,Sat Nov 01 00:10:22 UTC 2025,Sat Nov 01 00:23:04 UTC 2025,1,2.73,1,N,142,262,2,14.9,1.0,0.5,0.0,0.0,1.0,19.9,2.5,0.0,0.0
2,Sat Nov 01 00:26:32 UTC 2025,Sat Nov 01 00:34:15 UTC 2025,1,2.05,1,N,262,162,4,-10.7,-1.0,-0.5,0.0,0.0,-1.0,-16.45,-2.5,0.0,-0.75
2,Sat Nov 01 00:26:32 UTC 2025,Sat Nov 01 00:34:15 UTC 2025,1,2.05,1,N,262,162,4,10.7,1.0,0.5,0.0,0.0,1.0,16.45,2.5,0.0,0.75
2,Sat Nov 01 00:35:55 UTC 2025,Sat Nov 01 00:39:21 UTC 2025,1,0.41,1,N,229,229,1,5.1,1.0,0.5,1.63,0.0,1.0,12.48,2.5,0.0,0.75
2,Sat Nov 01 00:29:26 UTC 2025,Sat Nov 01 00:45:45 UTC 2025,2,2.05,1,N,68,233,1,15.6,1.0,0.5,3.0,0.0,1.0,24.35,2.5,0.0,0.75
2,Sat Nov 01 00:11:07 UTC 2025,Sat Nov 01 00:36:53 UTC 2025,1,2.58,1,N,137,232,1,23.3,1.0,0.5,5.81,0.0,1.0,34.86,2.5,0.0,0.75
2,Sat Nov 01 00:42:05 UTC 2025,Sat Nov 01 01:09:05 UTC 2025,1,7.27,1,N,232,238,1,34.5,1.0,0.5,4.96,0.0,1.0,45.21,2.5,0.0,0.75
2,Sat Nov 01 00:39:01 UTC 2025,Sat Nov 01 00:48:52 UTC 2025,1,3.38,1,N,132,10,1,16.3,1.0,0.5,3.76,0.0,1.0,24.31,0.0,1.75,0.0
2,Sat Nov 01 00:09:18 UTC 2025,Sat Nov 01 00:21:30 UTC 2025,1,0.5,1,N,107,234,1,11.4,1.0,0.5,3.43,0.0,1.0,20.58,2.5,0.0,0.75
2,Sat Nov 01 00:31:52 UTC 2025,Sat Nov 01 01:09:29 UTC 2025,1,4.53,1,N,234,236,1,34.5,1.0,0.5,8.05,0.0,1.0,48.3,2.5,0.0,0.75
2,Sat Nov 01 00:07:28 UTC 2025,Sat Nov 01 00:14:34 UTC 2025,1,1.09,1,N,48,142,1,8.6,1.0,0.5,2.87,0.0,1.0,17.22,2.5,0.0,0.75
2,Sat Nov 01 00:16:45 UTC 2025,Sat Nov 01 00:34:33 UTC 2025,2,2.5,1,N,239,100,1,17.0,1.0,0.5,4.55,0.0,1.0,27.3,2.5,0.0,0.75
2,Sat Nov 01 00:40:29 UTC 2025,Sat Nov 01 00:52:08 UTC 2025,2,1.06,1,N,100,68,1,11.4,1.0,0.5,3.43,0.0,1.0,20.58,2.5,0.0,0.75
2,Sat Nov 01 00:28:44 UTC 2025,Sat Nov 01 00:56:41 UTC 2025,1,6.01,1,N,125,151,1,33.1,1.0,0.5,0.0,0.0,1.0,38.85,2.5,0.0,0.75
2,Sat Nov 01 00:08:04 UTC 2025,Sat Nov 01 00:14:47 UTC 2025,1,0.77,1,N,107,107,1,7.9,1.0,0.5,2.73,0.0,1.0,16.38,2.5,0.0,0.75
1,Sat Nov 01 00:02:53 UTC 2025,Sat Nov 01 00:12:31 UTC 2025,2,1.0,1,N,113,164,1,9.3,4.25,0.5,3.75,0.0,1.0,18.8,2.5,0.0,0.75
1,Sat Nov 01 00:14:46 UTC 2025,Sat Nov 01 00:28:57 UTC 2025,1,1.0,1,N,164,137,1,12.8,4.25,0.5,4.65,0.0,1.0,23.2,2.5,0.0,0.75
1,Sat Nov 01 00:29:45 UTC 2025,Sat Nov 01 00:35:34 UTC 2025,1,1.2,1,N,233,141,3,7.2,4.25,0.5,0.0,0.0,1.0,12.95,2.5,0.0,0.75
1,Sat Nov 01 00:52:11 UTC 2025,Sat Nov 01 01:02:00 UTC 2025,2,1.8,1,N,163,141,1,10.7,4.25,0.5,3.3,0.0,1.0,19.75,2.5,0.0,0.75
1,Sat Nov 01 00:13:28 UTC 2025,Sat Nov 01 00:23:07 UTC 2025,1,0.7,1,N,161,230,1,9.3,4.25,0.5,1.0,0.0,1.0,16.05,2.5,0.0,0.75
1,Sat Nov 01 00:28:33 UTC 2025,Sat Nov 01 00:39:54 UTC 2025,1,1.8,1,N,161,263,1,12.1,4.25,0.5,3.55,0.0,1.0,21.4,2.5,0.0,0.75
1,Sat Nov 01 00:42:53 UTC 2025,Sat Nov 01 00:55:12 UTC 2025,1,2.2,1,N,263,142,1,12.8,3.5,0.5,2.0,0.0,1.0,19.8,2.5,0.0,0.0
2,Sat Nov 01 00:00:17 UTC 2025,Sat Nov 01 00:12:19 UTC 2025,1,2.68,1,N,163,263,1,14.9,1.0,0.5,4.13,0.0,1.0,24.78,2.5,0.0,0.75
2,Sat Nov 01 00:13:18 UTC 2025,Sat Nov 01 00:15:43 UTC 2025,1,0.56,1,N,263,141,1,5.1,1.0,0.5,1.52,0.0,1.0,11.62,2.5,0.0,0.0
2,Sat Nov 01 00:38:49 UTC 2025,Sat Nov 01 01:01:29 UTC 2025,1,5.16,1,N,263,83,2,26.1,1.0,0.5,0.0,0.0,1.0,31.85,2.5,0.0,0.75
1,Sat Nov 01 00:33:34 UTC 2025,Sat Nov 01 01:08:24 UTC 2025,2,2.6,1,N,113,246,1,27.5,4.25,0.5,6.65,0.0,1.0,39.9,2.5,0.0,0.75
2,Sat Nov 01 00:13:27 UTC 2025,Sat Nov 01 00:19:27 UTC 2025,1,0.8,1,N,211,114,1,7.9,1.0,0.5,2.0,0.0,1.0,15.65,2.5,0.0,0.75
2,Sat Nov 01 00:20:43 UTC 2025,Sat Nov 01 00:35:51 UTC 2025,1,1.9,1,N,144,158,1,14.9,1.0,0.5,4.13,0.0,1.0,24.78,2.5,0.0,0.75
2,Sat Nov 01 00:37:17 UTC 2025,Sat Nov 01 00:56:01 UTC 2025,1,3.82,1,N,158,87,1,21.2,1.0,0.5,1.5,0.0,1.0,28.45,2.5,0.0,0.75
2,Sat Nov 01 00:59:20 UTC 2025,Sat Nov 01 01:24:36 UTC 2025,1,4.34,1,N,87,107,1,26.8,1.0,0.5,8.14,0.0,1.0,40.69,2.5,0.0,0.75
1,Sat Nov 01 00:39:25 UTC 2025,Sat Nov 01 00:55:19 UTC 2025,1,2.0,1,N,114,137,1,15.6,4.25,0.5,4.25,0.0,1.0,25.6,2.5,0.0,0.75
2,Sat Nov 01 00:50:41 UTC 2025,Sat Nov 01 00:50:45 UTC 2025,2,0.0,5,N,265,265,1,80.0,0.0,0.0,15.0,0.0,1.0,96.0,0.0,0.0,0.0
2,Sat Nov 01 00:24:18 UTC 2025,Sat Nov 01 00:56:56 UTC 2025,1,3.5,1,N,230,144,2,26.8,1.0,0.5,0.0,0.0,1.0,32.55,2.5,0.0,0.75
2,Sat Nov 01 00:58:46 UTC 2025,Sat Nov 01 01:18:28 UTC 2025,1,7.45,1,N,148,160,1,31.7,1.0,0.5,3.0,0.0,1.0,40.45,2.5,0.0,0.75
2,Sat Nov 01 00:00:14 UTC 2025,Sat Nov 01 01:00:47 UTC 2025,1,6.03,1,N,48,256,1,51.3,1.0,0.5,11.41,0.0,1.0,68.46,2.5,0.0,0.75
1,Sat Nov 01 00:27:54 UTC 2025,Sat Nov 01 00:34:32 UTC 2025,1,1.3,1,N,24,152,3,7.9,1.0,0.5,0.0,0.0,1.0,10.4,0.0,0.0,0.0
2,Sat Nov 01 00:23:40 UTC 2025,Sat Nov 01 00:24:45 UTC 2025,1,0.43,1,N,236,236,1,4.4,1.0,0.5,2.35,0.0,1.0,11.75,2.5,0.0,0.0
2,Sat Nov 01 00:28:17 UTC 2025,Sat Nov 01 00:34:58 UTC 2025,1,1.15,1,N,236,263,1,8.6,1.0,0.5,2.72,0.0,1.0,16.32,2.5,0.0,0.0
2,Sat Nov 01 00:37:58 UTC 2025,Sat Nov 01 00:47:05 UTC 2025,1,1.99,1,N,263,238,1,12.1,1.0,0.5,2.0,0.0,1.0,19.1,2.5,0.0,0.0
1,Sat Nov 01 00:01:05 UTC 2025,Sat Nov 01 00:07:46 UTC 2025,1,2.3,1,N,237,24,1,11.4,3.5,0.5,3.3,0.0,1.0,19.7,2.5,0.0,0.0
1,Sat Nov 01 00:14:01 UTC 2025,Sat Nov 01 00:18:59 UTC 2025,1,0.8,1,N,238,239,1,6.5,3.5,0.5,2.3,0.0,1.0,13.8,2.5,0.0,0.0
1,Sat Nov 01 00:26:44 UTC 2025,Sat Nov 01 00:37:43 UTC 2025,1,2.1,1,N,142,262,1,12.1,3.5,0.5,3.4,0.0,1.0,20.5,2.5,0.0,0.0
1,Sat Nov 01 00:42:30 UTC 2025,Sat Nov 01 00:55:12 UTC 2025,1,4.0,1,N,263,226,2,17.7,4.25,0.5,0.0,0.0,1.0,23.45,2.5,0.0,0.75
2,Sat Nov 01 00:49:39 UTC 2025,Sat Nov 01 00:57:54 UTC 2025,2,1.53,1,N,239,143,1,10.7,1.0,0.5,1.5,0.0,1.0,17.95,2.5,0.0,0.75
2,Sat Nov 01 00:07:58 UTC 2025,Sat Nov 01 00:17:13 UTC 2025,1,1.2,1,N,144,231,1,10.0,1.0,0.5,3.15,0.0,1.0,18.9,2.5,0.0,0.75
2,Sat Nov 01 00:52:55 UTC 2025,Sat Nov 01 01:12:52 UTC 2025,1,2.66,1,N,113,229,1,19.8,1.0,0.5,5.11,0.0,1.0,30.66,2.5,0.0,0.75
7,Sat Nov 01 00:02:33 UTC 2025,Sat Nov 01 00:02:33 UTC 2025,1,0.75,1,N,113,107,1,12.1,0.0,0.5,3.57,0.0,1.0,21.42,2.5,0.0,0.75
7,Sat Nov 01 00:34:38 UTC 2025,Sat Nov 01 00:34:38 UTC 2025,1,4.28,1,N,107,88,1,30.3,0.0,0.5,0.0,0.0,1.0,36.05,2.5,0.0,0.75
2,Sat Nov 01 00:25:09 UTC 2025,Sat Nov 01 00:28:19 UTC 2025,1,0.67,1,N,263,262,1,5.8,1.0,0.5,2.7,0.0,1.0,13.5,2.5,0.0,0.0
1,Sat Nov 01 00:06:48 UTC 2025,Sat Nov 01 00:22:23 UTC 2025,1,1.5,1,N,148,79,1,13.5,4.25,0.5,3.85,0.0,1.0,23.1,2.5,0.0,0.75
2,Sat Nov 01 00:10:22 UTC 2025,Sat Nov 01 00:19:38 UTC 2025,1,1.73,1,N,41,238,1,11.4,1.0,0.5,3.28,0.0,1.0,19.68,2.5,0.0,0.0
2,Sat Nov 01 00:59:16 UTC 2025,Sat Nov 01 01:08:14 UTC 2025,1,1.44,1,N,163,140,1,10.0,1.0,0.5,2.36,0.0,1.0,18.11,2.5,0.0,0.75
2,Sat Nov 01 00:30:49 UTC 2025,Sat Nov 01 00:35:02 UTC 2025,1,0.49,1,N,107,137,1,5.8,1.0,0.5,1.0,0.0,1.0,12.55,2.5,0.0,0.75
2,Sat Nov 01 00:39:15 UTC 2025,Sat Nov 01 00:57:23 UTC 2025,4,1.48,1,N,137,68,1,16.3,1.0,0.5,1.0,0.0,1.0,23.05,2.5,0.0,0.75
1,Sat Nov 01 00:04:02 UTC 2025,Sat Nov 01 00:12:47 UTC 2025,1,1.1,1,N,166,41,2,8.6,1.0,0.5,0.0,0.0,1.0,11.1,0.0,0.0,0.0
1,Sat Nov 01 00:25:42 UTC 2025,Sat Nov 01 00:35:43 UTC 2025,2,1.8,1,N,239,140,1,10.7,3.5,0.5,3.15,0.0,1.0,18.85,2.5,0.0,0.0
1,Sat Nov 01 00:40:07 UTC 2025,Sat Nov 01 00:49:49 UTC 2025,3,0.7,1,N,140,237,1,9.3,3.5,0.5,0.01,0.0,1.0,14.31,2.5,0.0,0.0
1,Sat Nov 01 00:51:46 UTC 2025,Sat Nov 01 01:13:47 UTC 2025,2,2.8,1,N,237,107,1,19.8,4.25,0.5,5.1,0.0,1.0,30.65,2.5,0.0,0.75
2,Sat Nov 01 00:50:11 UTC 2025,Sat Nov 01 01:18:38 UTC 2025,2,2.94,1,N,100,239,1,26.1,1.0,0.5,6.37,0.0,1.0,38.22,2.5,0.0,0.75
1,Sat Nov 01 00:05:50 UTC 2025,Sat Nov 01 00:28:28 UTC 2025,1,4.7,1,N,48,42,1,23.3,4.25,0.5,5.8,0.0,1.0,34.85,2.5,0.0,0.75
1,Sat Nov 01 00:42:49 UTC 2025,Sat Nov 01 00:48:12 UTC 2025,1,0.9,1,N,263,236,1,6.5,3.5,0.5,2.3,0.0,1.0,13.8,2.5,0.0,0.0
2,Sat Nov 01 00:09:35 UTC 2025,Sat Nov 01 01:06:49 UTC 2025,2,6.12,1,N,238,114,1,50.6,1.0,0.5,0.0,0.0,1.0,56.35,2.5,0.0,0.75
2,Sat Nov 01 00:04:48 UTC 2025,Sat Nov 01 00:31:44 UTC 2025,1,9.37,1,N,138,232,2,42.9,6.0,0.5,0.0,0.0,1.0,55.4,2.5,1.75,0.75
2,Sat Nov 01 00:32:54 UTC 2025,Sat Nov 01 00:50:37 UTC 2025,1,1.93,1,N,232,137,1,16.3,1.0,0.5,0.0,0.0,1.0,22.05,2.5,0.0,0.75
2,Sat Nov 01 00:52:36 UTC 2025,Sat Nov 01 01:04:25 UTC 2025,2,2.72,1,N,137,263,2,14.9,1.0,0.5,0.0,0.0,1.0,20.65,2.5,0.0,0.75
1,Sat Nov 01 00:20:40 UTC 2025,Sat Nov 01 00:47:59 UTC 2025,1,4.6,1,N,246,263,1,27.5,4.25,0.5,6.65,0.0,1.0,39.9,2.5,0.0,0.75
1,Sat Nov 01 00:49:28 UTC 2025,Sat Nov 01 00:52:35 UTC 2025,1,0.6,1,N,263,141,1,5.1,3.5,0.5,1.82,0.0,1.0,11.92,2.5,0.0,0.0
2,Sat Nov 01 00:09:50 UTC 2025,Sat Nov 01 00:14:03 UTC 2025,1,1.04,1,N,263,141,1,7.2,1.0,0.5,2.44,0.0,1.0,14.64,2.5,0.0,0.0
2,Sat Nov 01 00:21:43 UTC 2025,Sat Nov 01 00:30:41 UTC 2025,2,1.93,1,N,237,75,1,10.7,1.0,0.5,3.0,0.0,1.0,18.7,2.5,0.0,0.0
2,Sat Nov 01 00:21:15 UTC 2025,Sat Nov 01 00:34:36 UTC 2025,1,0.76,1,N,233,107,1,12.1,1.0,0.5,3.57,0.0,1.0,21.42,2.5,0.0,0.75
2,Sat Nov 01 00:00:04 UTC 2025,Sat Nov 01 00:15:21 UTC 2025,1,3.12,1,N,262,48,1,17.7,1.0,0.5,4.69,0.0,1.0,28.14,2.5,0.0,0.75
2,Sat Nov 01 00:28:22 UTC 2025,Sat Nov 01 00:30:58 UTC 2025,1,0.45,1,N,48,68,1,5.1,1.0,0.5,2.17,0.0,1.0,13.02,2.5,0.0,0.75
2,Sat Nov 01 00:42:06 UTC 2025,Sat Nov 01 00:47:23 UTC 2025,1,0.7,1,N,246,186,1,7.2,1.0,0.5,1.0,0.0,1.0,13.95,2.5,0.0,0.75
2,Sat Nov 01 00:48:58 UTC 2025,Sat Nov 01 00:49:57 UTC 2025,1,0.15,1,N,100,164,1,3.7,1.0,0.5,0.0,0.0,1.0,9.45,2.5,0.0,0.75
2,Sat Nov 01 00:53:59 UTC 2025,Sat Nov 01 01:03:08 UTC 2025,1,0.43,1,N,234,113,1,9.3,1.0,0.5,3.01,0.0,1.0,18.06,2.5,0.0,0.75
1,Sat Nov 01 00:12:11 UTC 2025,Sat Nov 01 00:27:22 UTC 2025,2,3.3,1,N,239,116,1,17.7,3.5,0.5,5.65,0.0,1.0,28.35,2.5,0.0,0.0
1,Sat Nov 01 00:51:36 UTC 2025,Sat Nov 01 01:01:51 UTC 2025,1,0.9,1,N,107,79,1,10.0,4.25,0.5,3.15,0.0,1.0,18.9,2.5,0.0,0.75
2,Sat Nov 01 00:03:43 UTC 2025,Sat Nov 01 00:53:42 UTC 2025,1,18.81,2,N,132,231,1,70.0,0.0,0.5,14.95,0.0,1.0,91.45,2.5,1.75,0.75
