VendorID,tpep_pickup_datetime,tpep_dropoff_datetime,passenger_count,trip_distance,RatecodeID,store_and_fwd_flag,PULocationID,DOLocationID,payment_type,fare_amount,extra,mta_tax,tip_amount,tolls_amount,improvement_surcharge,total_amount,congestion_surcharge,Airport_fee,cbd_congestion_fee
1,Wed Oct 01 00:15:32 UTC 2025,Wed Oct 01 01:04:03 UTC 2025,1,17.2,2,N,132,107,1,70.0,5.0,0.5,0.0,6.94,1.0,83.44,2.5,1.75,0.75
7,Wed Oct 01 00:00:08 UTC 2025,Wed Oct 01 00:00:08 UTC 2025,1,5.0,1,N,107,225,1,28.2,0.0,0.5,8.49,0.0,1.0,42.44,2.5,0.0,0.75
2,Wed Oct 01 00:08:54 UTC 2025,Wed Oct 01 00:14:44 UTC 2025,1,2.75,1,N,263,229,1,12.8,1.0,0.5,3.71,0.0,1.0,22.26,2.5,0.0,0.75
1,Wed Oct 01 00:58:48 UTC 2025,Wed Oct 01 01:04:40 UTC 2025,1,1.3,1,N,211,231,2,7.9,4.25,0.5,0.0,0.0,1.0,13.65,2.5,0.0,0.75
2,Wed Oct 01 00:39:51 UTC 2025,Wed Oct 01 00:49:40 UTC 2025,1,2.88,1,N,230,151,1,14.2,1.0,0.5,3.99,0.0,1.0,23.94,2.5,0.0,0.75
1,Wed Oct 01 00:30:54 UTC 2025,Wed Oct 01 00:37:50 UTC 2025,1,1.6,1,N,237,142,2,9.3,3.5,0.5,0.0,0.0,1.0,14.3,2.5,0.0,0.0
2,Wed Oct 01 00:10:12 UTC 2025,Wed Oct 01 00:17:29 UTC 2025,1,2.81,1,N,142,166,1,12.8,1.0,0.5,3.56,0.0,1.0,21.36,2.5,0.0,0.0
2,Wed Oct 01 00:48:19 UTC 2025,Wed Oct 01 01:01:02 UTC 2025,1,2.17,1,N,230,246,1,13.5,1.0,0.5,0.0,0.0,1.0,19.25,2.5,0.0,0.75
2,Wed Oct 01 00:08:44 UTC 2025,Wed Oct 01 00:24:17 UTC 2025,1,3.71,1,N,140,7,1,19.1,1.0,0.5,6.21,0.0,1.0,31.06,2.5,0.0,0.75
2,Wed Oct 01 00:25:23 UTC 2025,Wed Oct 01 00:33:02 UTC 2025,1,1.2,1,N,234,249,2,8.6,1.0,0.5,0.0,0.0,1.0,14.35,2.5,0.0,0.75
1,Wed Oct 01 00:25:43 UTC 2025,Wed Oct 01 00:42:51 UTC 2025,1,3.1,1,N,231,230,2,18.4,4.25,0.5,0.0,0.0,1.0,24.15,2.5,0.0,0.75
2,Wed Oct 01 00:50:07 UTC 2025,Wed Oct 01 00:56:14 UTC 2025,2,0.69,1,N,33,65,2,7.2,1.0,0.5,0.0,0.0,1.0,9.7,0.0,0.0,0.0
2,Wed Oct 01 00:08:03 UTC 2025,Wed Oct 01 00:18:53 UTC 2025,1,1.1,1,N,100,229,2,10.0,1.0,0.5,0.0,0.0,1.0,15.75,2.5,0.0,0.75
2,Wed Oct 01 00:44:12 UTC 2025,Wed Oct 01 00:57:02 UTC 2025,1,1.41,1,N,164,246,1,12.8,1.0,0.5,3.71,0.0,1.0,22.26,2.5,0.0,0.75
1,Wed Oct 01 00:58:59 UTC 2025,Wed Oct 01 01:02:25 UTC 2025,1,1.8,1,N,137,232,1,9.3,4.25,0.5,3.75,0.0,1.0,18.8,2.5,0.0,0.75
2,Wed Oct 01 00:37:37 UTC 2025,Wed Oct 01 00:51:58 UTC 2025,1,3.06,1,N,140,238,1,17.0,1.0,0.5,4.4,0.0,1.0,26.4,2.5,0.0,0.0
2,Wed Oct 01 00:00:59 UTC 2025,Wed Oct 01 00:09:31 UTC 2025,1,1.63,1,N,164,79,1,10.7,1.0,0.5,3.29,0.0,1.0,19.74,2.5,0.0,0.75
2,Wed Oct 01 00:11:47 UTC 2025,Wed Oct 01 00:21:15 UTC 2025,1,1.79,1,N,43,186,1,10.7,1.0,0.5,3.29,0.0,1.0,19.74,2.5,0.0,0.75
2,Wed Oct 01 00:26:14 UTC 2025,Wed Oct 01 00:35:18 UTC 2025,1,1.68,1,N,90,211,1,10.7,1.0,0.5,3.29,0.0,1.0,19.74,2.5,0.0,0.75
2,Wed Oct 01 00:38:48 UTC 2025,Wed Oct 01 00:47:57 UTC 2025,1,1.82,1,N,114,100,1,11.4,1.0,0.5,3.0,0.0,1.0,20.15,2.5,0.0,0.75
1,Wed Oct 01 00:05:04 UTC 2025,Wed Oct 01 00:09:26 UTC 2025,1,0.7,1,N,163,162,1,5.8,4.25,0.5,2.3,0.0,1.0,13.85,2.5,0.0,0.75
1,Wed Oct 01 00:19:50 UTC 2025,Wed Oct 01 00:28:44 UTC 2025,1,1.8,1,N,162,142,1,10.7,4.25,0.5,4.1,0.0,1.0,20.55,2.5,0.0,0.75
2,Wed Oct 01 00:30:39 UTC 2025,Wed Oct 01 00:38:55 UTC 2025,1,0.98,1,N,246,230,1,9.3,1.0,0.5,3.01,0.0,1.0,18.06,2.5,0.0,0.75
2,Wed Oct 01 00:46:17 UTC 2025,Wed Oct 01 00:51:09 UTC 2025,1,0.66,1,N,230,48,1,6.5,1.0,0.5,3.67,0.0,1.0,15.92,2.5,0.0,0.75
2,Wed Oct 01 00:33:56 UTC 2025,Wed Oct 01 00:51:02 UTC 2025,1,4.23,1,N,161,226,2,20.5,1.0,0.5,0.0,0.0,1.0,26.25,2.5,0.0,0.75
2,Wed Oct 01 00:35:05 UTC 2025,Wed Oct 01 00:43:07 UTC 2025,1,1.7,1,N,239,141,1,10.7,1.0,0.5,3.14,0.0,1.0,18.84,2.5,0.0,0.0
2,Wed Oct 01 00:23:57 UTC 2025,Wed Oct 01 00:28:26 UTC 2025,1,0.86,1,N,107,164,1,6.5,1.0,0.5,1.0,0.0,1.0,13.25,2.5,0.0,0.75
2,Wed Oct 01 00:34:58 UTC 2025,Wed Oct 01 00:40:32 UTC 2025,1,0.94,1,N,164,100,1,7.2,1.0,0.5,1.0,0.0,1.0,13.95,2.5,0.0,0.75
2,Wed Oct 01 00:16:21 UTC 2025,Wed Oct 01 00:28:29 UTC 2025,1,2.27,1,N,161,246,1,13.5,1.0,0.5,3.85,0.0,1.0,23.1,2.5,0.0,0.75
2,Wed Oct 01 00:22:14 UTC 2025,Wed Oct 01 00:25:16 UTC 2025,1,1.01,1,N,229,137,1,6.5,1.0,0.5,1.0,0.0,1.0,13.25,2.5,0.0,0.75
2,Wed Oct 01 00:06:34 UTC 2025,Wed Oct 01 00:14:29 UTC 2025,1,1.52,1,N,74,24,1,10.7,1.0,0.5,0.01,0.0,1.0,13.21,0.0,0.0,0.0
2,Wed Oct 01 00:41:04 UTC 2025,Wed Oct 01 00:50:50 UTC 2025,1,2.78,1,N,230,262,1,14.2,1.0,0.5,0.0,0.0,1.0,19.95,2.5,0.0,0.75
1,Wed Oct 01 00:38:07 UTC 2025,Wed Oct 01 01:23:02 UTC 2025,2,19.5,2,N,132,239,1,70.0,5.0,0.5,15.3,0.0,1.0,91.8,2.5,1.75,0.75
2,Wed Oct 01 00:26:07 UTC 2025,Wed Oct 01 00:45:41 UTC 2025,1,8.33,1,N,239,87,1,35.2,1.0,0.5,12.29,0.0,1.0,53.24,2.5,0.0,0.75
2,Wed Oct 01 00:24:05 UTC 2025,Wed Oct 01 00:28:57 UTC 2025,1,1.2,1,N,79,170,1,7.9,1.0,0.5,2.88,0.0,1.0,16.53,2.5,0.0,0.75
2,Wed Oct 01 00:35:17 UTC 2025,Wed Oct 01 00:47:05 UTC 2025,1,1.96,1,N,113,232,1,12.8,1.0,0.5,3.71,0.0,1.0,22.26,2.5,0.0,0.75
2,Wed Oct 01 00:40:43 UTC 2025,Wed Oct 01 00:44:13 UTC 2025,1,0.8,1,N,170,237,1,6.5,1.0,0.5,1.0,0.0,1.0,13.25,2.5,0.0,0.75
2,Wed Oct 01 00:55:58 UTC 2025,Wed Oct 01 01:34:01 UTC 2025,1,20.29,2,N,132,151,1,70.0,0.0,0.5,10.0,6.94,1.0,90.19,0.0,1.75,0.0
1,Wed Oct 01 00:20:23 UTC 2025,Wed Oct 01 00:35:42 UTC 2025,1,4.6,1,N,164,33,1,19.8,4.25,0.5,5.1,0.0,1.0,30.65,2.5,0.0,0.75
1,Wed Oct 01 00:03:44 UTC 2025,Wed Oct 01 00:13:21 UTC 2025,2,1.2,1,N,211,249,1,10.0,4.25,0.5,0.02,0.0,1.0,15.77,2.5,0.0,0.75
2,Wed Oct 01 00:31:06 UTC 2025,Wed Oct 01 00:36:03 UTC 2025,2,1.05,1,N,237,236,1,7.9,1.0,0.5,2.58,0.0,1.0,15.48,2.5,0.0,0.0
2,Wed Oct 01 00:40:41 UTC 2025,Wed Oct 01 00:47:14 UTC 2025,1,1.08,1,N,249,231,1,8.6,1.0,0.5,1.0,0.0,1.0,15.35,2.5,0.0,0.75
2,Wed Oct 01 00:26:33 UTC 2025,Wed Oct 01 00:42:52 UTC 2025,1,3.08,1,N,229,239,1,18.4,1.0,0.5,4.83,0.0,1.0,28.98,2.5,0.0,0.75
2,Wed Oct 01 00:57:59 UTC 2025,Wed Oct 01 01:02:44 UTC 2025,1,1.17,1,N,229,141,1,7.2,1.0,0.5,1.0,0.0,1.0,13.95,2.5,0.0,0.75
2,Wed Oct 01 00:02:17 UTC 2025,Wed Oct 01 00:07:09 UTC 2025,1,0.95,1,N,142,239,1,7.9,1.0,0.5,2.0,0.0,1.0,15.65,2.5,0.0,0.75
1,Wed Oct 01 00:21:59 UTC 2025,Wed Oct 01 00:38:48 UTC 2025,1,3.5,1,N,107,143,1,17.7,4.25,0.5,4.7,0.0,1.0,28.15,2.5,0.0,0.75
2,Wed Oct 01 00:13:34 UTC 2025,Wed Oct 01 00:23:59 UTC 2025,1,2.36,1,N,79,256,1,14.2,1.0,0.5,4.99,0.0,1.0,24.94,2.5,0.0,0.75
1,Wed Oct 01 00:10:56 UTC 2025,Wed Oct 01 00:24:44 UTC 2025,1,2.2,1,N,237,229,1,14.2,4.25,0.5,4.0,0.0,1.0,23.95,2.5,0.0,0.75
1,Wed Oct 01 00:22:22 UTC 2025,Wed Oct 01 00:30:08 UTC 2025,1,1.4,1,N,100,162,1,9.3,4.25,0.5,1.0,0.0,1.0,16.05,2.5,0.0,0.75
1,Wed Oct 01 00:25:21 UTC 2025,Wed Oct 01 00:41:21 UTC 2025,1,3.5,1,N,237,151,1,19.8,4.25,0.5,2.0,0.0,1.0,27.55,2.5,0.0,0.75
2,Wed Oct 01 00:05:13 UTC 2025,Wed Oct 01 00:10:26 UTC 2025,1,1.32,1,N,140,229,1,8.6,1.0,0.5,2.15,0.0,1.0,16.5,2.5,0.0,0.75
2,Wed Oct 01 00:25:37 UTC 2025,Wed Oct 01 00:33:34 UTC 2025,1,1.96,1,N,113,170,1,10.7,1.0,0.5,3.29,0.0,1.0,19.74,2.5,0.0,0.75
2,Wed Oct 01 00:19:50 UTC 2025,Wed Oct 01 00:28:07 UTC 2025,1,1.4,1,N,249,114,1,10.0,1.0,0.5,3.15,0.0,1.0,18.9,2.5,0.0,0.75
2,Wed Oct 01 00:41:44 UTC 2025,Wed Oct 01 00:49:24 UTC 2025,4,1.21,1,N,158,211,1,9.3,1.0,0.5,3.01,0.0,1.0,18.06,2.5,0.0,0.75
1,Wed Oct 01 00:15:54 UTC 2025,Wed Oct 01 00:21:46 UTC 2025,2,1.5,1,N,236,75,1,8.6,3.5,0.5,2.7,0.0,1.0,16.3,2.5,0.0,0.0
1,Wed Oct 01 00:41:11 UTC 2025,Wed Oct 01 00:58:11 UTC 2025,1,5.3,1,N,237,148,1,24.0,4.25,0.5,5.95,0.0,1.0,35.7,2.5,0.0,0.75
1,Wed Oct 01 00:04:42 UTC 2025,Wed Oct 01 00:18:54 UTC 2025,1,1.1,1,N,68,100,1,12.8,4.25,0.5,3.7,0.0,1.0,22.25,2.5,0.0,0.75
1,Wed Oct 01 00:23:49 UTC 2025,Wed Oct 01 00:34:36 UTC 2025,1,1.7,1,N,48,229,1,10.7,4.25,0.5,4.1,0.0,1.0,20.55,2.5,0.0,0.75
2,Wed Oct 01 00:36:52 UTC 2025,Wed Oct 01 00:48:23 UTC 2025,1,2.81,1,N,79,256,1,15.6,1.0,0.5,5.34,0.0,1.0,26.69,2.5,0.0,0.75
2,Wed Oct 01 00:38:04 UTC 2025,Wed Oct 01 01:12:48 UTC 2025,1,16.8,1,N,132,165,1,63.9,1.0,0.5,13.28,0.0,1.0,81.43,0.0,1.75,0.0
2,Wed Oct 01 00:01:59 UTC 2025,Wed Oct 01 00:04:57 UTC 2025,1,0.77,1,N,164,234,1,5.8,1.0,0.5,1.16,0.0,1.0,12.71,2.5,0.0,0.75
2,Wed Oct 01 00:08:26 UTC 2025,Wed Oct 01 00:15:26 UTC 2025,1,1.3,1,N,90,100,1,9.3,1.0,0.5,1.5,0.0,1.0,16.55,2.5,0.0,0.75
2,Wed Oct 01 00:27:14 UTC 2025,Wed Oct 01 00:31:17 UTC 2025,1,0.62,1,N,211,144,1,5.8,1.0,0.5,2.31,0.0,1.0,13.86,2.5,0.0,0.75
2,Wed Oct 01 00:33:35 UTC 2025,Wed Oct 01 00:52:25 UTC 2025,1,4.89,1,N,144,262,1,23.3,1.0,0.5,5.81,0.0,1.0,34.86,2.5,0.0,0.75
1,Wed Oct 01 00:26:19 UTC 2025,Wed Oct 01 00:37:29 UTC 2025,1,1.7,1,N,162,186,2,11.4,4.25,0.5,0.0,0.0,1.0,17.15,2.5,0.0,0.75
2,Wed Oct 01 00:46:22 UTC 2025,Wed Oct 01 01:11:22 UTC 2025,1,8.26,1,N,186,257,1,35.2,1.0,0.5,9.58,6.94,1.0,57.47,2.5,0.0,0.75
2,Wed Oct 01 00:28:00 UTC 2025,Wed Oct 01 00:33:19 UTC 2025,1,1.41,1,N,48,100,2,8.6,1.0,0.5,0.0,0.0,1.0,14.35,2.5,0.0,0.75
2,Wed Oct 01 00:43:29 UTC 2025,Wed Oct 01 01:11:03 UTC 2025,1,5.33,1,N,114,37,1,30.3,1.0,0.5,9.01,0.0,1.0,45.06,2.5,0.0,0.75
1,Wed Oct 01 00:23:15 UTC 2025,Wed Oct 01 00:33:40 UTC 2025,1,2.7,1,N,79,255,1,14.2,4.25,0.5,4.0,0.0,1.0,23.95,2.5,0.0,0.75
2,Wed Oct 01 00:00:19 UTC 2025,Wed Oct 01 00:09:11 UTC 2025,1,2.29,1,N,230,238,1,12.1,1.0,0.5,4.46,0.0,1.0,22.31,2.5,0.0,0.75
2,Wed Oct 01 00:25:10 UTC 2025,Wed Oct 01 00:31:23 UTC 2025,2,1.46,1,N,141,233,1,8.6,1.0,0.5,2.87,0.0,1.0,17.22,2.5,0.0,0.75
2,Wed Oct 01 00:38:13 UTC 2025,Wed Oct 01 00:48:25 UTC 2025,1,1.86,1,N,68,13,1,12.8,1.0,0.5,2.78,0.0,1.0,21.33,2.5,0.0,0.75
1,Wed Oct 01 00:43:31 UTC 2025,Wed Oct 01 00:51:32 UTC 2025,1,3.4,1,N,229,232,1,14.9,4.25,0.5,5.15,0.0,1.0,25.8,2.5,0.0,0.75
1,Wed Oct 01 00:30:12 UTC 2025,Wed Oct 01 00:45:18 UTC 2025,1,3.3,1,N,246,261,1,15.6,4.25,0.5,3.5,0.0,1.0,24.85,2.5,0.0,0.75
2,Wed Oct 01 00:09:59 UTC 2025,Wed Oct 01 00:32:24 UTC 2025,1,4.17,1,N,230,112,1,24.7,1.0,0.5,6.09,0.0,1.0,36.54,2.5,0.0,0.75
2,Wed Oct 01 00:49:47 UTC 2025,Wed Oct 01 00:58:09 UTC 2025,1,2.29,1,N,142,246,4,-12.1,-1.0,-0.5,0.0,0.0,-1.0,-17.85,-2.5,0.0,-0.75
2,Wed Oct 01 00:49:47 UTC 2025,Wed Oct 01 00:58:09 UTC 2025,1,2.29,1,N,142,246,4,12.1,1.0,0.5,0.0,0.0,1.0,17.85,2.5,0.0,0.75
2,Wed Oct 01 00:57:16 UTC 2025,Wed Oct 01 01:01:44 UTC 2025,1,1.35,1,N,141,263,1,7.9,1.0,0.5,2.73,0.0,1.0,16.38,2.5,0.0,0.75
2,Wed Oct 01 00:13:26 UTC 2025,Wed Oct 01 00:21:25 UTC 2025,1,0.9,1,N,79,113,1,8.6,1.0,0.5,0.0,0.0,1.0,14.35,2.5,0.0,0.75
2,Wed Oct 01 00:23:52 UTC 2025,Wed Oct 01 00:31:58 UTC 2025,1,1.26,1,N,114,158,2,9.3,1.0,0.5,0.0,0.0,1.0,15.05,2.5,0.0,0.75
2,Wed Oct 01 00:37:43 UTC 2025,Wed Oct 01 00:45:07 UTC 2025,1,1.18,1,N,249,231,1,7.9,1.0,0.5,2.73,0.0,1.0,16.38,2.5,0.0,0.75
2,Wed Oct 01 00:21:34 UTC 2025,Wed Oct 01 00:35:00 UTC 2025,1,4.73,1,N,142,4,1,21.2,1.0,0.5,5.0,0.0,1.0,31.95,2.5,0.0,0.75
2,Wed Oct 01 00:17:24 UTC 2025,Wed Oct 01 00:24:40 UTC 2025,1,1.81,1,N,161,90,1,10.7,1.0,0.5,3.29,0.0,1.0,19.74,2.5,0.0,0.75
2,Wed Oct 01 00:53:01 UTC 2025,Wed Oct 01 01:01:11 UTC 2025,1,2.43,1,N,125,246,2,12.1,1.0,0.5,0.0,0.0,1.0,17.85,2.5,0.0,0.75
2,Wed Oct 01 00:09:17 UTC 2025,Wed Oct 01 00:28:40 UTC 2025,1,11.87,1,N,262,95,1,45.0,1.0,0.5,5.0,6.94,1.0,61.94,2.5,0.0,0.0
1,Wed Oct 01 00:01:16 UTC 2025,Wed Oct 01 00:05:30 UTC 2025,1,0.9,1,N,249,90,4,6.5,4.25,0.5,0.0,0.0,1.0,12.25,2.5,0.0,0.75
2,Wed Oct 01 00:52:55 UTC 2025,Wed Oct 01 01:06:25 UTC 2025,1,4.14,1,N,132,10,2,20.5,1.0,0.5,0.0,0.0,1.0,24.75,0.0,1.75,0.0
2,Wed Oct 01 00:19:10 UTC 2025,Wed Oct 01 00:27:22 UTC 2025,1,1.63,1,N,170,107,1,10.7,1.0,0.5,3.29,0.0,1.0,19.74,2.5,0.0,0.75
2,Wed Oct 01 00:17:10 UTC 2025,Wed Oct 01 00:34:30 UTC 2025,2,4.27,1,N,79,230,1,20.5,1.0,0.5,5.25,0.0,1.0,31.5,2.5,0.0,0.75
2,Wed Oct 01 00:38:54 UTC 2025,Wed Oct 01 00:41:23 UTC 2025,1,0.45,1,N,100,186,1,5.1,1.0,0.5,1.5,0.0,1.0,12.35,2.5,0.0,0.75
2,Wed Oct 01 00:11:45 UTC 2025,Wed Oct 01 00:19:12 UTC 2025,1,1.58,1,N,236,229,1,10.7,1.0,0.5,2.0,0.0,1.0,18.45,2.5,0.0,0.75
2,Wed Oct 01 00:34:01 UTC 2025,Wed Oct 01 00:54:32 UTC 2025,1,8.54,1,N,229,97,1,35.2,1.0,0.5,6.14,0.0,1.0,47.09,2.5,0.0,0.75
2,Wed Oct 01 00:43:02 UTC 2025,Wed Oct 01 00:50:13 UTC 2025,1,1.18,1,N,48,161,1,8.6,1.0,0.5,2.87,0.0,1.0,17.22,2.5,0.0,0.75
2,Wed Oct 01 00:40:22 UTC 2025,Wed Oct 01 00:51:12 UTC 2025,1,1.75,1,N,231,261,1,12.1,1.0,0.5,3.57,0.0,1.0,21.42,2.5,0.0,0.75
2,Wed Oct 01 00:00:10 UTC 2025,Wed Oct 01 00:11:07 UTC 2025,2,2.26,1,N,237,68,1,12.8,1.0,0.5,3.71,0.0,1.0,22.26,2.5,0.0,0.75
1,Wed Oct 01 00:05:24 UTC 2025,Wed Oct 01 00:10:07 UTC 2025,1,0.9,1,N,161,48,1,6.5,4.25,0.5,3.7,0.0,1.0,15.95,2.5,0.0,0.75
2,Wed Oct 01 00:09:28 UTC 2025,Wed Oct 01 00:13:42 UTC 2025,1,0.7,1,N,107,164,1,6.5,1.0,0.5,2.0,0.0,1.0,14.25,2.5,0.0,0.75
1,Wed Oct 01 00:54:34 UTC 2025,Wed Oct 01 01:08:15 UTC 2025,1,3.5,1,N,164,145,1,17.0,4.25,0.5,4.55,0.0,1.0,27.3,2.5,0.0,0.75
2,Wed Oct 01 00:10:21 UTC 2025,Wed Oct 01 00:25:34 UTC 2025,5,3.86,1,N,142,211,1,18.4,1.0,0.5,4.83,0.0,1.0,28.98,2.5,0.0,0.75
2,Wed Oct 01 00:04:02 UTC 2025,Wed Oct 01 00:15:29 UTC 2025,1,2.98,1,N,161,79,1,15.6,1.0,0.5,4.27,0.0,1.0,25.62,2.5,0.0,0.75
2,Wed Oct 01 00:26:28 UTC 2025,Wed Oct 01 00:35:30 UTC 2025,1,1.92,1,N,230,107,1,11.4,1.0,0.5,3.43,0.0,1.0,20.58,2.5,0.0,0.75
2,Wed Oct 01 00:16:19 UTC 2025,Wed Oct 01 00:21:39 UTC 2025,1,1.47,1,N,236,239,1,8.6,1.0,0.5,3.4,0.0,1.0,17.0,2.5,0.0,0.0
2,Wed Oct 01 00:37:55 UTC 2025,Wed Oct 01 00:45:45 UTC 2025,1,2.08,1,N,79,68,1,11.4,1.0,0.5,3.43,0.0,1.0,20.58,2.5,0.0,0.75
2,Wed Oct 01 00:20:13 UTC 2025,Wed Oct 01 00:31:06 UTC 2025,1,3.51,1,N,142,79,1,16.3,1.0,0.5,0.0,0.0,1.0,22.05,2.5,0.0,0.75
2,Wed Oct 01 00:59:24 UTC 2025,Wed Oct 01 01:14:04 UTC 2025,1,2.87,1,N,114,48,1,17.0,1.0,0.5,4.55,0.0,1.0,27.3,2.5,0.0,0.75
1,Wed Oct 01 00:06:22 UTC 2025,Wed Oct 01 00:15:51 UTC 2025,1,1.1,1,N,48,48,1,10.0,4.25,0.5,4.7,0.0,1.0,20.45,2.5,0.0,0.75
1,Wed Oct 01 00:33:23 UTC 2025,Wed Oct 01 00:51:31 UTC 2025,1,2.4,1,N,142,233,1,17.7,4.25,0.5,4.65,0.0,1.0,28.1,2.5,0.0,0.75
2,Wed Oct 01 00:34:38 UTC 2025,Wed Oct 01 00:41:42 UTC 2025,1,0.8,1,N,249,158,1,7.9,1.0,0.5,4.09,0.0,1.0,17.74,2.5,0.0,0.75
1,Wed Oct 01 00:19:31 UTC 2025,Wed Oct 01 00:49:31 UTC 2025,1,10.9,1,N,132,173,2,44.3,2.75,0.5,0.0,0.0,1.0,48.55,0.0,1.75,0.0
1,Wed Oct 01 00:44:59 UTC 2025,Wed Oct 01 00:57:44 UTC 2025,1,2.4,1,N,249,87,1,14.2,4.25,0.5,4.95,0.0,1.0,24.9,2.5,0.0,0.75
1,Wed Oct 01 00:24:25 UTC 2025,Wed Oct 01 00:32:10 UTC 2025,1,1.0,1,N,79,90,1,7.9,4.25,0.5,2.75,0.0,1.0,16.4,2.5,0.0,0.75
1,Wed Oct 01 00:14:38 UTC 2025,Wed Oct 01 00:30:32 UTC 2025,1,3.0,1,N,114,48,1,15.6,4.25,0.5,5.35,0.0,1.0,26.7,2.5,0.0,0.75
1,Wed Oct 01 00:51:13 UTC 2025,Wed Oct 01 00:56:51 UTC 2025,1,0.8,1,N,48,161,1,7.2,4.25,0.5,2.6,0.0,1.0,15.55,2.5,0.0,0.75
2,Wed Oct 01 00:13:59 UTC 2025,Wed Oct 01 00:42:53 UTC 2025,1,2.65,1,N,237,7,1,24.7,1.0,0.5,7.61,0.0,1.0,38.06,2.5,0.0,0.75
2,Wed Oct 01 00:22:54 UTC 2025,Wed Oct 01 00:25:48 UTC 2025,1,0.41,1,N,79,113,1,5.1,1.0,0.5,0.0,0.0,1.0,10.85,2.5,0.0,0.75
2,Wed Oct 01 00:44:26 UTC 2025,Wed Oct 01 00:57:01 UTC 2025,1,1.23,1,N,230,100,1,12.1,1.0,0.5,4.46,0.0,1.0,22.31,2.5,0.0,0.75
2,Wed Oct 01 00:57:50 UTC 2025,Wed Oct 01 01:07:55 UTC 2025,1,3.28,1,N,125,48,1,14.9,1.0,0.5,0.0,0.0,1.0,20.65,2.5,0.0,0.75
2,Wed Oct 01 00:05:12 UTC 2025,Wed Oct 01 00:14:32 UTC 2025,1,1.69,1,N,107,163,1,11.4,1.0,0.5,4.29,0.0,1.0,21.44,2.5,0.0,0.75
2,Wed Oct 01 00:17:00 UTC 2025,Wed Oct 01 00:41:31 UTC 2025,1,8.44,1,N,170,37,1,37.3,1.0,0.5,12.5,6.94,1.0,62.49,2.5,0.0,0.75
2,Wed Oct 01 00:11:20 UTC 2025,Wed Oct 01 00:22:31 UTC 2025,2,2.37,1,N,148,233,1,13.5,1.0,0.5,3.85,0.0,1.0,23.1,2.5,0.0,0.75
2,Wed Oct 01 00:40:17 UTC 2025,Wed Oct 01 01:04:04 UTC 2025,2,9.9,1,N,148,116,1,42.2,1.0,0.5,4.0,0.0,1.0,51.95,2.5,0.0,0.75
7,Wed Oct 01 00:03:04 UTC 2025,Wed Oct 01 00:03:04 UTC 2025,1,1.04,1,N,246,164,1,9.3,0.0,0.5,3.01,0.0,1.0,18.06,2.5,0.0,0.75
7,Wed Oct 01 00:24:56 UTC 2025,Wed Oct 01 00:24:56 UTC 2025,1,2.32,1,N,162,262,1,14.2,0.0,0.5,3.99,0.0,1.0,23.94,2.5,0.0,0.75
1,Wed Oct 01 00:12:30 UTC 2025,Wed Oct 01 00:18:37 UTC 2025,2,1.4,1,N,233,140,1,9.3,4.25,0.5,2.0,0.0,1.0,17.05,2.5,0.0,0.75
1,Wed Oct 01 00:50:42 UTC 2025,Wed Oct 01 00:54:34 UTC 2025,3,0.6,1,N,79,148,1,6.5,4.25,0.5,2.45,0.0,1.0,14.7,2.5,0.0,0.75
2,Wed Oct 01 00:13:55 UTC 2025,Wed Oct 01 00:30:45 UTC 2025,2,2.81,1,N,114,229,1,17.7,1.0,0.5,4.69,0.0,1.0,28.14,2.5,0.0,0.75
1,Wed Oct 01 00:19:30 UTC 2025,Wed Oct 01 00:54:52 UTC 2025,1,10.1,1,N,249,189,1,42.9,4.25,0.5,9.75,0.0,1.0,58.4,2.5,0.0,0.75
2,Wed Oct 01 00:02:07 UTC 2025,Wed Oct 01 00:16:01 UTC 2025,1,9.67,1,N,138,229,1,36.6,6.0,0.5,10.86,6.94,1.0,66.9,2.5,1.75,0.75
2,Wed Oct 01 00:29:02 UTC 2025,Wed Oct 01 01:03:19 UTC 2025,1,19.04,1,N,132,79,1,73.0,1.0,0.5,21.42,6.94,1.0,108.86,2.5,1.75,0.75
1,Wed Oct 01 00:27:42 UTC 2025,Wed Oct 01 00:36:25 UTC 2025,1,2.2,1,N,79,162,2,12.1,4.25,0.5,0.0,0.0,1.0,17.85,2.5,0.0,0.75
1,Wed Oct 01 00:38:35 UTC 2025,Wed Oct 01 00:51:45 UTC 2025,1,4.1,1,N,161,74,1,19.1,4.25,0.5,4.95,0.0,1.0,29.8,2.5,0.0,0.75
2,Wed Oct 01 00:45:55 UTC 2025,Wed Oct 01 00:55:49 UTC 2025,1,1.94,1,N,161,239,1,12.1,1.0,0.5,2.68,0.0,1.0,20.53,2.5,0.0,0.75
2,Wed Oct 01 00:16:02 UTC 2025,Wed Oct 01 00:40:24 UTC 2025,1,6.45,1,N,158,106,1,30.3,1.0,0.5,7.21,0.0,1.0,43.26,2.5,0.0,0.75
2,Wed Oct 01 00:21:25 UTC 2025,Wed Oct 01 00:32:22 UTC 2025,1,2.66,1,N,261,90,1,13.5,1.0,0.5,4.0,0.0,1.0,23.25,2.5,0.0,0.75
2,Wed Oct 01 00:24:59 UTC 2025,Wed Oct 01 00:29:43 UTC 2025,1,0.99,1,N,163,162,1,7.2,1.0,0.5,2.0,0.0,1.0,14.95,2.5,0.0,0.75
1,Wed Oct 01 00:43:31 UTC 2025,Wed Oct 01 00:55:24 UTC 2025,1,5.8,1,N,170,168,1,23.3,4.25,0.5,3.0,0.0,1.0,32.05,2.5,0.0,0.75
2,Wed Oct 01 00:41:26 UTC 2025,Wed Oct 01 00:44:54 UTC 2025,2,0.58,1,N,114,249,1,5.8,1.0,0.5,1.11,0.0,1.0,12.66,2.5,0.0,0.75
2,Wed Oct 01 00:45:55 UTC 2025,Wed Oct 01 00:52:21 UTC 2025,1,1.49,1,N,249,13,1,9.3,1.0,0.5,3.01,0.0,1.0,18.06,2.5,0.0,0.75
2,Wed Oct 01 00:37:45 UTC 2025,Wed Oct 01 00:52:28 UTC 2025,1,2.58,1,N,246,162,1,15.6,1.0,0.5,4.27,0.0,1.0,25.62,2.5,0.0,0.75
2,Wed Oct 01 00:54:26 UTC 2025,Wed Oct 01 01:04:31 UTC 2025,1,2.11,1,N,162,141,1,12.1,1.0,0.5,2.0,0.0,1.0,19.85,2.5,0.0,0.75
2,Wed Oct 01 00:26:04 UTC 2025,Wed Oct 01 00:43:09 UTC 2025,1,3.61,1,N,161,7,1,19.8,1.0,0.5,0.0,0.0,1.0,25.55,2.5,0.0,0.75
2,Wed Oct 01 00:11:34 UTC 2025,Wed Oct 01 00:22:42 UTC 2025,2,2.3,1,N,142,90,1,12.8,1.0,0.5,1.86,0.0,1.0,20.41,2.5,0.0,0.75
2,Wed Oct 01 00:30:08 UTC 2025,Wed Oct 01 00:37:49 UTC 2025,1,2.1,1,N,231,90,1,10.7,1.0,0.5,3.29,0.0,1.0,19.74,2.5,0.0,0.75
2,Wed Oct 01 00:24:00 UTC 2025,Wed Oct 01 00:47:34 UTC 2025,1,6.36,1,N,246,255,1,29.6,1.0,0.5,7.07,0.0,1.0,42.42,2.5,0.0,0.75
1,Wed Oct 01 00:30:36 UTC 2025,Wed Oct 01 00:49:23 UTC 2025,1,7.4,1,N,164,56,2,31.7,4.25,0.5,0.0,0.0,1.0,37.45,2.5,0.0,0.75
1,Wed Oct 01 00:32:39 UTC 2025,Wed Oct 01 00:55:54 UTC 2025,1,4.9,1,N,255,90,1,24.0,4.25,0.5,5.95,0.0,1.0,35.7,2.5,0.0,0.75
2,Wed Oct 01 00:11:49 UTC 2025,Wed Oct 01 00:17:21 UTC 2025,1,1.14,1,N,186,161,1,7.9,1.0,0.5,2.73,0.0,1.0,16.38,2.5,0.0,0.75
2,Wed Oct 01 00:23:17 UTC 2025,Wed Oct 01 00:41:35 UTC 2025,1,1.39,1,N,164,48,1,16.3,1.0,0.5,4.0,0.0,1.0,26.05,2.5,0.0,0.75
2,Wed Oct 01 00:00:44 UTC 2025,Wed Oct 01 00:11:27 UTC 2025,1,3.05,1,N,162,249,1,14.2,1.0,0.5,3.99,0.0,1.0,23.94,2.5,0.0,0.75
2,Wed Oct 01 00:30:16 UTC 2025,Wed Oct 01 00:45:40 UTC 2025,1,5.23,1,N,164,87,1,24.7,1.0,0.5,6.09,0.0,1.0,36.54,2.5,0.0,0.75
2,Wed Oct 01 00:09:05 UTC 2025,Wed Oct 01 00:14:15 UTC 2025,1,1.24,1,N,68,113,1,7.9,1.0,0.5,2.73,0.0,1.0,16.38,2.5,0.0,0.75
2,Wed Oct 01 00:22:02 UTC 2025,Wed Oct 01 00:28:28 UTC 2025,1,1.04,1,N,164,162,1,7.9,1.0,0.5,3.41,0.0,1.0,17.06,2.5,0.0,0.75
2,Wed Oct 01 00:50:24 UTC 2025,Wed Oct 01 00:53:46 UTC 2025,1,0.69,1,N,79,4,1,5.8,1.0,0.5,2.31,0.0,1.0,13.86,2.5,0.0,0.75
2,Wed Oct 01 00:07:00 UTC 2025,Wed Oct 01 00:11:56 UTC 2025,1,0.88,1,N,162,141,1,7.2,1.0,0.5,1.3,0.0,1.0,14.25,2.5,0.0,0.75
2,Wed Oct 01 00:39:59 UTC 2025,Wed Oct 01 00:42:56 UTC 2025,2,0.84,1,N,48,142,1,5.8,1.0,0.5,2.31,0.0,1.0,13.86,2.5,0.0,0.75
2,Wed Oct 01 00:51:34 UTC 2025,Wed Oct 01 01:06:25 UTC 2025,1,2.45,1,N,48,137,1,16.3,1.0,0.5,4.41,0.0,1.0,26.46,2.5,0.0,0.75
2,Wed Oct 01 00:38:44 UTC 2025,Wed Oct 01 01:02:07 UTC 2025,1,2.22,1,N,226,226,2,19.8,1.0,0.5,0.0,0.0,1.0,22.3,0.0,0.0,0.0
2,Wed Oct 01 00:34:01 UTC 2025,Wed Oct 01 00:58:34 UTC 2025,1,9.36,1,N,79,116,1,40.1,1.0,0.5,9.17,0.0,1.0,55.02,2.5,0.0,0.75
2,Wed Oct 01 00:24:35 UTC 2025,Wed Oct 01 00:37:33 UTC 2025,1,3.09,1,N,88,234,1,15.6,1.0,0.5,4.27,0.0,1.0,25.62,2.5,0.0,0.75
2,Wed Oct 01 00:18:32 UTC 2025,Wed Oct 01 00:38:15 UTC 2025,2,8.01,1,N,132,86,1,33.8,1.0,0.5,5.0,0.0,1.0,43.05,0.0,1.75,0.0
1,Wed Oct 01 00:18:52 UTC 2025,Wed Oct 01 00:30:15 UTC 2025,1,2.4,1,N,246,107,1,12.8,4.25,0.5,3.7,0.0,1.0,22.25,2.5,0.0,0.75
2,Wed Oct 01 00:03:52 UTC 2025,Wed Oct 01 00:23:42 UTC 2025,1,6.18,1,N,237,87,1,28.9,1.0,0.5,6.93,0.0,1.0,41.58,2.5,0.0,0.75
2,Wed Oct 01 00:39:56 UTC 2025,Wed Oct 01 00:48:04 UTC 2025,1,2.24,1,N,231,107,1,11.4,1.0,0.5,3.43,0.0,1.0,20.58,2.5,0.0,0.75
2,Wed Oct 01 00:26:45 UTC 2025,Wed Oct 01 00:32:53 UTC 2025,1,0.87,1,N,186,48,1,7.9,1.0,0.5,2.0,0.0,1.0,15.65,2.5,0.0,0.75
2,Wed Oct 01 00:38:05 UTC 2025,Wed Oct 01 00:46:31 UTC 2025,1,2.1,1,N,48,158,1,11.4,1.0,0.5,2.57,0.0,1.0,19.72,2.5,0.0,0.75
1,Wed Oct 01 00:25:18 UTC 2025,Wed Oct 01 00:30:32 UTC 2025,1,0.9,1,N,100,246,1,6.5,4.25,0.5,3.7,0.0,1.0,15.95,2.5,0.0,0.75
1,Wed Oct 01 00:43:24 UTC 2025,Wed Oct 01 00:49:26 UTC 2025,1,0.8,1,N,164,68,1,7.2,4.25,0.5,3.25,0.0,1.0,16.2,2.5,0.0,0.75
2,Wed Oct 01 00:01:58 UTC 2025,Wed Oct 01 00:12:04 UTC 2025,1,4.04,1,N,138,7,1,18.4,6.0,0.5,5.18,0.0,1.0,32.83,0.0,1.75,0.0
2,Wed Oct 01 00:16:45 UTC 2025,Wed Oct 01 00:23:57 UTC 2025,2,1.69,1,N,4,234,1,10.0,1.0,0.5,3.15,0.0,1.0,18.9,2.5,0.0,0.75
2,Wed Oct 01 00:14:38 UTC 2025,Wed Oct 01 00:48:27 UTC 2025,2,7.79,1,N,79,71,1,38.7,1.0,0.5,0.0,0.0,1.0,44.45,2.5,0.0,0.75
1,Wed Oct 01 00:29:09 UTC 2025,Wed Oct 01 00:36:31 UTC 2025,1,1.8,1,N,161,68,1,10.0,4.25,0.5,3.95,0.0,1.0,19.7,2.5,0.0,0.75
2,Wed Oct 01 00:15:07 UTC 2025,Wed Oct 01 00:31:42 UTC 2025,1,3.74,1,N,246,140,1,19.1,1.0,0.5,4.97,0.0,1.0,29.82,2.5,0.0,0.75
2,Wed Oct 01 00:22:48 UTC 2025,Wed Oct 01 00:25:24 UTC 2025,1,0.51,1,N,140,262,1,5.1,1.0,0.5,2.02,0.0,1.0,12.12,2.5,0.0,0.0
2,Wed Oct 01 00:54:18 UTC 2025,Wed Oct 01 01:07:59 UTC 2025,1,4.13,1,N,230,42,1,19.1,1.0,0.5,4.97,0.0,1.0,29.82,2.5,0.0,0.75
2,Wed Oct 01 00:40:25 UTC 2025,Wed Oct 01 00:49:05 UTC 2025,1,1.18,1,N,163,141,1,9.3,1.0,0.5,3.01,0.0,1.0,18.06,2.5,0.0,0.75
2,Wed Oct 01 00:18:15 UTC 2025,Wed Oct 01 00:28:54 UTC 2025,1,2.46,1,N,234,237,1,14.2,1.0,0.5,3.99,0.0,1.0,23.94,2.5,0.0,0.75
2,Wed Oct 01 00:00:05 UTC 2025,Wed Oct 01 00:06:06 UTC 2025,4,0.77,1,N,163,163,2,6.5,1.0,0.5,0.0,0.0,1.0,12.25,2.5,0.0,0.75
2,Wed Oct 01 00:24:40 UTC 2025,Wed Oct 01 00:36:28 UTC 2025,4,3.14,1,N,249,87,1,15.6,1.0,0.5,4.0,0.0,1.0,25.35,2.5,0.0,0.75
2,Wed Oct 01 00:53:45 UTC 2025,Wed Oct 01 01:06:36 UTC 2025,1,7.28,1,N,132,203,1,28.9,1.0,0.5,6.63,0.0,1.0,39.78,0.0,1.75,0.0
2,Wed Oct 01 00:48:40 UTC 2025,Wed Oct 01 00:52:33 UTC 2025,2,0.72,1,N,148,232,1,5.8,1.0,0.5,2.31,0.0,1.0,13.86,2.5,0.0,0.75
2,Wed Oct 01 00:02:09 UTC 2025,Wed Oct 01 00:26:07 UTC 2025,1,12.08,1,N,138,13,1,47.8,6.0,0.5,11.71,0.0,1.0,72.01,2.5,1.75,0.75
1,Wed Oct 01 00:47:15 UTC 2025,Wed Oct 01 00:55:07 UTC 2025,1,1.6,1,N,142,237,2,10.0,3.5,0.5,0.0,0.0,1.0,15.0,2.5,0.0,0.0
2,Wed Oct 01 00:13:05 UTC 2025,Wed Oct 01 00:20:33 UTC 2025,1,1.48,1,N,113,148,1,10.0,1.0,0.5,3.0,0.0,1.0,18.75,2.5,0.0,0.75
2,Wed Oct 01 00:11:41 UTC 2025,Wed Oct 01 00:30:30 UTC 2025,1,3.23,1,N,237,24,1,19.8,1.0,0.5,2.0,0.0,1.0,27.55,2.5,0.0,0.75
2,Wed Oct 01 00:19:40 UTC 2025,Wed Oct 01 00:37:07 UTC 2025,1,3.68,1,N,158,239,1,20.5,1.0,0.5,5.25,0.0,1.0,31.5,2.5,0.0,0.75
1,Wed Oct 01 00:02:40 UTC 2025,Wed Oct 01 00:18:10 UTC 2025,1,3.0,1,N,125,68,1,17.7,4.25,0.5,4.65,0.0,1.0,28.1,2.5,0.0,0.75
2,Wed Oct 01 00:05:53 UTC 2025,Wed Oct 01 00:14:17 UTC 2025,1,1.84,1,N,48,234,1,11.4,1.0,0.5,4.29,0.0,1.0,21.44,2.5,0.0,0.75
2,Wed Oct 01 00:23:03 UTC 2025,Wed Oct 01 00:37:53 UTC 2025,1,3.49,1,N,164,238,1,18.4,1.0,0.5,2.9,0.0,1.0,27.05,2.5,0.0,0.75
2,Wed Oct 01 00:32:48 UTC 2025,Wed Oct 01 00:44:17 UTC 2025,1,1.67,1,N,234,230,2,12.1,1.0,0.5,0.0,0.0,1.0,17.85,2.5,0.0,0.75
2,Wed Oct 01 00:34:38 UTC 2025,Wed Oct 01 00:40:33 UTC 2025,1,1.71,1,N,79,170,1,9.3,1.0,0.5,3.01,0.0,1.0,18.06,2.5,0.0,0.75
2,Wed Oct 01 00:11:21 UTC 2025,Wed Oct 01 00:15:53 UTC 2025,1,0.88,1,N,142,230,1,7.2,1.0,0.5,2.59,0.0,1.0,15.54,2.5,0.0,0.75
1,Wed Oct 01 00:25:28 UTC 2025,Wed Oct 01 00:33:47 UTC 2025,1,2.3,1,N,90,231,2,10.7,4.25,0.5,0.0,0.0,1.0,16.45,2.5,0.0,0.75
2,Wed Oct 01 00:37:50 UTC 2025,Wed Oct 01 00:47:17 UTC 2025,1,4.96,1,N,132,124,1,21.2,1.0,0.5,4.74,0.0,1.0,30.19,0.0,1.75,0.0
2,Wed Oct 01 00:56:59 UTC 2025,Wed Oct 01 01:00:23 UTC 2025,1,0.27,1,N,114,113,1,5.1,1.0,0.5,2.17,0.0,1.0,13.02,2.5,0.0,0.75
1,Wed Oct 01 00:09:04 UTC 2025,Wed Oct 01 00:14:57 UTC 2025,1,0.6,1,N,186,107,1,7.2,4.25,0.5,2.55,0.0,1.0,15.5,2.5,0.0,0.75
1,Wed Oct 01 00:03:10 UTC 2025,Wed Oct 01 00:11:53 UTC 2025,2,1.4,1,N,233,230,1,9.3,4.25,0.5,2.0,0.0,1.0,17.05,2.5,0.0,0.75
1,Wed Oct 01 00:20:45 UTC 2025,Wed Oct 01 00:27:31 UTC 2025,1,1.4,1,N,48,186,1,8.6,4.25,0.5,2.85,0.0,1.0,17.2,2.5,0.0,0.75
2,Wed Oct 01 00:59:53 UTC 2025,Wed Oct 01 02:09:09 UTC 2025,1,24.1,1,N,230,265,2,105.2,1.0,0.5,0.0,3.18,1.0,114.13,2.5,0.0,0.75
2,Wed Oct 01 00:09:05 UTC 2025,Wed Oct 01 00:16:13 UTC 2025,1,1.21,1,N,229,48,1,8.6,1.0,0.5,0.0,0.0,1.0,14.35,2.5,0.0,0.75
2,Wed Oct 01 00:33:04 UTC 2025,Wed Oct 01 00:37:00 UTC 2025,1,0.86,1,N,234,162,1,6.5,1.0,0.5,2.45,0.0,1.0,14.7,2.5,0.0,0.75
2,Wed Oct 01 00:10:07 UTC 2025,Wed Oct 01 00:31:23 UTC 2025,2,9.18,1,N,263,25,1,38.0,1.0,0.5,8.6,0.0,1.0,51.6,2.5,0.0,0.0
2,Wed Oct 01 00:16:58 UTC 2025,Wed Oct 01 00:33:59 UTC 2025,1,4.89,1,N,164,87,1,24.7,1.0,0.5,6.09,0.0,1.0,36.54,2.5,0.0,0.75
2,Wed Oct 01 00:10:03 UTC 2025,Wed Oct 01 00:34:45 UTC 2025,1,5.56,1,N,249,238,1,28.9,1.0,0.5,6.93,0.0,1.0,41.58,2.5,0.0,0.75
2,Wed Oct 01 00:38:44 UTC 2025,Wed Oct 01 00:43:25 UTC 2025,3,0.65,1,N,170,164,1,6.5,1.0,0.5,3.06,0.0,1.0,15.31,2.5,0.0,0.75
2,Wed Oct 01 00:20:58 UTC 2025,Wed Oct 01 00:23:48 UTC 2025,1,0.87,1,N,229,141,1,5.8,1.0,0.5,1.0,0.0,1.0,12.55,2.5,0.0,0.75
2,Wed Oct 01 00:19:20 UTC 2025,Wed Oct 01 00:33:13 UTC 2025,1,1.74,1,N,249,79,1,13.5,1.0,0.5,3.85,0.0,1.0,23.1,2.5,0.0,0.75
7,Wed Oct 01 00:07:16 UTC 2025,Wed Oct 01 00:07:16 UTC 2025,1,3.0,1,N,113,142,1,18.4,0.0,0.5,33.17,0.0,1.0,57.32,2.5,0.0,0.75
7,Wed Oct 01 00:12:58 UTC 2025,Wed Oct 01 00:12:58 UTC 2025,1,0.86,1,N,48,48,1,5.8,0.0,0.5,2.31,0.0,1.0,13.86,2.5,0.0,0.75
2,Wed Oct 01 00:18:16 UTC 2025,Wed Oct 01 00:53:13 UTC 2025,1,9.93,1,N,137,177,2,45.0,1.0,0.5,0.0,0.0,1.0,50.75,2.5,0.0,0.75
2,Wed Oct 01 00:06:39 UTC 2025,Wed Oct 01 00:24:54 UTC 2025,1,3.53,1,N,211,163,1,21.2,1.0,0.5,2.0,0.0,1.0,28.95,2.5,0.0,0.75
2,Wed Oct 01 00:31:03 UTC 2025,Wed Oct 01 00:33:21 UTC 2025,1,0.83,1,N,151,239,1,5.8,1.0,0.5,3.24,0.0,1.0,14.04,2.5,0.0,0.0
2,Wed Oct 01 00:26:18 UTC 2025,Wed Oct 01 00:30:20 UTC 2025,1,1.07,1,N,233,137,1,7.2,1.0,0.5,1.3,0.0,1.0,14.25,2.5,0.0,0.75
2,Wed Oct 01 00:13:56 UTC 2025,Wed Oct 01 00:19:18 UTC 2025,1,0.87,1,N,166,41,2,7.2,1.0,0.5,0.0,0.0,1.0,9.7,0.0,0.0,0.0
1,Wed Oct 01 00:50:44 UTC 2025,Wed Oct 01 01:22:32 UTC 2025,1,6.2,1,N,255,48,2,30.3,4.25,0.5,0.0,0.0,1.0,36.05,2.5,0.0,0.75
2,Wed Oct 01 00:24:27 UTC 2025,Wed Oct 01 00:27:57 UTC 2025,1,0.47,1,N,249,158,2,-5.1,-1.0,-0.5,0.0,0.0,-1.0,-10.85,-2.5,0.0,-0.75
2,Wed Oct 01 00:24:27 UTC 2025,Wed Oct 01 00:27:57 UTC 2025,1,0.47,1,N,249,158,2,5.1,1.0,0.5,0.0,0.0,1.0,10.85,2.5,0.0,0.75
2,Wed Oct 01 00:52:25 UTC 2025,Wed Oct 01 00:58:54 UTC 2025,1,1.32,1,N,114,224,4,-7.9,-1.0,-0.5,0.0,0.0,-1.0,-13.65,-2.5,0.0,-0.75
2,Wed Oct 01 00:52:25 UTC 2025,Wed Oct 01 00:58:54 UTC 2025,1,1.32,1,N,114,107,4,7.9,1.0,0.5,0.0,0.0,1.0,13.65,2.5,0.0,0.75
2,Wed Oct 01 00:02:19 UTC 2025,Wed Oct 01 00:10:05 UTC 2025,2,2.31,1,N,143,186,1,12.1,1.0,0.5,3.57,0.0,1.0,21.42,2.5,0.0,0.75
2,Wed Oct 01 00:12:34 UTC 2025,Wed Oct 01 00:23:16 UTC 2025,1,2.28,1,N,148,68,1,12.8,1.0,0.5,4.64,0.0,1.0,23.19,2.5,0.0,0.75
1,Wed Oct 01 00:17:40 UTC 2025,Wed Oct 01 00:21:02 UTC 2025,1,0.8,1,N,48,68,1,5.8,4.25,0.5,2.3,0.0,1.0,13.85,2.5,0.0,0.75
2,Wed Oct 01 00:25:03 UTC 2025,Wed Oct 01 00:35:30 UTC 2025,1,2.26,1,N,142,164,1,12.8,1.0,0.5,5.57,0.0,1.0,24.12,2.5,0.0,0.75
2,Wed Oct 01 00:10:28 UTC 2025,Wed Oct 01 00:25:04 UTC 2025,1,3.76,1,N,48,75,2,19.1,1.0,0.5,0.0,0.0,1.0,24.85,2.5,0.0,0.75
2,Wed Oct 01 00:22:56 UTC 2025,Wed Oct 01 00:31:38 UTC 2025,1,1.45,1,N,87,231,1,10.7,1.0,0.5,4.11,0.0,1.0,20.56,2.5,0.0,0.75
2,Wed Oct 01 00:16:36 UTC 2025,Wed Oct 01 00:30:39 UTC 2025,1,3.82,1,N,79,87,1,19.8,1.0,0.5,5.11,0.0,1.0,30.66,2.5,0.0,0.75
2,Wed Oct 01 00:01:59 UTC 2025,Wed Oct 01 00:33:26 UTC 2025,1,17.89,1,N,132,165,1,68.8,1.0,0.5,14.26,0.0,1.0,87.31,0.0,1.75,0.0
2,Wed Oct 01 00:25:48 UTC 2025,Wed Oct 01 00:44:15 UTC 2025,1,4.3,1,N,237,249,1,21.9,1.0,0.5,5.53,0.0,1.0,33.18,2.5,0.0,0.75
2,Wed Oct 01 00:50:43 UTC 2025,Wed Oct 01 00:52:53 UTC 2025,1,0.33,1,N,7,7,1,4.4,1.0,0.5,1.38,0.0,1.0,8.28,0.0,0.0,0.0
2,Wed Oct 01 00:37:07 UTC 2025,Wed Oct 01 00:53:17 UTC 2025,1,2.26,1,N,114,100,2,15.6,1.0,0.5,0.0,0.0,1.0,21.35,2.5,0.0,0.75
2,Wed Oct 01 00:45:50 UTC 2025,Wed Oct 01 00:57:01 UTC 2025,1,2.72,1,N,162,234,1,14.9,1.0,0.5,4.13,0.0,1.0,24.78,2.5,0.0,0.75
2,Tue Sep 30 23:59:51 UTC 2025,Wed Oct 01 00:09:07 UTC 2025,1,2.0,1,N,230,158,1,11.4,1.0,0.5,3.43,0.0,1.0,20.58,2.5,0.0,0.75
2,Wed Oct 01 00:21:33 UTC 2025,Wed Oct 01 00:38:50 UTC 2025,1,3.55,1,N,164,262,1,19.1,1.0,0.5,4.97,0.0,1.0,29.82,2.5,0.0,0.75
2,Wed Oct 01 00:44:45 UTC 2025,Wed Oct 01 01:10:28 UTC 2025,1,8.23,1,N,161,189,1,38.0,1.0,0.5,10.94,0.0,1.0,54.69,2.5,0.0,0.75
2,Wed Oct 01 00:05:02 UTC 2025,Wed Oct 01 00:10:13 UTC 2025,1,0.63,1,N,230,186,1,7.2,1.0,0.5,2.0,0.0,1.0,14.95,2.5,0.0,0.75
2,Wed Oct 01 00:25:56 UTC 2025,Wed Oct 01 00:31:26 UTC 2025,1,1.4,1,N,249,186,4,-8.6,-1.0,-0.5,0.0,0.0,-1.0,-14.35,-2.5,0.0,-0.75
2,Wed Oct 01 00:25:56 UTC 2025,Wed Oct 01 00:31:26 UTC 2025,1,1.4,1,N,249,68,4,8.6,1.0,0.5,0.0,0.0,1.0,14.35,2.5,0.0,0.75
2,Wed Oct 01 00:33:34 UTC 2025,Wed Oct 01 00:55:55 UTC 2025,1,5.74,1,N,100,106,1,27.5,1.0,0.5,8.31,0.0,1.0,41.56,2.5,0.0,0.75
2,Tue Sep 30 23:56:40 UTC 2025,Wed Oct 01 00:04:23 UTC 2025,1,2.77,1,N,140,74,2,12.8,1.0,0.5,0.0,0.0,1.0,17.8,2.5,0.0,0.0
2,Wed Oct 01 00:15:30 UTC 2025,Wed Oct 01 00:21:37 UTC 2025,1,1.1,1,N,164,107,1,7.9,1.0,0.5,2.73,0.0,1.0,16.38,2.5,0.0,0.75
2,Wed Oct 01 00:33:53 UTC 2025,Wed Oct 01 01:03:20 UTC 2025,1,3.68,1,N,141,226,2,27.5,1.0,0.5,0.0,0.0,1.0,32.5,2.5,0.0,0.0
2,Wed Oct 01 00:11:06 UTC 2025,Wed Oct 01 00:23:15 UTC 2025,3,2.39,1,N,148,164,1,14.2,1.0,0.5,3.99,0.0,1.0,23.94,2.5,0.0,0.75
2,Wed Oct 01 00:36:13 UTC 2025,Wed Oct 01 00:48:49 UTC 2025,1,1.64,1,N,114,100,1,12.8,1.0,0.5,3.0,0.0,1.0,21.55,2.5,0.0,0.75
2,Wed Oct 01 00:41:50 UTC 2025,Wed Oct 01 00:47:00 UTC 2025,2,0.82,1,N,137,170,1,7.2,1.0,0.5,2.59,0.0,1.0,15.54,2.5,0.0,0.75
2,Wed Oct 01 00:13:34 UTC 2025,Wed Oct 01 00:19:38 UTC 2025,1,0.97,1,N,48,161,1,7.9,1.0,0.5,2.73,0.0,1.0,16.38,2.5,0.0,0.75
2,Wed Oct 01 00:23:36 UTC 2025,Wed Oct 01 00:29:37 UTC 2025,1,1.07,1,N,163,100,1,7.9,1.0,0.5,2.0,0.0,1.0,15.65,2.5,0.0,0.75
2,Wed Oct 01 00:29:24 UTC 2025,Wed Oct 01 00:49:47 UTC 2025,1,4.43,1,N,79,36,2,23.3,1.0,0.5,0.0,0.0,1.0,29.05,2.5,0.0,0.75
2,Wed Oct 01 00:11:11 UTC 2025,Wed Oct 01 00:19:16 UTC 2025,4,1.19,1,N,234,100,1,9.3,1.0,0.5,0.0,0.0,1.0,15.05,2.5,0.0,0.75
1,Wed Oct 01 00:33:07 UTC 2025,Wed Oct 01 00:37:02 UTC 2025,1,0.7,1,N,170,164,1,5.8,4.25,0.5,2.9,0.0,1.0,14.45,2.5,0.0,0.75
2,Wed Oct 01 00:20:08 UTC 2025,Wed Oct 01 00:30:13 UTC 2025,1,1.91,1,N,161,107,1,12.1,1.0,0.5,3.57,0.0,1.0,21.42,2.5,0.0,0.75
2,Wed Oct 01 00:37:04 UTC 2025,Wed Oct 01 00:55:20 UTC 2025,2,6.43,1,N,87,163,1,28.9,1.0,0.5,6.93,0.0,1.0,41.58,2.5,0.0,0.75
2,Wed Oct 01 00:01:37 UTC 2025,Wed Oct 01 00:08:59 UTC 2025,1,1.76,1,N,263,229,1,10.0,1.0,0.5,3.15,0.0,1.0,18.9,2.5,0.0,0.75
2,Wed Oct 01 00:24:51 UTC 2025,Wed Oct 01 00:33:02 UTC 2025,1,1.72,1,N,246,158,1,11.4,1.0,0.5,1.5,0.0,1.0,18.65,2.5,0.0,0.75
2,Wed Oct 01 00:27:48 UTC 2025,Wed Oct 01 00:44:32 UTC 2025,1,7.54,1,N,107,56,2,31.7,1.0,0.5,0.0,6.94,1.0,44.39,2.5,0.0,0.75
2,Wed Oct 01 00:25:17 UTC 2025,Wed Oct 01 00:39:26 UTC 2025,1,2.57,1,N,114,246,1,16.3,1.0,0.5,2.0,0.0,1.0,24.05,2.5,0.0,0.75
2,Wed Oct 01 00:01:28 UTC 2025,Wed Oct 01 00:31:14 UTC 2025,1,6.78,1,N,234,62,1,33.8,1.0,0.5,7.91,0.0,1.0,47.46,2.5,0.0,0.75
2,Wed Oct 01 00:33:01 UTC 2025,Wed Oct 01 01:08:54 UTC 2025,1,6.01,1,N,79,7,1,36.6,1.0,0.5,8.47,0.0,1.0,50.82,2.5,0.0,0.75
2,Wed Oct 01 00:10:53 UTC 2025,Wed Oct 01 00:14:27 UTC 2025,1,0.62,1,N,230,161,1,5.8,1.0,0.5,2.31,0.0,1.0,13.86,2.5,0.0,0.75
2,Wed Oct 01 00:21:39 UTC 2025,Wed Oct 01 00:29:13 UTC 2025,1,1.22,1,N,230,164,1,9.3,1.0,0.5,3.01,0.0,1.0,18.06,2.5,0.0,0.75
2,Wed Oct 01 00:35:52 UTC 2025,Wed Oct 01 00:38:03 UTC 2025,1,0.49,1,N,48,48,1,5.1,1.0,0.5,2.17,0.0,1.0,13.02,2.5,0.0,0.75
2,Wed Oct 01 00:19:58 UTC 2025,Wed Oct 01 00:28:48 UTC 2025,1,2.17,1,N,231,79,1,12.1,1.0,0.5,4.46,0.0,1.0,22.31,2.5,0.0,0.75
2,Wed Oct 01 00:28:20 UTC 2025,Wed Oct 01 00:39:42 UTC 2025,1,1.69,1,N,249,48,1,12.1,1.0,0.5,3.57,0.0,1.0,21.42,2.5,0.0,0.75
2,Wed Oct 01 00:54:19 UTC 2025,Wed Oct 01 00:57:43 UTC 2025,3,0.14,1,N,229,229,4,-5.1,-1.0,-0.5,0.0,0.0,-1.0,-10.85,-2.5,0.0,-0.75
2,Wed Oct 01 00:54:19 UTC 2025,Wed Oct 01 00:57:43 UTC 2025,3,0.14,1,N,229,229,4,5.1,1.0,0.5,0.0,0.0,1.0,10.85,2.5,0.0,0.75
2,Wed Oct 01 00:27:37 UTC 2025,Wed Oct 01 00:38:48 UTC 2025,1,3.18,1,N,170,4,1,16.3,1.0,0.5,2.0,0.0,1.0,24.05,2.5,0.0,0.75
2,Wed Oct 01 00:51:20 UTC 2025,Wed Oct 01 00:57:58 UTC 2025,1,1.22,1,N,148,231,2,8.6,1.0,0.5,0.0,0.0,1.0,14.35,2.5,0.0,0.75
2,Wed Oct 01 00:08:59 UTC 2025,Wed Oct 01 00:14:02 UTC 2025,1,1.08,1,N,230,143,1,7.2,1.0,0.5,2.0,0.0,1.0,14.95,2.5,0.0,0.75
7,Wed Oct 01 00:19:24 UTC 2025,Wed Oct 01 00:19:24 UTC 2025,1,0.57,1,N,164,230,1,5.1,0.0,0.5,2.17,0.0,1.0,13.02,2.5,0.0,0.75
7,Wed Oct 01 00:40:38 UTC 2025,Wed Oct 01 00:40:38 UTC 2025,2,1.33,1,N,163,263,1,7.9,0.0,0.5,2.73,0.0,1.0,16.38,2.5,0.0,0.75
2,Wed Oct 01 00:39:01 UTC 2025,Wed Oct 01 00:49:38 UTC 2025,1,1.87,1,N,161,262,1,12.8,1.0,0.5,3.71,0.0,1.0,22.26,2.5,0.0,0.75
2,Wed Oct 01 00:48:51 UTC 2025,Wed Oct 01 00:58:16 UTC 2025,1,1.63,1,N,249,4,1,10.7,1.0,0.5,3.29,0.0,1.0,19.74,2.5,0.0,0.75
2,Wed Oct 01 00:50:18 UTC 2025,Wed Oct 01 01:17:58 UTC 2025,1,9.3,1,N,90,173,2,40.8,1.0,0.5,0.0,6.94,1.0,53.49,2.5,0.0,0.75
1,Wed Oct 01 00:39:35 UTC 2025,Wed Oct 01 00:49:57 UTC 2025,1,1.4,1,N,246,48,1,11.4,4.25,0.5,3.0,0.0,1.0,20.15,2.5,0.0,0.75
1,Wed Oct 01 00:53:35 UTC 2025,Wed Oct 01 01:00:47 UTC 2025,1,2.0,1,N,48,249,1,10.7,4.25,0.5,1.0,0.0,1.0,17.45,2.5,0.0,0.75
2,Wed Oct 01 00:16:34 UTC 2025,Wed Oct 01 00:22:27 UTC 2025,2,1.02,1,N,233,161,1,7.9,1.0,0.5,2.73,0.0,1.0,16.38,2.5,0.0,0.75
2,Wed Oct 01 00:54:15 UTC 2025,Wed Oct 01 01:14:54 UTC 2025,1,6.08,1,N,234,225,1,27.5,1.0,0.5,6.65,0.0,1.0,39.9,2.5,0.0,0.75
2,Wed Oct 01 00:16:51 UTC 2025,Wed Oct 01 00:24:27 UTC 2025,1,1.51,1,N,107,161,1,10.0,1.0,0.5,3.0,0.0,1.0,18.75,2.5,0.0,0.75
2,Wed Oct 01 00:25:33 UTC 2025,Wed Oct 01 00:44:09 UTC 2025,1,4.84,1,N,161,179,1,23.3,1.0,0.5,2.0,0.0,1.0,31.05,2.5,0.0,0.75
2,Wed Oct 01 00:34:46 UTC 2025,Wed Oct 01 00:42:06 UTC 2025,1,1.79,1,N,231,90,1,10.0,1.0,0.5,3.15,0.0,1.0,18.9,2.5,0.0,0.75
2,Wed Oct 01 00:46:07 UTC 2025,Wed Oct 01 01:06:55 UTC 2025,3,3.2,1,N,234,114,1,21.2,1.0,0.5,0.0,0.0,1.0,26.95,2.5,0.0,0.75
2,Wed Oct 01 00:30:43 UTC 2025,Wed Oct 01 00:48:40 UTC 2025,2,4.6,1,N,237,249,1,22.6,1.0,0.5,5.67,0.0,1.0,34.02,2.5,0.0,0.75
2,Wed Oct 01 00:05:32 UTC 2025,Wed Oct 01 00:10:39 UTC 2025,1,1.2,1,N,231,232,1,7.9,1.0,0.5,2.58,0.0,1.0,16.23,2.5,0.0,0.75
2,Wed Oct 01 00:16:57 UTC 2025,Wed Oct 01 00:28:55 UTC 2025,1,2.66,1,N,148,68,1,14.9,1.0,0.5,3.98,0.0,1.0,24.63,2.5,0.0,0.75
2,Wed Oct 01 00:21:29 UTC 2025,Wed Oct 01 00:35:56 UTC 2025,1,3.78,1,N,48,263,1,19.1,1.0,0.5,4.97,0.0,1.0,29.82,2.5,0.0,0.75
2,Wed Oct 01 00:10:34 UTC 2025,Wed Oct 01 00:19:55 UTC 2025,1,1.25,1,N,87,148,1,10.7,1.0,0.5,0.5,0.0,1.0,16.95,2.5,0.0,0.75
2,Wed Oct 01 00:25:47 UTC 2025,Wed Oct 01 00:36:00 UTC 2025,1,1.51,1,N,249,79,1,11.4,1.0,0.5,3.0,0.0,1.0,20.15,2.5,0.0,0.75
2,Wed Oct 01 00:12:20 UTC 2025,Wed Oct 01 00:37:36 UTC 2025,1,6.5,1,N,234,189,1,31.0,1.0,0.5,7.35,0.0,1.0,44.1,2.5,0.0,0.75
2,Wed Oct 01 00:31:01 UTC 2025,Wed Oct 01 00:37:21 UTC 2025,1,0.89,1,N,88,45,2,7.9,1.0,0.5,0.0,0.0,1.0,13.65,2.5,0.0,0.75
2,Wed Oct 01 00:46:55 UTC 2025,Wed Oct 01 00:53:36 UTC 2025,1,1.47,1,N,114,209,1,9.3,1.0,0.5,3.01,0.0,1.0,18.06,2.5,0.0,0.75
2,Wed Oct 01 00:09:01 UTC 2025,Wed Oct 01 00:20:55 UTC 2025,1,1.03,1,N,263,263,1,11.4,1.0,0.5,3.28,0.0,1.0,19.68,2.5,0.0,0.0
1,Wed Oct 01 00:11:23 UTC 2025,Wed Oct 01 00:15:29 UTC 2025,2,1.0,1,N,229,141,1,7.2,4.25,0.5,0.0,0.0,1.0,12.95,2.5,0.0,0.75
2,Wed Oct 01 00:41:10 UTC 2025,Wed Oct 01 00:48:47 UTC 2025,2,1.72,1,N,230,237,1,10.7,1.0,0.5,2.0,0.0,1.0,18.45,2.5,0.0,0.75
2,Wed Oct 01 00:35:23 UTC 2025,Wed Oct 01 00:39:57 UTC 2025,1,1.04,1,N,79,107,1,7.2,1.0,0.5,3.88,0.0,1.0,16.83,2.5,0.0,0.75
2,Wed Oct 01 00:23:05 UTC 2025,Wed Oct 01 00:29:33 UTC 2025,5,1.46,1,N,230,143,1,8.6,1.0,0.5,2.87,0.0,1.0,17.22,2.5,0.0,0.75
2,Wed Oct 01 00:04:29 UTC 2025,Wed Oct 01 00:12:30 UTC 2025,2,1.72,1,N,161,107,1,10.7,1.0,0.5,2.96,0.0,1.0,19.41,2.5,0.0,0.75
2,Wed Oct 01 00:13:42 UTC 2025,Wed Oct 01 00:19:03 UTC 2025,1,1.06,1,N,107,79,2,7.9,1.0,0.5,0.0,0.0,1.0,13.65,2.5,0.0,0.75
2,Wed Oct 01 00:37:38 UTC 2025,Wed Oct 01 00:54:50 UTC 2025,1,4.24,1,N,114,239,1,21.9,1.0,0.5,5.53,0.0,1.0,33.18,2.5,0.0,0.75
2,Wed Oct 01 00:14:50 UTC 2025,Wed Oct 01 00:20:08 UTC 2025,1,1.06,1,N,162,140,1,7.9,1.0,0.5,2.0,0.0,1.0,15.65,2.5,0.0,0.75
2,Wed Oct 01 00:05:22 UTC 2025,Wed Oct 01 00:27:24 UTC 2025,1,6.18,1,N,79,237,1,28.9,1.0,0.5,5.0,0.0,1.0,39.65,2.5,0.0,0.75
2,Wed Oct 01 00:05:28 UTC 2025,Wed Oct 01 00:07:58 UTC 2025,4,0.61,1,N,163,230,1,5.1,1.0,0.5,2.71,0.0,1.0,13.56,2.5,0.0,0.75
2,Wed Oct 01 00:19:40 UTC 2025,Wed Oct 01 01:09:07 UTC 2025,1,21.53,2,N,132,142,1,70.0,0.0,0.5,16.34,6.94,1.0,99.78,2.5,1.75,0.75
2,Tue Sep 30 23:59:46 UTC 2025,Wed Oct 01 00:09:11 UTC 2025,1,3.14,1,N,107,232,1,15.6,1.0,0.5,4.27,0.0,1.0,25.62,2.5,0.0,0.75
2,Wed Oct 01 00:46:42 UTC 2025,Wed Oct 01 00:57:54 UTC 2025,1,3.69,1,N,79,141,2,17.0,1.0,0.5,0.0,0.0,1.0,22.75,2.5,0.0,0.75
2,Wed Oct 01 00:31:29 UTC 2025,Wed Oct 01 00:38:18 UTC 2025,1,1.39,1,N,237,75,1,8.6,1.0,0.5,1.0,0.0,1.0,14.6,2.5,0.0,0.0
2,Wed Oct 01 00:51:00 UTC 2025,Wed Oct 01 00:59:04 UTC 2025,1,1.85,1,N,162,234,1,10.7,1.0,0.5,3.29,0.0,1.0,19.74,2.5,0.0,0.75
2,Wed Oct 01 00:09:41 UTC 2025,Wed Oct 01 00:19:18 UTC 2025,3,2.54,1,N,158,170,1,13.5,1.0,0.5,3.85,0.0,1.0,23.1,2.5,0.0,0.75
2,Wed Oct 01 00:08:37 UTC 2025,Wed Oct 01 00:16:05 UTC 2025,1,1.55,1,N,234,144,1,10.0,1.0,0.5,3.15,0.0,1.0,18.9,2.5,0.0,0.75
2,Wed Oct 01 00:23:23 UTC 2025,Wed Oct 01 00:33:36 UTC 2025,1,2.14,1,N,79,87,1,12.8,1.0,0.5,0.0,0.0,1.0,18.55,2.5,0.0,0.75
2,Wed Oct 01 00:04:40 UTC 2025,Wed Oct 01 00:15:40 UTC 2025,1,1.21,1,N,234,161,2,11.4,1.0,0.5,0.0,0.0,1.0,17.15,2.5,0.0,0.75
2,Wed Oct 01 00:43:55 UTC 2025,Wed Oct 01 00:57:06 UTC 2025,1,3.49,1,N,170,112,1,17.7,1.0,0.5,6.08,6.94,1.0,36.47,2.5,0.0,0.75
1,Wed Oct 01 00:04:03 UTC 2025,Wed Oct 01 00:07:38 UTC 2025,1,0.5,1,N,233,161,2,5.1,4.25,0.5,0.0,0.0,1.0,10.85,2.5,0.0,0.75
1,Wed Oct 01 00:10:53 UTC 2025,Wed Oct 01 00:27:55 UTC 2025,2,3.3,1,N,211,163,1,18.4,4.25,0.5,6.0,0.0,1.0,30.15,2.5,0.0,0.75
2,Wed Oct 01 00:00:56 UTC 2025,Wed Oct 01 00:10:23 UTC 2025,1,1.56,1,N,238,143,1,11.4,1.0,0.5,3.28,0.0,1.0,19.68,2.5,0.0,0.0
2,Wed Oct 01 00:25:30 UTC 2025,Wed Oct 01 00:31:59 UTC 2025,1,1.23,1,N,230,100,1,8.6,1.0,0.5,2.87,0.0,1.0,17.22,2.5,0.0,0.75
2,Wed Oct 01 00:01:00 UTC 2025,Wed Oct 01 00:15:07 UTC 2025,1,2.6,1,N,163,238,1,17.0,1.0,0.5,4.55,0.0,1.0,27.3,2.5,0.0,0.75
2,Wed Oct 01 00:23:46 UTC 2025,Wed Oct 01 00:34:30 UTC 2025,1,3.07,1,N,142,145,2,14.9,1.0,0.5,0.0,0.0,1.0,20.65,2.5,0.0,0.75
2,Wed Oct 01 00:38:12 UTC 2025,Wed Oct 01 00:45:32 UTC 2025,1,1.13,1,N,164,230,1,9.3,1.0,0.5,3.01,0.0,1.0,18.06,2.5,0.0,0.75
2,Wed Oct 01 00:50:16 UTC 2025,Wed Oct 01 01:03:18 UTC 2025,1,3.34,1,N,230,262,2,17.0,1.0,0.5,0.0,0.0,1.0,22.75,2.5,0.0,0.75
2,Wed Oct 01 00:08:45 UTC 2025,Wed Oct 01 00:33:34 UTC 2025,1,8.57,1,N,132,196,1,37.3,1.0,0.5,5.0,0.0,1.0,46.55,0.0,1.75,0.0
2,Wed Oct 01 00:32:08 UTC 2025,Wed Oct 01 00:37:40 UTC 2025,1,1.55,1,N,48,68,2,8.6,1.0,0.5,0.0,0.0,1.0,14.35,2.5,0.0,0.75
1,Wed Oct 01 00:13:19 UTC 2025,Wed Oct 01 00:31:58 UTC 2025,1,2.3,1,N,87,148,1,16.3,4.25,0.5,4.4,0.0,1.0,26.45,2.5,0.0,0.75
2,Wed Oct 01 00:01:48 UTC 2025,Wed Oct 01 00:07:32 UTC 2025,1,0.92,1,N,43,229,1,7.2,1.0,0.5,2.59,0.0,1.0,15.54,2.5,0.0,0.75
2,Wed Oct 01 00:23:08 UTC 2025,Wed Oct 01 00:28:57 UTC 2025,1,0.85,1,N,161,170,1,7.9,1.0,0.5,4.09,0.0,1.0,17.74,2.5,0.0,0.75
2,Wed Oct 01 00:06:01 UTC 2025,Wed Oct 01 00:20:05 UTC 2025,1,1.38,1,N,186,50,1,14.2,1.0,0.5,2.0,0.0,1.0,21.95,2.5,0.0,0.75
2,Wed Oct 01 00:17:14 UTC 2025,Wed Oct 01 00:26:45 UTC 2025,5,2.5,1,N,158,163,1,13.5,1.0,0.5,3.85,0.0,1.0,23.1,2.5,0.0,0.75
2,Wed Oct 01 00:08:46 UTC 2025,Wed Oct 01 00:11:58 UTC 2025,1,0.63,1,N,114,79,1,5.8,1.0,0.5,2.31,0.0,1.0,13.86,2.5,0.0,0.75
2,Wed Oct 01 00:17:31 UTC 2025,Wed Oct 01 00:27:56 UTC 2025,2,2.54,1,N,79,256,1,14.2,1.0,0.5,5.99,0.0,1.0,25.94,2.5,0.0,0.75
2,Wed Oct 01 00:22:02 UTC 2025,Wed Oct 01 00:26:04 UTC 2025,1,0.63,1,N,162,161,1,5.8,1.0,0.5,1.0,0.0,1.0,12.55,2.5,0.0,0.75
2,Wed Oct 01 00:29:57 UTC 2025,Wed Oct 01 00:37:54 UTC 2025,1,1.07,1,N,163,162,1,9.3,1.0,0.5,3.01,0.0,1.0,18.06,2.5,0.0,0.75
2,Wed Oct 01 00:03:23 UTC 2025,Wed Oct 01 00:09:51 UTC 2025,1,1.51,1,N,163,239,1,10.0,1.0,0.5,3.15,0.0,1.0,18.9,2.5,0.0,0.75
2,Wed Oct 01 00:11:58 UTC 2025,Wed Oct 01 00:14:27 UTC 2025,1,0.83,1,N,239,142,1,5.8,1.0,0.5,2.16,0.0,1.0,12.96,2.5,0.0,0.0
2,Wed Oct 01 00:02:08 UTC 2025,Wed Oct 01 00:13:42 UTC 2025,1,2.06,1,N,107,148,1,13.5,1.0,0.5,0.0,0.0,1.0,19.25,2.5,0.0,0.75
2,Wed Oct 01 00:05:19 UTC 2025,Wed Oct 01 00:07:41 UTC 2025,1,0.57,1,N,107,137,2,5.1,1.0,0.5,0.0,0.0,1.0,10.85,2.5,0.0,0.75
2,Wed Oct 01 00:08:13 UTC 2025,Wed Oct 01 00:13:41 UTC 2025,1,1.89,1,N,137,141,1,10.0,1.0,0.5,2.5,0.0,1.0,18.25,2.5,0.0,0.75
2,Wed Oct 01 00:34:23 UTC 2025,Wed Oct 01 00:48:30 UTC 2025,1,3.73,1,N,237,231,1,19.1,1.0,0.5,4.97,0.0,1.0,29.82,2.5,0.0,0.75
2,Wed Oct 01 00:04:56 UTC 2025,Wed Oct 01 01:04:36 UTC 2025,1,20.58,2,N,132,13,1,70.0,0.0,0.5,14.95,0.0,1.0,91.45,2.5,1.75,0.75
2,Wed Oct 01 00:11:31 UTC 2025,Wed Oct 01 01:10:34 UTC 2025,2,18.15,2,N,132,50,1,70.0,0.0,0.5,10.0,0.0,1.0,86.5,2.5,1.75,0.75
2,Wed Oct 01 00:52:14 UTC 2025,Wed Oct 01 01:11:44 UTC 2025,1,6.09,1,N,164,255,1,28.2,1.0,0.5,6.79,0.0,1.0,40.74,2.5,0.0,0.75
2,Wed Oct 01 00:13:33 UTC 2025,Wed Oct 01 00:21:59 UTC 2025,1,1.45,1,N,237,161,2,10.7,1.0,0.5,0.0,0.0,1.0,16.45,2.5,0.0,0.75
2,Wed Oct 01 00:06:31 UTC 2025,Wed Oct 01 00:11:32 UTC 2025,1,1.15,1,N,107,233,1,7.2,1.0,0.5,1.94,0.0,1.0,14.89,2.5,0.0,0.75
1,Wed Oct 01 00:29:48 UTC 2025,Wed Oct 01 00:46:02 UTC 2025,1,3.5,1,N,79,80,1,18.4,4.25,0.5,6.05,0.0,1.0,30.2,2.5,0.0,0.75
2,Wed Oct 01 00:03:14 UTC 2025,Wed Oct 01 00:18:29 UTC 2025,1,2.66,1,N,158,87,1,16.3,1.0,0.5,4.41,0.0,1.0,26.46,2.5,0.0,0.75
2,Wed Oct 01 00:38:03 UTC 2025,Wed Oct 01 00:50:16 UTC 2025,1,2.72,1,N,186,148,1,14.9,1.0,0.5,4.13,0.0,1.0,24.78,2.5,0.0,0.75
2,Wed Oct 01 00:03:23 UTC 2025,Wed Oct 01 00:17:02 UTC 2025,1,7.78,1,N,230,243,1,31.0,1.0,0.5,7.35,0.0,1.0,44.1,2.5,0.0,0.75
2,Wed Oct 01 00:33:59 UTC 2025,Wed Oct 01 00:43:29 UTC 2025,2,2.53,1,N,230,151,2,14.2,1.0,0.5,0.0,0.0,1.0,19.95,2.5,0.0,0.75
1,Wed Oct 01 00:15:19 UTC 2025,Wed Oct 01 00:55:25 UTC 2025,1,18.9,1,N,132,33,1,75.8,2.75,0.5,4.95,0.0,1.0,85.0,0.0,1.75,0.0
2,Wed Oct 01 00:24:56 UTC 2025,Wed Oct 01 00:38:25 UTC 2025,2,5.97,1,N,132,180,1,25.4,1.0,0.5,5.58,0.0,1.0,35.23,0.0,1.75,0.0
2,Wed Oct 01 00:49:58 UTC 2025,Wed Oct 01 00:55:16 UTC 2025,1,1.57,1,N,48,68,1,8.6,1.0,0.5,2.0,0.0,1.0,16.35,2.5,0.0,0.75
2,Wed Oct 01 00:06:43 UTC 2025,Wed Oct 01 23:21:42 UTC 2025,1,2.7,1,N,170,143,1,14.9,1.0,0.5,2.06,0.0,1.0,22.71,2.5,0.0,0.75
2,Wed Oct 01 00:14:36 UTC 2025,Wed Oct 01 00:25:06 UTC 2025,1,2.26,1,N,142,233,1,13.5,1.0,0.5,3.85,0.0,1.0,23.1,2.5,0.0,0.75
2,Wed Oct 01 00:03:44 UTC 2025,Wed Oct 01 00:10:39 UTC 2025,1,1.53,1,N,211,234,1,9.3,1.0,0.5,3.76,0.0,1.0,18.81,2.5,0.0,0.75
2,Wed Oct 01 00:14:16 UTC 2025,Wed Oct 01 00:20:04 UTC 2025,2,0.95,1,N,164,113,1,7.9,1.0,0.5,2.73,0.0,1.0,16.38,2.5,0.0,0.75
2,Wed Oct 01 00:01:31 UTC 2025,Wed Oct 01 00:10:43 UTC 2025,1,1.33,1,N,249,79,2,10.7,1.0,0.5,0.0,0.0,1.0,16.45,2.5,0.0,0.75
2,Wed Oct 01 00:12:24 UTC 2025,Wed Oct 01 00:22:28 UTC 2025,1,1.91,1,N,79,170,1,12.1,1.0,0.5,0.0,0.0,1.0,17.85,2.5,0.0,0.75
2,Wed Oct 01 00:28:09 UTC 2025,Wed Oct 01 00:34:54 UTC 2025,1,1.38,1,N,4,232,1,8.6,1.0,0.5,2.15,0.0,1.0,16.5,2.5,0.0,0.75
1,Wed Oct 01 00:14:24 UTC 2025,Wed Oct 01 00:19:33 UTC 2025,1,0.9,1,N,237,230,1,6.5,4.25,0.5,2.45,0.0,1.0,14.7,2.5,0.0,0.75
1,Wed Oct 01 00:41:03 UTC 2025,Wed Oct 01 00:46:19 UTC 2025,1,1.2,1,N,237,229,1,7.2,4.25,0.5,3.25,0.0,1.0,16.2,2.5,0.0,0.75
1,Wed Oct 01 00:58:25 UTC 2025,Wed Oct 01 01:03:13 UTC 2025,1,1.0,1,N,237,233,1,7.2,4.25,0.5,10.0,0.0,1.0,22.95,2.5,0.0,0.75
1,Wed Oct 01 00:22:21 UTC 2025,Wed Oct 01 00:39:07 UTC 2025,1,3.0,1,N,249,142,1,17.7,4.25,0.5,2.0,0.0,1.0,25.45,2.5,0.0,0.75
2,Wed Oct 01 00:00:30 UTC 2025,Wed Oct 01 00:03:00 UTC 2025,1,0.54,1,N,68,246,1,5.1,1.0,0.5,1.63,0.0,1.0,12.48,2.5,0.0,0.75
2,Wed Oct 01 00:20:10 UTC 2025,Wed Oct 01 00:34:04 UTC 2025,1,1.43,1,N,186,162,1,13.5,1.0,0.5,3.85,0.0,1.0,23.1,2.5,0.0,0.75
2,Wed Oct 01 00:06:27 UTC 2025,Wed Oct 01 00:14:30 UTC 2025,1,1.8,1,N,170,68,1,10.7,1.0,0.5,3.29,0.0,1.0,19.74,2.5,0.0,0.75
2,Wed Oct 01 00:12:43 UTC 2025,Wed Oct 01 00:25:05 UTC 2025,1,0.0,1,N,186,186,1,11.4,1.0,0.5,2.78,0.0,1.0,16.68,0.0,0.0,0.0
2,Wed Oct 01 00:54:58 UTC 2025,Wed Oct 01 00:58:22 UTC 2025,1,0.0,1,N,186,186,1,5.1,1.0,0.5,2.17,0.0,1.0,13.02,2.5,0.0,0.75
2,Wed Oct 01 00:59:23 UTC 2025,Wed Oct 01 01:04:27 UTC 2025,1,0.0,1,N,186,186,1,5.8,1.0,0.5,1.66,0.0,1.0,9.96,0.0,0.0,0.0
2,Wed Oct 01 00:47:01 UTC 2025,Wed Oct 01 01:07:25 UTC 2025,1,4.07,1,N,68,263,1,22.6,1.0,0.5,5.67,0.0,1.0,34.02,2.5,0.0,0.75
2,Wed Oct 01 00:02:48 UTC 2025,Wed Oct 01 00:23:49 UTC 2025,1,7.0,1,N,231,43,1,30.3,1.0,0.5,7.21,0.0,1.0,43.26,2.5,0.0,0.75
2,Wed Oct 01 00:44:15 UTC 2025,Wed Oct 01 00:50:44 UTC 2025,1,1.53,1,N,164,246,1,9.3,1.0,0.5,3.76,0.0,1.0,18.81,2.5,0.0,0.75
1,Wed Oct 01 00:14:47 UTC 2025,Wed Oct 01 00:45:17 UTC 2025,1,6.0,1,N,249,146,1,29.6,4.25,0.5,4.0,0.0,1.0,39.35,2.5,0.0,0.75
2,Wed Oct 01 00:19:28 UTC 2025,Wed Oct 01 00:31:48 UTC 2025,1,1.95,1,N,48,229,1,13.5,1.0,0.5,3.85,0.0,1.0,23.1,2.5,0.0,0.75
1,Wed Oct 01 00:33:06 UTC 2025,Wed Oct 01 00:57:11 UTC 2025,1,7.2,1,N,68,116,1,32.4,4.25,0.5,11.45,0.0,1.0,49.6,2.5,0.0,0.75
2,Wed Oct 01 00:09:26 UTC 2025,Wed Oct 01 00:15:15 UTC 2025,2,1.34,1,N,234,90,1,8.6,1.0,0.5,1.0,0.0,1.0,15.35,2.5,0.0,0.75
2,Wed Oct 01 00:28:28 UTC 2025,Wed Oct 01 00:32:55 UTC 2025,1,1.27,1,N,249,234,1,7.2,1.0,0.5,1.0,0.0,1.0,13.95,2.5,0.0,0.75
2,Wed Oct 01 00:21:10 UTC 2025,Wed Oct 01 00:32:10 UTC 2025,1,2.46,1,N,166,236,1,14.2,1.0,0.5,2.8,0.0,1.0,22.0,2.5,0.0,0.0
2,Wed Oct 01 00:37:22 UTC 2025,Wed Oct 01 00:51:26 UTC 2025,1,2.21,1,N,230,224,1,14.9,1.0,0.5,2.06,0.0,1.0,22.71,2.5,0.0,0.75
2,Wed Oct 01 00:16:54 UTC 2025,Wed Oct 01 00:29:48 UTC 2025,1,2.08,1,N,249,48,2,14.2,1.0,0.5,0.0,0.0,1.0,19.95,2.5,0.0,0.75
2,Wed Oct 01 00:36:21 UTC 2025,Wed Oct 01 00:41:53 UTC 2025,1,1.48,1,N,48,143,1,9.3,1.0,0.5,3.58,0.0,1.0,18.63,2.5,0.0,0.75
2,Wed Oct 01 00:08:55 UTC 2025,Wed Oct 01 00:18:09 UTC 2025,1,2.46,1,N,162,90,1,12.1,1.0,0.5,3.57,0.0,1.0,21.42,2.5,0.0,0.75
2,Wed Oct 01 00:27:50 UTC 2025,Wed Oct 01 00:35:27 UTC 2025,1,1.74,1,N,68,231,1,10.7,1.0,0.5,3.29,0.0,1.0,19.74,2.5,0.0,0.75
2,Wed Oct 01 00:40:51 UTC 2025,Wed Oct 01 00:46:56 UTC 2025,1,1.55,1,N,158,68,1,9.3,1.0,0.5,3.01,0.0,1.0,18.06,2.5,0.0,0.75
2,Wed Oct 01 00:55:32 UTC 2025,Wed Oct 01 01:04:24 UTC 2025,1,1.69,1,N,68,125,1,10.7,1.0,0.5,2.0,0.0,1.0,18.45,2.5,0.0,0.75
2,Wed Oct 01 00:28:27 UTC 2025,Wed Oct 01 00:36:12 UTC 2025,1,1.37,1,N,229,100,1,10.0,1.0,0.5,3.15,0.0,1.0,18.9,2.5,0.0,0.75
2,Wed Oct 01 00:07:24 UTC 2025,Wed Oct 01 00:31:59 UTC 2025,1,13.18,4,N,132,265,1,70.9,1.0,0.5,18.35,0.0,1.0,93.5,0.0,1.75,0.0
2,Wed Oct 01 00:31:29 UTC 2025,Wed Oct 01 00:35:13 UTC 2025,1,1.42,1,N,237,236,1,7.9,1.0,0.5,1.94,0.0,1.0,14.84,2.5,0.0,0.0
2,Wed Oct 01 00:55:49 UTC 2025,Wed Oct 01 00:58:09 UTC 2025,1,0.46,1,N,162,141,4,-5.1,-1.0,-0.5,0.0,0.0,-1.0,-10.85,-2.5,0.0,-0.75
2,Wed Oct 01 00:55:49 UTC 2025,Wed Oct 01 00:58:09 UTC 2025,1,0.46,1,N,162,140,4,5.1,1.0,0.5,0.0,0.0,1.0,10.85,2.5,0.0,0.75
2,Wed Oct 01 00:59:53 UTC 2025,Wed Oct 01 01:23:37 UTC 2025,1,16.02,5,N,140,265,1,100.0,0.0,0.0,0.0,0.0,1.0,103.5,2.5,0.0,0.0
2,Wed Oct 01 00:28:15 UTC 2025,Wed Oct 01 00:50:52 UTC 2025,2,5.74,1,N,100,166,1,28.2,1.0,0.5,6.79,0.0,1.0,40.74,2.5,0.0,0.75
7,Wed Oct 01 00:36:31 UTC 2025,Wed Oct 01 00:36:31 UTC 2025,1,3.12,1,N,163,113,1,19.8,0.0,0.5,4.0,0.0,1.0,29.55,2.5,0.0,0.75
1,Wed Oct 01 00:46:28 UTC 2025,Wed Oct 01 00:59:19 UTC 2025,1,7.1,1,N,132,139,1,28.2,2.75,0.5,8.1,0.0,1.0,40.55,0.0,1.75,0.0
2,Wed Oct 01 00:46:52 UTC 2025,Wed Oct 01 01:02:33 UTC 2025,1,5.26,1,N,237,261,1,22.6,1.0,0.5,5.67,0.0,1.0,34.02,2.5,0.0,0.75
2,Wed Oct 01 00:37:39 UTC 2025,Wed Oct 01 00:51:55 UTC 2025,1,5.33,1,N,162,87,1,24.0,1.0,0.5,0.78,0.0,1.0,30.53,2.5,0.0,0.75
2,Wed Oct 01 00:24:14 UTC 2025,Wed Oct 01 00:32:47 UTC 2025,1,4.85,1,N,148,226,1,20.5,1.0,0.5,5.25,0.0,1.0,31.5,2.5,0.0,0.75
2,Wed Oct 01 00:18:47 UTC 2025,Wed Oct 01 00:26:29 UTC 2025,1,0.99,1,N,249,79,1,8.6,1.0,0.5,1.44,0.0,1.0,15.79,2.5,0.0,0.75
2,Wed Oct 01 00:41:35 UTC 2025,Wed Oct 01 00:51:08 UTC 2025,1,1.44,1,N,158,231,1,10.7,1.0,0.5,4.11,0.0,1.0,20.56,2.5,0.0,0.75
2,Wed Oct 01 00:59:10 UTC 2025,Wed Oct 01 01:05:57 UTC 2025,1,0.93,1,N,231,87,1,7.9,1.0,0.5,0.0,0.0,1.0,13.65,2.5,0.0,0.75
2,Wed Oct 01 00:51:41 UTC 2025,Wed Oct 01 00:58:33 UTC 2025,1,0.87,1,N,137,186,1,7.9,1.0,0.5,2.05,0.0,1.0,15.7,2.5,0.0,0.75
2,Wed Oct 01 00:43:46 UTC 2025,Wed Oct 01 00:48:08 UTC 2025,1,0.95,1,N,114,148,1,6.5,1.0,0.5,3.67,0.0,1.0,15.92,2.5,0.0,0.75
2,Wed Oct 01 00:55:16 UTC 2025,Wed Oct 01 01:01:23 UTC 2025,1,0.95,1,N,79,113,1,7.9,1.0,0.5,3.41,0.0,1.0,17.06,2.5,0.0,0.75
2,Wed Oct 01 00:09:48 UTC 2025,Wed Oct 01 00:22:18 UTC 2025,3,2.96,1,N,161,246,1,15.6,1.0,0.5,0.0,0.0,1.0,21.35,2.5,0.0,0.75
2,Wed Oct 01 00:32:04 UTC 2025,Wed Oct 01 00:36:07 UTC 2025,4,0.82,1,N,249,158,1,6.5,1.0,0.5,2.45,0.0,1.0,14.7,2.5,0.0,0.75
2,Wed Oct 01 00:07:23 UTC 2025,Wed Oct 01 00:48:44 UTC 2025,1,8.05,1,N,142,225,2,-43.6,-1.0,-0.5,0.0,0.0,-1.0,-49.35,-2.5,0.0,-0.75
2,Wed Oct 01 00:07:23 UTC 2025,Wed Oct 01 00:48:44 UTC 2025,1,8.05,1,N,142,225,2,43.6,1.0,0.5,0.0,0.0,1.0,49.35,2.5,0.0,0.75
2,Wed Oct 01 00:36:28 UTC 2025,Wed Oct 01 00:45:53 UTC 2025,1,1.57,1,N,246,50,2,11.4,1.0,0.5,0.0,0.0,1.0,17.15,2.5,0.0,0.75
1,Wed Oct 01 00:24:14 UTC 2025,Wed Oct 01 00:36:16 UTC 2025,1,1.7,1,N,264,264,1,12.8,4.25,0.5,5.55,0.0,1.0,24.1,2.5,0.0,0.75
1,Wed Oct 01 00:17:16 UTC 2025,Wed Oct 01 00:26:34 UTC 2025,1,2.3,1,N,79,256,1,12.8,4.25,0.5,3.7,0.0,1.0,22.25,2.5,0.0,0.75
2,Wed Oct 01 00:14:18 UTC 2025,Wed Oct 01 00:25:38 UTC 2025,2,2.24,1,N,236,230,1,13.5,1.0,0.5,3.85,0.0,1.0,23.1,2.5,0.0,0.75
2,Wed Oct 01 00:00:30 UTC 2025,Wed Oct 01 00:39:23 UTC 2025,1,10.84,1,N,138,246,1,48.5,6.0,0.5,6.1,0.0,1.0,67.1,2.5,1.75,0.75
2,Wed Oct 01 00:00:32 UTC 2025,Wed Oct 01 00:11:29 UTC 2025,1,2.52,1,N,141,224,1,13.5,1.0,0.5,3.85,0.0,1.0,23.1,2.5,0.0,0.75
2,Wed Oct 01 00:25:14 UTC 2025,Wed Oct 01 00:31:08 UTC 2025,1,0.77,1,N,107,164,1,7.2,1.0,0.5,3.88,0.0,1.0,16.83,2.5,0.0,0.75
2,Wed Oct 01 00:19:25 UTC 2025,Wed Oct 01 00:26:47 UTC 2025,1,1.1,1,N,164,162,1,8.6,1.0,0.5,2.87,0.0,1.0,17.22,2.5,0.0,0.75
2,Wed Oct 01 00:18:22 UTC 2025,Wed Oct 01 00:27:33 UTC 2025,1,1.75,1,N,186,114,1,10.7,1.0,0.5,4.11,0.0,1.0,20.56,2.5,0.0,0.75
2,Wed Oct 01 00:40:50 UTC 2025,Wed Oct 01 00:54:05 UTC 2025,1,2.14,1,N,164,79,1,14.9,1.0,0.5,4.13,0.0,1.0,24.78,2.5,0.0,0.75
2,Wed Oct 01 00:56:38 UTC 2025,Wed Oct 01 01:15:10 UTC 2025,1,4.42,1,N,79,17,1,23.3,1.0,0.5,5.81,0.0,1.0,34.86,2.5,0.0,0.75
2,Wed Oct 01 00:41:30 UTC 2025,Wed Oct 01 00:45:48 UTC 2025,2,0.72,1,N,234,234,1,6.5,1.0,0.5,5.05,0.0,1.0,17.3,2.5,0.0,0.75
2,Wed Oct 01 00:52:26 UTC 2025,Wed Oct 01 00:58:46 UTC 2025,2,0.79,1,N,234,100,2,7.9,1.0,0.5,0.0,0.0,1.0,13.65,2.5,0.0,0.75
2,Wed Oct 01 00:04:31 UTC 2025,Wed Oct 01 00:30:34 UTC 2025,1,16.15,1,N,132,29,2,62.5,1.0,0.5,0.0,0.0,1.0,66.75,0.0,1.75,0.0
1,Wed Oct 01 00:01:34 UTC 2025,Wed Oct 01 00:12:02 UTC 2025,1,1.8,1,N,239,263,1,12.1,3.5,0.5,3.4,0.0,1.0,20.5,2.5,0.0,0.0
2,Wed Oct 01 00:09:48 UTC 2025,Wed Oct 01 00:12:57 UTC 2025,1,0.68,1,N,238,239,1,5.8,1.0,0.5,2.16,0.0,1.0,12.96,2.5,0.0,0.0
2,Wed Oct 01 00:01:40 UTC 2025,Wed Oct 01 00:07:32 UTC 2025,1,0.89,1,N,107,186,2,7.2,1.0,0.5,0.0,0.0,1.0,12.95,2.5,0.0,0.75
2,Wed Oct 01 00:39:37 UTC 2025,Wed Oct 01 00:55:53 UTC 2025,1,5.6,1,N,141,144,1,25.4,1.0,0.5,0.0,0.0,1.0,31.15,2.5,0.0,0.75
2,Wed Oct 01 00:30:15 UTC 2025,Wed Oct 01 00:39:01 UTC 2025,2,1.67,1,N,239,230,1,11.4,1.0,0.5,3.43,0.0,1.0,20.58,2.5,0.0,0.75
2,Wed Oct 01 00:42:17 UTC 2025,Wed Oct 01 01:06:02 UTC 2025,3,4.29,1,N,230,193,1,25.4,1.0,0.5,7.79,0.0,1.0,38.94,2.5,0.0,0.75
2,Wed Oct 01 00:01:07 UTC 2025,Wed Oct 01 00:08:17 UTC 2025,1,2.22,1,N,75,140,1,12.8,1.0,0.5,0.0,0.0,1.0,17.8,2.5,0.0,0.0
2,Wed Oct 01 00:15:29 UTC 2025,Wed Oct 01 00:28:20 UTC 2025,1,2.04,1,N,158,79,1,13.5,1.0,0.5,1.0,0.0,1.0,20.25,2.5,0.0,0.75
2,Wed Oct 01 00:43:53 UTC 2025,Wed Oct 01 00:51:40 UTC 2025,1,2.79,1,N,107,141,1,12.8,1.0,0.5,2.78,0.0,1.0,21.33,2.5,0.0,0.75
2,Wed Oct 01 00:53:29 UTC 2025,Wed Oct 01 00:55:37 UTC 2025,1,0.87,1,N,249,90,1,5.8,1.0,0.5,2.89,0.0,1.0,14.44,2.5,0.0,0.75
2,Wed Oct 01 00:20:56 UTC 2025,Wed Oct 01 00:37:04 UTC 2025,1,5.26,1,N,162,209,1,24.0,1.0,0.5,3.0,0.0,1.0,32.75,2.5,0.0,0.75
1,Wed Oct 01 00:03:05 UTC 2025,Wed Oct 01 00:08:05 UTC 2025,1,1.2,1,N,137,162,1,7.9,4.25,0.5,2.0,0.0,1.0,15.65,2.5,0.0,0.75
1,Wed Oct 01 00:27:18 UTC 2025,Wed Oct 01 00:33:56 UTC 2025,1,1.4,1,N,79,232,2,9.3,4.25,0.5,0.0,0.0,1.0,15.05,2.5,0.0,0.75
1,Wed Oct 01 00:01:13 UTC 2025,Wed Oct 01 00:08:04 UTC 2025,1,1.1,1,N,238,24,1,7.9,3.5,0.5,2.6,0.0,1.0,15.5,2.5,0.0,0.0
2,Wed Oct 01 00:02:13 UTC 2025,Wed Oct 01 00:12:13 UTC 2025,2,1.49,1,N,90,230,1,11.4,1.0,0.5,3.43,0.0,1.0,20.58,2.5,0.0,0.75
2,Wed Oct 01 00:12:42 UTC 2025,Wed Oct 01 00:20:18 UTC 2025,3,1.36,1,N,230,162,2,9.3,1.0,0.5,0.0,0.0,1.0,15.05,2.5,0.0,0.75
2,Wed Oct 01 00:29:27 UTC 2025,Wed Oct 01 00:46:56 UTC 2025,2,5.54,1,N,263,211,1,24.0,1.0,0.5,0.0,0.0,1.0,29.75,2.5,0.0,0.75
2,Wed Oct 01 00:06:25 UTC 2025,Wed Oct 01 00:20:03 UTC 2025,3,2.29,1,N,68,100,1,14.9,1.0,0.5,0.0,0.0,1.0,20.65,2.5,0.0,0.75
1,Wed Oct 01 00:04:22 UTC 2025,Wed Oct 01 00:13:09 UTC 2025,1,1.8,1,N,162,224,1,10.7,4.25,0.5,3.3,0.0,1.0,19.75,2.5,0.0,0.75
1,Wed Oct 01 00:50:02 UTC 2025,Wed Oct 01 01:08:32 UTC 2025,1,6.9,1,N,161,33,1,28.9,4.25,0.5,6.95,0.0,1.0,41.6,2.5,0.0,0.75
2,Wed Oct 01 00:16:06 UTC 2025,Wed Oct 01 00:32:52 UTC 2025,1,5.33,1,N,79,239,1,23.3,1.0,0.5,5.81,0.0,1.0,34.86,2.5,0.0,0.75
1,Wed Oct 01 00:09:08 UTC 2025,Wed Oct 01 00:20:18 UTC 2025,1,1.9,1,N,234,100,1,12.8,4.25,0.5,3.7,0.0,1.0,22.25,2.5,0.0,0.75
1,Wed Oct 01 00:24:44 UTC 2025,Wed Oct 01 00:26:16 UTC 2025,1,0.2,1,N,164,164,1,3.7,4.25,0.5,4.0,0.0,1.0,13.45,2.5,0.0,0.75
1,Wed Oct 01 00:54:00 UTC 2025,Wed Oct 01 01:15:38 UTC 2025,1,5.5,1,N,233,166,1,24.7,4.25,0.5,5.0,0.0,1.0,35.45,2.5,0.0,0.75
2,Wed Oct 01 00:12:41 UTC 2025,Wed Oct 01 00:33:13 UTC 2025,6,3.53,1,N,163,100,1,21.2,1.0,0.5,5.39,0.0,1.0,32.34,2.5,0.0,0.75
2,Wed Oct 01 00:48:07 UTC 2025,Wed Oct 01 01:10:06 UTC 2025,6,7.37,1,N,48,255,1,32.4,1.0,0.5,7.63,0.0,1.0,45.78,2.5,0.0,0.75
2,Wed Oct 01 00:08:28 UTC 2025,Wed Oct 01 00:24:04 UTC 2025,1,3.62,1,N,230,41,2,19.1,1.0,0.5,0.0,0.0,1.0,24.85,2.5,0.0,0.75
1,Wed Oct 01 00:14:44 UTC 2025,Wed Oct 01 00:20:36 UTC 2025,1,1.0,1,N,114,79,1,7.9,4.25,0.5,3.0,0.0,1.0,16.65,2.5,0.0,0.75
1,Wed Oct 01 00:24:45 UTC 2025,Wed Oct 01 00:32:25 UTC 2025,1,1.5,1,N,114,90,2,9.3,4.25,0.5,0.0,0.0,1.0,15.05,2.5,0.0,0.75
1,Wed Oct 01 00:56:49 UTC 2025,Wed Oct 01 01:19:00 UTC 2025,1,5.4,1,N,249,17,1,24.7,4.25,0.5,7.6,0.0,1.0,38.05,2.5,0.0,0.75
1,Wed Oct 01 00:54:11 UTC 2025,Wed Oct 01 00:58:10 UTC 2025,1,0.6,1,N,230,48,2,5.8,4.25,0.5,0.0,0.0,1.0,11.55,2.5,0.0,0.75
1,Wed Oct 01 00:27:44 UTC 2025,Wed Oct 01 00:43:06 UTC 2025,2,2.4,1,N,113,230,1,14.9,4.25,0.5,5.15,0.0,1.0,25.8,2.5,0.0,0.75
1,Wed Oct 01 00:05:36 UTC 2025,Wed Oct 01 00:09:59 UTC 2025,1,1.2,1,N,48,68,1,7.9,4.25,0.5,2.7,0.0,1.0,16.35,2.5,0.0,0.75
1,Wed Oct 01 00:16:46 UTC 2025,Wed Oct 01 00:28:29 UTC 2025,1,2.3,1,Y,246,231,1,13.5,4.25,0.5,3.85,0.0,1.0,23.1,2.5,0.0,0.75
1,Wed Oct 01 00:51:12 UTC 2025,Wed Oct 01 00:53:50 UTC 2025,1,0.6,1,Y,230,48,1,5.1,4.25,0.5,2.15,0.0,1.0,13.0,2.5,0.0,0.75
1,Wed Oct 01 00:35:26 UTC 2025,Wed Oct 01 00:41:25 UTC 2025,1,1.1,1,N,249,68,1,7.9,4.25,0.5,2.75,0.0,1.0,16.4,2.5,0.0,0.75
1,Wed Oct 01 00:06:47 UTC 2025,Wed Oct 01 00:32:29 UTC 2025,1,14.4,1,N,138,257,2,55.5,7.75,0.5,0.0,0.0,1.0,64.75,0.0,1.75,0.0
2,Wed Oct 01 00:28:48 UTC 2025,Wed Oct 01 00:58:28 UTC 2025,1,5.37,1,N,87,37,1,31.7,1.0,0.5,3.75,0.0,1.0,41.2,2.5,0.0,0.75
2,Wed Oct 01 00:25:04 UTC 2025,Wed Oct 01 00:25:37 UTC 2025,1,0.0,1,N,148,148,2,-3.0,-1.0,-0.5,0.0,0.0,-1.0,-8.75,-2.5,0.0,-0.75
2,Wed Oct 01 00:25:04 UTC 2025,Wed Oct 01 00:25:37 UTC 2025,1,0.0,1,N,148,148,2,3.0,1.0,0.5,0.0,0.0,1.0,8.75,2.5,0.0,0.75
2,Wed Oct 01 00:28:19 UTC 2025,Wed Oct 01 00:53:44 UTC 2025,1,6.39,5,N,148,265,1,120.0,0.0,0.0,24.35,0.0,1.0,146.1,0.0,0.0,0.75
1,Wed Oct 01 00:03:56 UTC 2025,Wed Oct 01 00:06:10 UTC 2025,1,0.8,1,N,236,43,1,5.8,3.5,0.5,2.15,0.0,1.0,12.95,2.5,0.0,0.0
1,Wed Oct 01 00:15:11 UTC 2025,Wed Oct 01 00:21:34 UTC 2025,1,2.3,1,N,237,234,1,10.7,4.25,0.5,3.3,0.0,1.0,19.75,2.5,0.0,0.75
1,Wed Oct 01 00:26:10 UTC 2025,Wed Oct 01 00:37:18 UTC 2025,1,2.1,1,N,234,230,1,12.1,4.25,0.5,4.45,0.0,1.0,22.3,2.5,0.0,0.75
1,Wed Oct 01 00:47:11 UTC 2025,Wed Oct 01 00:52:05 UTC 2025,1,0.9,1,N,161,237,1,6.5,4.25,0.5,2.45,0.0,1.0,14.7,2.5,0.0,0.75
1,Wed Oct 01 00:54:11 UTC 2025,Wed Oct 01 00:58:17 UTC 2025,1,1.1,1,N,163,236,1,7.2,4.25,0.5,2.6,0.0,1.0,15.55,2.5,0.0,0.75
1,Wed Oct 01 00:08:18 UTC 2025,Wed Oct 01 00:15:14 UTC 2025,3,1.3,1,N,161,164,1,8.6,4.25,0.5,3.6,0.0,1.0,17.95,2.5,0.0,0.75
2,Wed Oct 01 00:55:08 UTC 2025,Wed Oct 01 01:04:02 UTC 2025,1,1.2,1,N,186,230,2,10.0,1.0,0.5,0.0,0.0,1.0,15.75,2.5,0.0,0.75
2,Wed Oct 01 00:44:56 UTC 2025,Wed Oct 01 00:52:19 UTC 2025,1,1.36,1,N,234,246,1,9.3,1.0,0.5,1.5,0.0,1.0,16.55,2.5,0.0,0.75
1,Wed Oct 01 00:05:08 UTC 2025,Wed Oct 01 00:13:04 UTC 2025,1,1.7,1,N,164,158,1,10.0,4.25,0.5,2.0,0.0,1.0,17.75,2.5,0.0,0.75
1,Wed Oct 01 00:16:08 UTC 2025,Wed Oct 01 00:24:34 UTC 2025,2,1.2,1,N,158,234,1,8.6,4.25,0.5,2.0,0.0,1.0,16.35,2.5,0.0,0.75
2,Wed Oct 01 00:00:57 UTC 2025,Wed Oct 01 00:33:54 UTC 2025,1,9.33,1,N,162,181,1,42.9,1.0,0.5,9.73,0.0,1.0,58.38,2.5,0.0,0.75
1,Wed Oct 01 00:23:19 UTC 2025,Wed Oct 01 00:40:18 UTC 2025,1,13.1,4,N,132,265,1,73.7,2.75,0.5,3.0,0.0,1.0,80.95,0.0,1.75,0.0
1,Wed Oct 01 00:45:24 UTC 2025,Wed Oct 01 00:52:14 UTC 2025,0,7.2,1,N,265,203,2,28.2,1.0,0.5,0.0,0.0,1.0,30.7,0.0,0.0,0.0
1,Wed Oct 01 00:21:14 UTC 2025,Wed Oct 01 00:38:16 UTC 2025,1,4.8,1,N,125,262,1,21.9,4.25,0.5,3.33,0.0,1.0,30.98,2.5,0.0,0.75
2,Wed Oct 01 00:20:59 UTC 2025,Wed Oct 01 00:43:49 UTC 2025,1,5.29,1,N,164,166,1,26.1,1.0,0.5,7.96,0.0,1.0,39.81,2.5,0.0,0.75
2,Wed Oct 01 00:24:44 UTC 2025,Wed Oct 01 00:31:00 UTC 2025,4,1.25,1,N,237,263,1,8.6,1.0,0.5,2.72,0.0,1.0,16.32,2.5,0.0,0.0
2,Wed Oct 01 00:16:07 UTC 2025,Wed Oct 01 00:33:55 UTC 2025,1,3.93,1,N,107,236,1,21.2,1.0,0.5,5.39,0.0,1.0,32.34,2.5,0.0,0.75
2,Wed Oct 01 00:35:19 UTC 2025,Wed Oct 01 00:40:33 UTC 2025,1,1.17,1,N,114,164,1,7.9,1.0,0.5,1.0,0.0,1.0,14.65,2.5,0.0,0.75
2,Wed Oct 01 00:11:12 UTC 2025,Wed Oct 01 00:19:49 UTC 2025,4,2.18,1,N,170,79,1,12.1,1.0,0.5,3.57,0.0,1.0,21.42,2.5,0.0,0.75
2,Wed Oct 01 00:26:31 UTC 2025,Wed Oct 01 00:34:29 UTC 2025,1,1.91,1,N,68,144,1,10.7,1.0,0.5,3.29,0.0,1.0,19.74,2.5,0.0,0.75
2,Wed Oct 01 00:14:16 UTC 2025,Wed Oct 01 00:14:24 UTC 2025,2,0.0,5,N,193,193,4,-40.0,0.0,0.0,0.0,0.0,-1.0,-41.0,0.0,0.0,0.0
2,Wed Oct 01 00:14:16 UTC 2025,Wed Oct 01 00:14:24 UTC 2025,2,0.0,5,N,193,193,4,40.0,0.0,0.0,0.0,0.0,1.0,41.0,0.0,0.0,0.0
2,Wed Oct 01 00:15:33 UTC 2025,Wed Oct 01 00:15:40 UTC 2025,3,0.0,5,N,193,193,4,-45.0,0.0,0.0,0.0,0.0,-1.0,-46.0,0.0,0.0,0.0
2,Wed Oct 01 00:15:33 UTC 2025,Wed Oct 01 00:15:40 UTC 2025,3,0.0,5,N,193,193,4,45.0,0.0,0.0,0.0,0.0,1.0,46.0,0.0,0.0,0.0
2,Wed Oct 01 00:17:46 UTC 2025,Wed Oct 01 00:17:54 UTC 2025,3,0.0,5,N,193,193,1,46.0,0.0,0.0,14.1,0.0,1.0,61.1,0.0,0.0,0.0
2,Wed Oct 01 00:41:04 UTC 2025,Wed Oct 01 00:47:42 UTC 2025,2,0.96,1,N,90,100,1,8.6,1.0,0.5,2.87,0.0,1.0,17.22,2.5,0.0,0.75
2,Wed Oct 01 00:58:55 UTC 2025,Wed Oct 01 01:08:05 UTC 2025,2,2.33,1,N,90,13,2,12.1,1.0,0.5,0.0,0.0,1.0,17.85,2.5,0.0,0.75
1,Wed Oct 01 00:06:03 UTC 2025,Wed Oct 01 00:17:31 UTC 2025,1,1.7,1,N,161,143,1,11.4,4.25,0.5,3.45,0.0,1.0,20.6,2.5,0.0,0.75
1,Wed Oct 01 00:41:28 UTC 2025,Wed Oct 01 00:50:43 UTC 2025,1,1.4,1,N,158,68,1,10.7,4.25,0.5,3.3,0.0,1.0,19.75,2.5,0.0,0.75
2,Wed Oct 01 00:19:49 UTC 2025,Wed Oct 01 00:33:43 UTC 2025,1,2.89,1,N,231,68,4,-15.6,-1.0,-0.5,0.0,0.0,-1.0,-21.35,-2.5,0.0,-0.75
2,Wed Oct 01 00:19:49 UTC 2025,Wed Oct 01 00:33:43 UTC 2025,1,2.89,1,N,231,68,4,15.6,1.0,0.5,0.0,0.0,1.0,21.35,2.5,0.0,0.75
1,Wed Oct 01 00:20:17 UTC 2025,Wed Oct 01 00:38:18 UTC 2025,2,4.7,1,N,164,74,1,21.9,4.25,0.5,5.5,0.0,1.0,33.15,2.5,0.0,0.75
2,Wed Oct 01 00:04:54 UTC 2025,Wed Oct 01 00:19:46 UTC 2025,1,2.42,1,N,107,142,1,15.6,1.0,0.5,4.27,0.0,1.0,25.62,2.5,0.0,0.75
1,Wed Oct 01 00:42:04 UTC 2025,Wed Oct 01 00:57:30 UTC 2025,3,2.1,1,N,65,65,1,15.6,1.0,0.5,3.6,0.0,1.0,21.7,0.0,0.0,0.0
2,Wed Oct 01 00:05:43 UTC 2025,Wed Oct 01 00:08:47 UTC 2025,1,0.61,1,N,230,186,2,5.8,1.0,0.5,0.0,0.0,1.0,11.55,2.5,0.0,0.75
2,Wed Oct 01 00:11:47 UTC 2025,Wed Oct 01 00:24:33 UTC 2025,1,2.84,1,N,90,87,1,15.6,1.0,0.5,3.84,0.0,1.0,25.19,2.5,0.0,0.75
2,Wed Oct 01 00:23:09 UTC 2025,Wed Oct 01 00:25:14 UTC 2025,1,0.98,1,N,233,140,1,5.8,1.0,0.5,1.0,0.0,1.0,12.55,2.5,0.0,0.75
2,Wed Oct 01 00:30:04 UTC 2025,Wed Oct 01 00:50:12 UTC 2025,1,0.23,1,N,162,170,2,8.6,1.0,0.5,0.0,0.0,1.0,14.35,2.5,0.0,0.75
1,Wed Oct 01 00:13:56 UTC 2025,Wed Oct 01 00:24:12 UTC 2025,1,1.4,1,N,161,50,2,10.0,4.25,0.5,0.0,0.0,1.0,15.75,2.5,0.0,0.75
2,Wed Oct 01 00:31:20 UTC 2025,Wed Oct 01 00:38:03 UTC 2025,1,0.88,1,N,162,100,1,7.9,1.0,0.5,4.09,0.0,1.0,17.74,2.5,0.0,0.75
2,Wed Oct 01 00:04:46 UTC 2025,Wed Oct 01 00:08:45 UTC 2025,1,1.58,1,N,229,140,1,7.9,1.0,0.5,1.0,0.0,1.0,14.65,2.5,0.0,0.75
2,Wed Oct 01 00:07:02 UTC 2025,Wed Oct 01 00:10:22 UTC 2025,5,1.37,1,N,237,236,1,7.2,1.0,0.5,2.44,0.0,1.0,14.64,2.5,0.0,0.0
2,Wed Oct 01 00:32:15 UTC 2025,Wed Oct 01 00:51:24 UTC 2025,5,3.15,1,N,237,90,1,19.8,1.0,0.5,3.0,0.0,1.0,28.55,2.5,0.0,0.75
2,Wed Oct 01 00:42:20 UTC 2025,Wed Oct 01 00:51:19 UTC 2025,1,2.62,1,N,4,209,4,-13.5,-1.0,-0.5,0.0,0.0,-1.0,-19.25,-2.5,0.0,-0.75
2,Wed Oct 01 00:42:20 UTC 2025,Wed Oct 01 00:51:19 UTC 2025,1,2.62,1,N,4,209,4,13.5,1.0,0.5,0.0,0.0,1.0,19.25,2.5,0.0,0.75
2,Wed Oct 01 00:29:04 UTC 2025,Wed Oct 01 00:36:17 UTC 2025,1,1.43,1,N,234,170,1,9.3,1.0,0.5,3.01,0.0,1.0,18.06,2.5,0.0,0.75
2,Wed Oct 01 00:21:35 UTC 2025,Wed Oct 01 00:25:18 UTC 2025,1,0.35,1,N,161,163,1,5.1,1.0,0.5,2.17,0.0,1.0,13.02,2.5,0.0,0.75
2,Wed Oct 01 00:46:31 UTC 2025,Wed Oct 01 01:08:05 UTC 2025,1,6.52,1,N,114,41,1,28.2,1.0,0.5,8.49,0.0,1.0,42.44,2.5,0.0,0.75
2,Wed Oct 01 00:12:33 UTC 2025,Wed Oct 01 00:31:40 UTC 2025,1,3.69,1,N,188,37,1,20.5,1.0,0.5,0.0,0.0,1.0,23.0,0.0,0.0,0.0
1,Wed Oct 01 00:02:53 UTC 2025,Wed Oct 01 00:08:33 UTC 2025,1,0.8,1,N,74,74,2,7.2,1.0,0.5,0.0,0.0,1.0,9.7,0.0,0.0,0.0
2,Wed Oct 01 00:34:05 UTC 2025,Wed Oct 01 00:57:41 UTC 2025,1,4.45,1,N,114,181,1,24.7,1.0,0.5,6.09,0.0,1.0,36.54,2.5,0.0,0.75
2,Wed Oct 01 00:09:11 UTC 2025,Wed Oct 01 01:08:59 UTC 2025,1,22.13,5,N,132,265,1,130.0,0.0,0.0,0.8,0.0,1.0,134.3,0.0,1.75,0.75
2,Wed Oct 01 00:35:35 UTC 2025,Wed Oct 01 00:41:40 UTC 2025,1,1.63,1,N,263,239,1,9.3,1.0,0.5,1.43,0.0,1.0,15.73,2.5,0.0,0.0
2,Wed Oct 01 00:46:52 UTC 2025,Wed Oct 01 00:55:06 UTC 2025,2,2.47,1,N,48,234,1,12.1,1.0,0.5,3.57,0.0,1.0,21.42,2.5,0.0,0.75
2,Wed Oct 01 00:45:36 UTC 2025,Wed Oct 01 00:50:12 UTC 2025,1,1.15,1,N,249,90,1,7.2,1.0,0.5,2.59,0.0,1.0,15.54,2.5,0.0,0.75
1,Wed Oct 01 00:24:52 UTC 2025,Wed Oct 01 00:46:39 UTC 2025,1,4.3,1,N,186,263,1,22.6,4.25,0.5,5.65,0.0,1.0,34.0,2.5,0.0,0.75
1,Wed Oct 01 00:18:08 UTC 2025,Wed Oct 01 00:31:56 UTC 2025,1,4.9,1,N,161,87,1,21.9,4.25,0.5,6.9,0.0,1.0,34.55,2.5,0.0,0.75
2,Wed Oct 01 00:21:59 UTC 2025,Wed Oct 01 00:29:43 UTC 2025,1,2.29,1,N,233,262,1,11.4,1.0,0.5,2.5,0.0,1.0,19.65,2.5,0.0,0.75
2,Wed Oct 01 00:15:36 UTC 2025,Wed Oct 01 00:21:23 UTC 2025,1,2.25,1,N,79,162,1,10.7,1.0,0.5,1.5,0.0,1.0,17.95,2.5,0.0,0.75
2,Wed Oct 01 00:29:03 UTC 2025,Wed Oct 01 00:37:27 UTC 2025,1,3.21,1,N,231,4,1,14.9,1.0,0.5,2.5,0.0,1.0,23.15,2.5,0.0,0.75
2,Wed Oct 01 00:10:17 UTC 2025,Wed Oct 01 00:12:03 UTC 2025,1,0.7,1,N,107,137,1,5.1,1.0,0.5,1.0,0.0,1.0,11.85,2.5,0.0,0.75
2,Wed Oct 01 00:19:43 UTC 2025,Wed Oct 01 00:22:44 UTC 2025,1,0.72,1,N,79,107,1,5.8,1.0,0.5,2.0,0.0,1.0,13.55,2.5,0.0,0.75
2,Wed Oct 01 00:27:23 UTC 2025,Wed Oct 01 01:04:01 UTC 2025,1,6.56,1,N,137,13,1,37.3,1.0,0.5,0.0,0.0,1.0,43.05,2.5,0.0,0.75
1,Wed Oct 01 00:02:14 UTC 2025,Wed Oct 01 00:06:34 UTC 2025,2,1.1,1,N,142,239,1,7.2,3.5,0.5,1.0,0.0,1.0,13.2,2.5,0.0,0.0
1,Wed Oct 01 00:29:33 UTC 2025,Wed Oct 01 00:39:50 UTC 2025,2,2.5,1,N,237,239,1,14.2,4.25,0.5,3.95,0.0,1.0,23.9,2.5,0.0,0.75
1,Wed Oct 01 00:22:17 UTC 2025,Wed Oct 01 00:28:33 UTC 2025,1,0.8,1,N,186,48,1,7.9,4.25,0.5,1.5,0.0,1.0,15.15,2.5,0.0,0.75
1,Wed Oct 01 00:30:40 UTC 2025,Wed Oct 01 00:33:55 UTC 2025,3,0.7,1,N,48,50,1,5.8,4.25,0.5,1.0,0.0,1.0,12.55,2.5,0.0,0.75
1,Wed Oct 01 00:38:48 UTC 2025,Wed Oct 01 00:56:01 UTC 2025,1,3.9,1,N,48,262,1,21.2,4.25,0.5,5.35,0.0,1.0,32.3,2.5,0.0,0.75
2,Wed Oct 01 00:22:06 UTC 2025,Wed Oct 01 00:40:59 UTC 2025,1,4.11,1,N,43,231,1,21.2,1.0,0.5,5.39,0.0,1.0,32.34,2.5,0.0,0.75
2,Wed Oct 01 00:51:05 UTC 2025,Wed Oct 01 01:01:27 UTC 2025,1,1.62,1,N,249,246,1,11.4,1.0,0.5,3.43,0.0,1.0,20.58,2.5,0.0,0.75
1,Wed Oct 01 00:17:19 UTC 2025,Wed Oct 01 00:25:18 UTC 2025,1,1.6,1,N,141,236,1,9.3,4.25,0.5,3.0,0.0,1.0,18.05,2.5,0.0,0.75
1,Wed Oct 01 00:28:23 UTC 2025,Wed Oct 01 00:43:53 UTC 2025,1,3.6,1,N,79,181,1,18.4,4.25,0.5,4.85,0.0,1.0,29.0,2.5,0.0,0.75
2,Wed Oct 01 00:21:38 UTC 2025,Wed Oct 01 00:28:18 UTC 2025,2,0.89,1,N,230,230,1,7.9,1.0,0.5,2.73,0.0,1.0,16.38,2.5,0.0,0.75
2,Wed Oct 01 00:56:06 UTC 2025,Wed Oct 01 01:11:59 UTC 2025,1,4.67,1,N,114,263,1,20.5,1.0,0.5,5.25,0.0,1.0,31.5,2.5,0.0,0.75
2,Wed Oct 01 00:13:01 UTC 2025,Wed Oct 01 00:48:08 UTC 2025,1,18.37,2,N,132,68,1,70.0,0.0,0.5,10.0,6.94,1.0,93.44,2.5,1.75,0.75
2,Wed Oct 01 00:19:59 UTC 2025,Wed Oct 01 00:39:54 UTC 2025,1,4.73,1,N,144,140,1,24.0,1.0,0.5,5.95,0.0,1.0,35.7,2.5,0.0,0.75
2,Wed Oct 01 00:18:35 UTC 2025,Wed Oct 01 00:27:35 UTC 2025,1,2.11,1,N,164,158,1,12.1,1.0,0.5,2.5,0.0,1.0,20.35,2.5,0.0,0.75
7,Wed Oct 01 00:48:48 UTC 2025,Wed Oct 01 00:48:48 UTC 2025,1,9.4,1,N,163,250,2,39.4,0.0,0.5,0.0,0.0,1.0,45.15,2.5,0.0,0.75
1,Wed Oct 01 00:46:11 UTC 2025,Wed Oct 01 01:33:18 UTC 2025,1,16.3,1,N,256,132,1,73.7,1.0,0.5,15.25,0.0,1.0,91.45,0.0,0.0,0.0
1,Wed Oct 01 00:24:29 UTC 2025,Wed Oct 01 00:34:13 UTC 2025,1,2.6,1,N,48,238,1,13.5,4.25,0.5,5.8,0.0,1.0,25.05,2.5,0.0,0.75
1,Wed Oct 01 00:11:23 UTC 2025,Wed Oct 01 00:11:34 UTC 2025,1,0.0,1,N,234,234,2,3.0,4.25,0.5,0.0,0.0,1.0,8.75,2.5,0.0,0.75
2,Wed Oct 01 00:24:19 UTC 2025,Wed Oct 01 00:46:42 UTC 2025,2,5.04,1,N,68,238,1,26.8,1.0,0.5,6.51,0.0,1.0,39.06,2.5,0.0,0.75
2,Wed Oct 01 00:20:32 UTC 2025,Wed Oct 01 00:58:32 UTC 2025,1,18.09,2,N,132,137,1,70.0,0.0,0.5,0.0,6.94,1.0,83.44,2.5,1.75,0.75
2,Wed Oct 01 00:51:21 UTC 2025,Wed Oct 01 00:55:32 UTC 2025,1,0.71,1,N,230,186,1,5.8,1.0,0.5,1.0,0.0,1.0,12.55,2.5,0.0,0.75
1,Wed Oct 01 00:26:29 UTC 2025,Wed Oct 01 00:45:14 UTC 2025,1,4.6,1,N,114,262,1,21.9,4.25,0.5,6.0,0.0,1.0,33.65,2.5,0.0,0.75
2,Wed Oct 01 00:57:39 UTC 2025,Wed Oct 01 01:12:32 UTC 2025,1,2.6,1,N,158,148,1,16.3,1.0,0.5,4.41,0.0,1.0,26.46,2.5,0.0,0.75
2,Wed Oct 01 00:07:23 UTC 2025,Wed Oct 01 00:13:46 UTC 2025,1,2.19,1,N,140,137,4,-11.4,-1.0,-0.5,0.0,0.0,-1.0,-16.4,-2.5,0.0,0.0
2,Wed Oct 01 00:07:23 UTC 2025,Wed Oct 01 00:13:46 UTC 2025,1,2.19,1,N,140,137,4,11.4,1.0,0.5,0.0,0.0,1.0,16.4,2.5,0.0,0.0
2,Wed Oct 01 00:22:18 UTC 2025,Wed Oct 01 00:33:29 UTC 2025,1,3.15,1,N,170,239,1,15.6,1.0,0.5,2.0,0.0,1.0,23.35,2.5,0.0,0.75
1,Wed Oct 01 00:14:53 UTC 2025,Wed Oct 01 00:29:18 UTC 2025,1,2.8,1,N,231,137,1,15.6,4.25,0.5,2.56,0.0,1.0,23.91,2.5,0.0,0.75
1,Wed Oct 01 00:54:44 UTC 2025,Wed Oct 01 01:17:39 UTC 2025,1,5.2,1,N,231,239,2,26.1,4.25,0.5,0.0,0.0,1.0,31.85,2.5,0.0,0.75
2,Wed Oct 01 00:17:36 UTC 2025,Wed Oct 01 00:27:45 UTC 2025,2,3.69,1,N,148,162,1,17.0,1.0,0.5,4.55,0.0,1.0,27.3,2.5,0.0,0.75
2,Wed Oct 01 00:34:11 UTC 2025,Wed Oct 01 00:44:56 UTC 2025,1,2.41,1,N,230,239,1,14.2,1.0,0.5,3.99,0.0,1.0,23.94,2.5,0.0,0.75
2,Wed Oct 01 00:57:47 UTC 2025,Wed Oct 01 01:03:24 UTC 2025,1,1.27,1,N,107,233,2,7.9,1.0,0.5,0.0,0.0,1.0,13.65,2.5,0.0,0.75
2,Wed Oct 01 00:13:58 UTC 2025,Wed Oct 01 00:35:58 UTC 2025,1,9.98,1,N,132,39,1,39.4,1.0,0.5,8.38,0.0,1.0,52.03,0.0,1.75,0.0
2,Wed Oct 01 00:04:57 UTC 2025,Wed Oct 01 00:37:28 UTC 2025,1,26.22,1,N,132,54,1,95.4,1.0,0.5,19.93,0.0,1.0,119.58,0.0,1.75,0.0
2,Wed Oct 01 00:52:09 UTC 2025,Wed Oct 01 01:09:48 UTC 2025,1,2.91,1,N,79,161,1,17.7,1.0,0.5,4.69,0.0,1.0,28.14,2.5,0.0,0.75
2,Wed Oct 01 00:10:21 UTC 2025,Wed Oct 01 00:28:03 UTC 2025,1,3.38,1,N,114,48,1,19.1,1.0,0.5,4.97,0.0,1.0,29.82,2.5,0.0,0.75
2,Wed Oct 01 00:48:49 UTC 2025,Wed Oct 01 00:55:28 UTC 2025,1,1.86,1,N,90,48,1,10.0,1.0,0.5,3.94,0.0,1.0,19.69,2.5,0.0,0.75
2,Wed Oct 01 00:00:40 UTC 2025,Wed Oct 01 00:15:58 UTC 2025,1,5.53,1,N,263,232,1,24.7,1.0,0.5,3.0,0.0,1.0,33.45,2.5,0.0,0.75
2,Wed Oct 01 00:31:03 UTC 2025,Wed Oct 01 00:41:43 UTC 2025,1,2.05,1,N,234,148,1,12.1,1.0,0.5,3.57,0.0,1.0,21.42,2.5,0.0,0.75
2,Wed Oct 01 00:21:57 UTC 2025,Wed Oct 01 00:28:24 UTC 2025,2,2.17,1,N,238,74,2,11.4,1.0,0.5,0.0,0.0,1.0,13.9,0.0,0.0,0.0
1,Wed Oct 01 00:27:03 UTC 2025,Wed Oct 01 00:37:25 UTC 2025,1,2.5,1,N,231,186,1,14.2,4.25,0.5,3.95,0.0,1.0,23.9,2.5,0.0,0.75
2,Wed Oct 01 00:17:05 UTC 2025,Wed Oct 01 00:17:58 UTC 2025,1,0.23,1,N,231,231,1,3.7,1.0,0.5,0.0,0.0,1.0,9.45,2.5,0.0,0.75
2,Wed Oct 01 00:21:41 UTC 2025,Wed Oct 01 00:28:32 UTC 2025,2,1.95,1,N,231,234,1,10.0,1.0,0.5,2.0,0.0,1.0,17.75,2.5,0.0,0.75
1,Wed Oct 01 00:41:08 UTC 2025,Wed Oct 01 00:41:15 UTC 2025,1,0.0,1,N,229,229,3,3.0,4.25,0.5,0.0,0.0,1.0,8.75,2.5,0.0,0.75
1,Wed Oct 01 00:09:21 UTC 2025,Wed Oct 01 00:24:21 UTC 2025,1,4.0,1,N,90,140,1,19.1,4.25,0.5,4.97,0.0,1.0,29.82,2.5,0.0,0.75
2,Wed Oct 01 00:16:09 UTC 2025,Wed Oct 01 00:20:12 UTC 2025,1,0.75,1,N,88,209,1,6.5,1.0,0.5,2.45,0.0,1.0,14.7,2.5,0.0,0.75
2,Wed Oct 01 00:30:50 UTC 2025,Wed Oct 01 00:54:05 UTC 2025,1,5.17,1,N,144,61,1,26.8,1.0,0.5,3.5,0.0,1.0,36.05,2.5,0.0,0.75
2,Wed Oct 01 00:05:17 UTC 2025,Wed Oct 01 00:07:24 UTC 2025,2,0.31,1,N,229,233,1,4.4,1.0,0.5,2.03,0.0,1.0,12.18,2.5,0.0,0.75
2,Wed Oct 01 00:49:24 UTC 2025,Wed Oct 01 01:06:46 UTC 2025,1,2.25,1,N,68,4,2,17.7,1.0,0.5,0.0,0.0,1.0,23.45,2.5,0.0,0.75
2,Wed Oct 01 00:51:45 UTC 2025,Wed Oct 01 01:57:34 UTC 2025,1,48.97,4,N,68,265,1,283.0,1.0,0.5,0.0,6.94,1.0,295.69,2.5,0.0,0.75
2,Wed Oct 01 00:58:35 UTC 2025,Wed Oct 01 01:11:23 UTC 2025,1,6.49,1,N,132,124,1,26.1,1.0,0.5,5.72,0.0,1.0,36.07,0.0,1.75,0.0
2,Wed Oct 01 00:53:42 UTC 2025,Wed Oct 01 00:59:46 UTC 2025,1,1.42,1,N,249,68,1,9.3,1.0,0.5,3.0,0.0,1.0,18.05,2.5,0.0,0.75
1,Wed Oct 01 00:03:01 UTC 2025,Wed Oct 01 00:22:48 UTC 2025,1,6.9,1,N,142,87,1,28.9,4.25,0.5,6.95,0.0,1.0,41.6,2.5,0.0,0.75
1,Wed Oct 01 00:46:46 UTC 2025,Wed Oct 01 00:56:08 UTC 2025,1,2.0,1,N,140,236,1,12.8,3.5,0.5,3.55,0.0,1.0,21.35,2.5,0.0,0.0
2,Wed Oct 01 00:09:17 UTC 2025,Wed Oct 01 00:25:12 UTC 2025,1,2.51,1,N,90,142,1,17.0,1.0,0.5,2.0,0.0,1.0,24.75,2.5,0.0,0.75
2,Wed Oct 01 00:07:07 UTC 2025,Wed Oct 01 00:16:58 UTC 2025,1,2.53,1,N,79,65,1,14.2,1.0,0.5,3.99,0.0,1.0,23.94,2.5,0.0,0.75
2,Wed Oct 01 00:09:30 UTC 2025,Wed Oct 01 00:30:12 UTC 2025,1,8.32,1,N,48,243,1,35.9,1.0,0.5,0.0,0.0,1.0,41.65,2.5,0.0,0.75
2,Wed Oct 01 00:00:21 UTC 2025,Wed Oct 01 00:04:13 UTC 2025,1,0.82,1,N,211,231,1,6.5,1.0,0.5,2.45,0.0,1.0,14.7,2.5,0.0,0.75
2,Wed Oct 01 00:21:58 UTC 2025,Wed Oct 01 00:29:08 UTC 2025,1,1.13,1,N,158,90,1,8.6,1.0,0.5,2.0,0.0,1.0,16.35,2.5,0.0,0.75
2,Wed Oct 01 00:51:50 UTC 2025,Wed Oct 01 00:56:07 UTC 2025,1,0.59,1,N,4,79,1,6.5,1.0,0.5,2.45,0.0,1.0,14.7,2.5,0.0,0.75
1,Wed Oct 01 00:12:13 UTC 2025,Wed Oct 01 00:21:56 UTC 2025,4,1.6,1,N,161,143,1,11.4,4.25,0.5,3.4,0.0,1.0,20.55,2.5,0.0,0.75
2,Wed Oct 01 00:07:17 UTC 2025,Wed Oct 01 00:55:22 UTC 2025,1,18.25,2,N,132,237,1,70.0,0.0,0.5,15.0,6.94,1.0,98.44,2.5,1.75,0.75
2,Wed Oct 01 00:08:51 UTC 2025,Wed Oct 01 00:19:11 UTC 2025,1,1.5,1,N,79,164,1,11.4,1.0,0.5,3.43,0.0,1.0,20.58,2.5,0.0,0.75
2,Wed Oct 01 00:23:27 UTC 2025,Wed Oct 01 00:51:36 UTC 2025,1,6.62,1,N,161,40,1,32.4,1.0,0.5,7.63,0.0,1.0,45.78,2.5,0.0,0.75
2,Wed Oct 01 00:12:20 UTC 2025,Wed Oct 01 00:25:55 UTC 2025,1,3.8,1,N,230,4,1,19.1,1.0,0.5,3.0,0.0,1.0,27.85,2.5,0.0,0.75
2,Wed Oct 01 00:36:02 UTC 2025,Wed Oct 01 00:47:40 UTC 2025,1,5.82,1,N,137,33,1,24.0,1.0,0.5,5.95,0.0,1.0,35.7,2.5,0.0,0.75
1,Wed Oct 01 00:23:48 UTC 2025,Wed Oct 01 00:25:59 UTC 2025,1,0.6,1,N,164,234,1,5.1,4.25,0.5,2.15,0.0,1.0,13.0,2.5,0.0,0.75
2,Wed Oct 01 00:09:00 UTC 2025,Wed Oct 01 00:15:56 UTC 2025,1,1.05,1,N,100,162,2,8.6,1.0,0.5,0.0,0.0,1.0,14.35,2.5,0.0,0.75
2,Wed Oct 01 00:18:08 UTC 2025,Wed Oct 01 00:24:46 UTC 2025,1,1.54,1,N,162,140,1,9.3,1.0,0.5,3.01,0.0,1.0,18.06,2.5,0.0,0.75
2,Wed Oct 01 00:33:18 UTC 2025,Wed Oct 01 00:49:59 UTC 2025,1,3.15,1,N,41,159,1,18.4,1.0,0.5,5.22,0.0,1.0,26.12,0.0,0.0,0.0
2,Wed Oct 01 00:56:48 UTC 2025,Wed Oct 01 01:06:32 UTC 2025,1,3.13,1,N,79,87,1,15.6,1.0,0.5,6.41,0.0,1.0,27.76,2.5,0.0,0.75
2,Wed Oct 01 00:30:16 UTC 2025,Wed Oct 01 00:34:51 UTC 2025,1,0.89,1,N,230,164,4,-6.5,-1.0,-0.5,0.0,0.0,-1.0,-12.25,-2.5,0.0,-0.75
2,Wed Oct 01 00:30:16 UTC 2025,Wed Oct 01 00:34:51 UTC 2025,1,0.89,1,N,230,164,4,6.5,1.0,0.5,0.0,0.0,1.0,12.25,2.5,0.0,0.75
2,Tue Sep 30 23:57:21 UTC 2025,Wed Oct 01 00:09:14 UTC 2025,1,2.73,1,N,142,263,1,15.6,1.0,0.5,4.12,0.0,1.0,24.72,2.5,0.0,0.0
2,Wed Oct 01 00:43:25 UTC 2025,Wed Oct 01 01:19:11 UTC 2025,1,5.93,1,N,249,225,2,33.1,1.0,0.5,0.0,0.0,1.0,38.85,2.5,0.0,0.75
2,Wed Oct 01 00:51:09 UTC 2025,Wed Oct 01 01:01:24 UTC 2025,1,3.49,1,N,79,88,1,17.0,1.0,0.5,4.55,0.0,1.0,27.3,2.5,0.0,0.75
2,Tue Sep 30 23:59:21 UTC 2025,Wed Oct 01 00:02:45 UTC 2025,1,0.5,1,N,211,114,1,5.1,1.0,0.5,2.17,0.0,1.0,13.02,2.5,0.0,0.75
2,Wed Oct 01 00:14:13 UTC 2025,Wed Oct 01 00:24:00 UTC 2025,1,2.44,1,N,79,186,1,13.5,1.0,0.5,3.85,0.0,1.0,23.1,2.5,0.0,0.75
1,Wed Oct 01 00:38:51 UTC 2025,Wed Oct 01 01:01:15 UTC 2025,4,4.1,1,N,246,237,1,23.3,4.25,0.5,0.0,0.0,1.0,29.05,2.5,0.0,0.75
2,Wed Oct 01 00:06:49 UTC 2025,Wed Oct 01 00:34:47 UTC 2025,1,16.8,1,N,132,123,1,64.6,1.0,0.5,3.0,0.0,1.0,71.85,0.0,1.75,0.0
2,Wed Oct 01 00:44:21 UTC 2025,Wed Oct 01 00:50:41 UTC 2025,1,0.84,1,N,230,186,1,7.9,1.0,0.5,2.0,0.0,1.0,15.65,2.5,0.0,0.75
2,Wed Oct 01 00:13:02 UTC 2025,Wed Oct 01 00:18:58 UTC 2025,1,1.62,1,N,142,246,1,9.3,1.0,0.5,3.01,0.0,1.0,18.06,2.5,0.0,0.75
2,Wed Oct 01 00:44:19 UTC 2025,Wed Oct 01 00:50:17 UTC 2025,1,1.54,1,N,114,170,1,9.3,1.0,0.5,1.81,0.0,1.0,16.86,2.5,0.0,0.75
2,Wed Oct 01 00:07:41 UTC 2025,Wed Oct 01 00:18:07 UTC 2025,1,1.45,1,N,148,87,1,10.7,1.0,0.5,3.29,0.0,1.0,19.74,2.5,0.0,0.75
2,Wed Oct 01 00:04:06 UTC 2025,Wed Oct 01 00:10:42 UTC 2025,1,1.25,1,N,158,125,1,8.6,1.0,0.5,0.0,0.0,1.0,14.35,2.5,0.0,0.75
2,Wed Oct 01 00:21:08 UTC 2025,Wed Oct 01 00:31:18 UTC 2025,1,1.36,1,N,234,100,1,10.7,1.0,0.5,3.29,0.0,1.0,19.74,2.5,0.0,0.75
2,Wed Oct 01 00:40:47 UTC 2025,Wed Oct 01 00:45:26 UTC 2025,1,0.94,1,N,230,48,1,7.2,1.0,0.5,2.59,0.0,1.0,15.54,2.5,0.0,0.75
2,Wed Oct 01 00:21:26 UTC 2025,Wed Oct 01 00:41:52 UTC 2025,3,4.26,1,N,107,263,1,23.3,1.0,0.5,5.81,0.0,1.0,34.86,2.5,0.0,0.75
2,Wed Oct 01 00:17:25 UTC 2025,Wed Oct 01 00:24:58 UTC 2025,1,0.91,1,N,233,161,1,8.6,1.0,0.5,3.59,0.0,1.0,17.94,2.5,0.0,0.75
7,Wed Oct 01 00:21:19 UTC 2025,Wed Oct 01 00:21:19 UTC 2025,1,1.63,1,N,114,209,1,10.0,0.0,0.5,4.72,0.0,1.0,20.47,2.5,0.0,0.75
2,Wed Oct 01 00:44:56 UTC 2025,Wed Oct 01 00:57:58 UTC 2025,2,2.04,1,N,186,107,1,14.2,1.0,0.5,0.0,0.0,1.0,19.95,2.5,0.0,0.75
2,Wed Oct 01 00:13:07 UTC 2025,Wed Oct 01 00:16:10 UTC 2025,2,0.4,1,N,161,237,2,4.4,1.0,0.5,0.0,0.0,1.0,10.15,2.5,0.0,0.75
2,Wed Oct 01 00:48:47 UTC 2025,Wed Oct 01 01:06:15 UTC 2025,1,1.93,1,N,142,232,1,15.6,1.0,0.5,4.27,0.0,1.0,25.62,2.5,0.0,0.75
2,Wed Oct 01 00:13:25 UTC 2025,Wed Oct 01 00:26:53 UTC 2025,1,3.71,1,N,140,41,1,18.4,1.0,0.5,5.85,0.0,1.0,29.25,2.5,0.0,0.0
2,Wed Oct 01 00:22:08 UTC 2025,Wed Oct 01 00:28:17 UTC 2025,1,1.6,1,N,68,249,2,9.3,1.0,0.5,0.0,0.0,1.0,15.05,2.5,0.0,0.75
2,Wed Oct 01 00:36:47 UTC 2025,Wed Oct 01 00:55:54 UTC 2025,1,3.85,1,N,158,217,1,22.6,1.0,0.5,5.67,0.0,1.0,34.02,2.5,0.0,0.75
2,Wed Oct 01 00:01:47 UTC 2025,Wed Oct 01 00:08:03 UTC 2025,6,1.09,1,N,164,107,1,8.6,1.0,0.5,2.87,0.0,1.0,17.22,2.5,0.0,0.75
2,Wed Oct 01 00:21:09 UTC 2025,Wed Oct 01 00:32:56 UTC 2025,1,2.11,1,N,249,163,1,13.5,1.0,0.5,3.85,0.0,1.0,23.1,2.5,0.0,0.75
2,Wed Oct 01 00:38:33 UTC 2025,Wed Oct 01 00:46:45 UTC 2025,1,1.21,1,N,163,230,1,9.3,1.0,0.5,3.01,0.0,1.0,18.06,2.5,0.0,0.75
2,Wed Oct 01 00:24:06 UTC 2025,Wed Oct 01 00:37:10 UTC 2025,1,2.26,1,N,234,148,1,14.2,1.0,0.5,3.99,0.0,1.0,23.94,2.5,0.0,0.75
2,Wed Oct 01 00:30:13 UTC 2025,Wed Oct 01 01:01:16 UTC 2025,1,2.46,1,N,229,7,1,26.8,1.0,0.5,8.14,0.0,1.0,40.69,2.5,0.0,0.75
2,Wed Oct 01 00:08:13 UTC 2025,Wed Oct 01 00:19:42 UTC 2025,1,1.96,1,N,143,186,1,12.8,1.0,0.5,3.71,0.0,1.0,22.26,2.5,0.0,0.75
2,Wed Oct 01 00:41:22 UTC 2025,Wed Oct 01 00:46:03 UTC 2025,1,1.11,1,N,158,68,1,7.9,1.0,0.5,2.73,0.0,1.0,16.38,2.5,0.0,0.75
2,Wed Oct 01 00:01:12 UTC 2025,Wed Oct 01 00:08:14 UTC 2025,2,0.94,1,N,48,162,1,8.6,1.0,0.5,2.87,0.0,1.0,17.22,2.5,0.0,0.75
2,Wed Oct 01 00:08:04 UTC 2025,Wed Oct 01 00:10:26 UTC 2025,1,0.24,1,N,107,234,1,4.4,1.0,0.5,2.03,0.0,1.0,12.18,2.5,0.0,0.75
2,Wed Oct 01 00:17:22 UTC 2025,Wed Oct 01 01:04:24 UTC 2025,1,18.92,2,N,132,90,1,70.0,0.0,0.5,7.0,6.94,1.0,90.44,2.5,1.75,0.75
1,Wed Oct 01 00:03:45 UTC 2025,Wed Oct 01 00:12:00 UTC 2025,2,2.1,1,N,249,68,1,11.4,4.25,0.5,3.4,0.0,1.0,20.55,2.5,0.0,0.75
2,Wed Oct 01 00:18:38 UTC 2025,Wed Oct 01 00:38:40 UTC 2025,1,3.95,1,N,249,239,1,21.9,1.0,0.5,5.53,0.0,1.0,33.18,2.5,0.0,0.75
2,Wed Oct 01 00:00:53 UTC 2025,Wed Oct 01 00:12:35 UTC 2025,1,1.13,1,N,164,161,1,12.1,1.0,0.5,2.0,0.0,1.0,19.85,2.5,0.0,0.75
2,Wed Oct 01 00:04:11 UTC 2025,Wed Oct 01 00:17:50 UTC 2025,1,2.14,1,N,114,48,1,14.2,1.0,0.5,5.99,0.0,1.0,25.94,2.5,0.0,0.75
2,Wed Oct 01 00:07:06 UTC 2025,Wed Oct 01 00:25:05 UTC 2025,1,8.62,1,N,138,97,1,34.5,6.0,0.5,8.4,0.0,1.0,52.15,0.0,1.75,0.0
2,Wed Oct 01 00:03:27 UTC 2025,Wed Oct 01 00:27:45 UTC 2025,2,4.9,1,N,164,74,2,25.4,1.0,0.5,0.0,0.0,1.0,31.15,2.5,0.0,0.75
1,Wed Oct 01 00:10:37 UTC 2025,Wed Oct 01 00:10:45 UTC 2025,1,0.0,5,N,265,265,1,35.0,0.0,0.0,0.0,0.0,1.0,36.0,0.0,0.0,0.0
1,Wed Oct 01 00:44:53 UTC 2025,Wed Oct 01 00:51:57 UTC 2025,1,1.2,1,N,68,164,2,7.9,4.25,0.5,0.0,0.0,1.0,13.65,2.5,0.0,0.75
2,Wed Oct 01 00:54:39 UTC 2025,Wed Oct 01 01:05:55 UTC 2025,1,2.72,1,N,181,85,1,14.9,1.0,0.5,2.0,0.0,1.0,19.4,0.0,0.0,0.0
2,Wed Oct 01 00:07:17 UTC 2025,Wed Oct 01 00:32:10 UTC 2025,1,4.46,1,N,249,145,1,24.7,1.0,0.5,7.48,6.94,1.0,44.87,2.5,0.0,0.75
2,Wed Oct 01 00:39:14 UTC 2025,Wed Oct 01 00:57:22 UTC 2025,1,3.31,1,N,246,4,1,19.1,1.0,0.5,4.97,0.0,1.0,29.82,2.5,0.0,0.75
2,Wed Oct 01 00:02:15 UTC 2025,Wed Oct 01 00:13:46 UTC 2025,1,2.61,1,N,148,87,1,15.6,1.0,0.5,2.0,0.0,1.0,23.35,2.5,0.0,0.75
2,Wed Oct 01 00:01:37 UTC 2025,Wed Oct 01 00:09:51 UTC 2025,1,1.65,1,N,68,79,1,10.7,1.0,0.5,3.29,0.0,1.0,19.74,2.5,0.0,0.75
2,Wed Oct 01 00:16:34 UTC 2025,Wed Oct 01 00:38:03 UTC 2025,1,4.75,1,N,113,61,1,24.7,1.0,0.5,4.0,0.0,1.0,34.45,2.5,0.0,0.75
2,Wed Oct 01 00:13:42 UTC 2025,Wed Oct 01 00:18:15 UTC 2025,1,0.95,1,N,163,164,1,7.2,1.0,0.5,2.59,0.0,1.0,15.54,2.5,0.0,0.75
2,Wed Oct 01 00:22:56 UTC 2025,Wed Oct 01 00:39:43 UTC 2025,1,3.44,1,N,164,143,1,19.8,1.0,0.5,3.83,0.0,1.0,29.38,2.5,0.0,0.75
2,Wed Oct 01 00:02:39 UTC 2025,Wed Oct 01 00:09:40 UTC 2025,5,1.56,1,N,137,100,1,10.0,1.0,0.5,4.72,0.0,1.0,20.47,2.5,0.0,0.75
2,Wed Oct 01 00:31:16 UTC 2025,Wed Oct 01 00:40:38 UTC 2025,5,1.31,1,N,239,264,1,7.9,1.0,0.5,1.0,0.0,1.0,13.9,2.5,0.0,0.0
2,Wed Oct 01 00:16:41 UTC 2025,Wed Oct 01 00:22:42 UTC 2025,1,1.12,1,N,234,68,1,7.9,1.0,0.5,0.68,0.0,1.0,14.33,2.5,0.0,0.75
2,Wed Oct 01 00:56:08 UTC 2025,Wed Oct 01 00:57:59 UTC 2025,2,0.67,1,N,236,236,1,5.1,1.0,0.5,2.02,0.0,1.0,12.12,2.5,0.0,0.0
2,Wed Oct 01 00:28:53 UTC 2025,Wed Oct 01 00:44:44 UTC 2025,1,4.86,1,N,148,163,1,23.3,1.0,0.5,5.81,0.0,1.0,34.86,2.5,0.0,0.75
2,Wed Oct 01 00:25:11 UTC 2025,Wed Oct 01 00:30:06 UTC 2025,1,0.92,1,N,231,209,1,7.2,1.0,0.5,2.59,0.0,1.0,15.54,2.5,0.0,0.75
2,Wed Oct 01 00:54:27 UTC 2025,Wed Oct 01 01:04:21 UTC 2025,1,1.4,1,N,249,148,1,10.7,1.0,0.5,0.0,0.0,1.0,16.45,2.5,0.0,0.75
2,Wed Oct 01 00:14:31 UTC 2025,Wed Oct 01 00:20:40 UTC 2025,1,1.61,1,N,142,246,1,9.3,1.0,0.5,1.0,0.0,1.0,16.05,2.5,0.0,0.75
2,Wed Oct 01 00:21:13 UTC 2025,Wed Oct 01 00:35:47 UTC 2025,1,4.78,1,N,132,205,2,21.9,1.0,0.5,0.0,0.0,1.0,26.15,0.0,1.75,0.0
2,Wed Oct 01 00:06:22 UTC 2025,Wed Oct 01 00:17:52 UTC 2025,1,1.74,1,N,234,163,1,12.1,1.0,0.5,3.57,0.0,1.0,21.42,2.5,0.0,0.75
2,Wed Oct 01 00:24:46 UTC 2025,Wed Oct 01 00:38:49 UTC 2025,1,5.95,1,N,164,66,1,25.4,1.0,0.5,6.23,0.0,1.0,37.38,2.5,0.0,0.75
2,Wed Oct 01 00:04:22 UTC 2025,Wed Oct 01 00:08:18 UTC 2025,4,0.51,1,N,249,249,1,5.8,1.0,0.5,2.31,0.0,1.0,13.86,2.5,0.0,0.75
2,Wed Oct 01 00:52:25 UTC 2025,Wed Oct 01 01:05:24 UTC 2025,1,2.47,1,N,186,79,1,14.9,1.0,0.5,2.0,0.0,1.0,22.65,2.5,0.0,0.75
1,Wed Oct 01 00:07:09 UTC 2025,Wed Oct 01 00:13:08 UTC 2025,1,1.2,1,N,161,142,1,7.9,4.25,0.5,2.7,0.0,1.0,16.35,2.5,0.0,0.75
1,Wed Oct 01 00:24:59 UTC 2025,Wed Oct 01 00:41:52 UTC 2025,1,4.0,1,N,161,179,1,19.8,4.25,0.5,5.1,0.0,1.0,30.65,2.5,0.0,0.75
1,Wed Oct 01 00:31:29 UTC 2025,Wed Oct 01 01:13:22 UTC 2025,2,15.1,1,N,132,223,2,61.1,2.75,0.5,0.0,0.0,1.0,65.35,0.0,1.75,0.0
1,Wed Oct 01 00:12:05 UTC 2025,Wed Oct 01 00:19:17 UTC 2025,0,1.2,1,N,230,170,1,9.3,4.25,0.5,3.0,0.0,1.0,18.05,2.5,0.0,0.75
2,Wed Oct 01 00:55:42 UTC 2025,Wed Oct 01 01:04:02 UTC 2025,1,1.43,1,N,249,45,1,10.0,1.0,0.5,5.0,0.0,1.0,20.75,2.5,0.0,0.75
1,Wed Oct 01 00:21:16 UTC 2025,Wed Oct 01 00:27:15 UTC 2025,1,1.6,1,N,186,125,1,9.3,4.25,0.5,3.0,0.0,1.0,18.05,2.5,0.0,0.75
2,Wed Oct 01 00:07:59 UTC 2025,Wed Oct 01 00:19:08 UTC 2025,1,4.23,1,N,263,4,1,19.1,1.0,0.5,3.0,0.0,1.0,27.85,2.5,0.0,0.75
2,Wed Oct 01 00:22:35 UTC 2025,Wed Oct 01 00:33:22 UTC 2025,1,3.65,1,N,107,263,1,16.3,1.0,0.5,4.41,0.0,1.0,26.46,2.5,0.0,0.75
2,Wed Oct 01 00:04:48 UTC 2025,Wed Oct 01 00:15:51 UTC 2025,1,2.34,1,N,249,246,1,13.5,1.0,0.5,3.85,0.0,1.0,23.1,2.5,0.0,0.75
2,Wed Oct 01 00:03:15 UTC 2025,Wed Oct 01 00:13:03 UTC 2025,1,1.92,1,N,68,107,1,12.1,1.0,0.5,3.57,0.0,1.0,21.42,2.5,0.0,0.75
2,Wed Oct 01 00:00:33 UTC 2025,Wed Oct 01 00:03:09 UTC 2025,1,0.43,1,N,141,236,1,5.1,1.0,0.5,3.0,0.0,1.0,13.1,2.5,0.0,0.0
1,Wed Oct 01 00:11:00 UTC 2025,Wed Oct 01 00:23:33 UTC 2025,1,3.4,1,N,107,262,1,16.3,4.25,0.5,2.0,0.0,1.0,24.05,2.5,0.0,0.75
2,Wed Oct 01 00:23:33 UTC 2025,Wed Oct 01 00:30:24 UTC 2025,1,1.47,1,N,48,90,1,9.3,1.0,0.5,1.0,0.0,1.0,16.05,2.5,0.0,0.75
2,Wed Oct 01 00:49:52 UTC 2025,Wed Oct 01 01:12:56 UTC 2025,1,8.95,1,N,68,223,1,38.7,1.0,0.5,10.28,6.94,1.0,61.67,2.5,0.0,0.75
2,Wed Oct 01 00:12:24 UTC 2025,Wed Oct 01 00:19:42 UTC 2025,1,1.52,1,N,263,239,1,10.0,1.0,0.5,3.75,0.0,1.0,18.75,2.5,0.0,0.0
2,Wed Oct 01 00:07:37 UTC 2025,Wed Oct 01 00:18:36 UTC 2025,1,2.58,1,N,164,231,1,13.5,1.0,0.5,3.85,0.0,1.0,23.1,2.5,0.0,0.75
2,Wed Oct 01 00:43:22 UTC 2025,Wed Oct 01 01:07:40 UTC 2025,1,7.55,1,N,164,181,1,34.5,1.0,0.5,10.06,0.0,1.0,50.31,2.5,0.0,0.75
2,Wed Oct 01 00:59:42 UTC 2025,Wed Oct 01 01:03:00 UTC 2025,1,0.83,1,N,161,186,1,6.5,1.0,0.5,0.0,0.0,1.0,12.25,2.5,0.0,0.75
2,Wed Oct 01 00:05:23 UTC 2025,Wed Oct 01 00:12:26 UTC 2025,1,1.98,1,N,161,263,3,-10.7,-1.0,-0.5,0.0,0.0,-1.0,-16.45,-2.5,0.0,-0.75
2,Wed Oct 01 00:05:23 UTC 2025,Wed Oct 01 00:12:26 UTC 2025,1,1.98,1,N,161,263,3,10.7,1.0,0.5,0.0,0.0,1.0,16.45,2.5,0.0,0.75
2,Wed Oct 01 00:04:00 UTC 2025,Wed Oct 01 00:09:26 UTC 2025,1,0.86,1,N,100,170,4,-7.2,-1.0,-0.5,0.0,0.0,-1.0,-12.95,-2.5,0.0,-0.75
2,Wed Oct 01 00:04:00 UTC 2025,Wed Oct 01 00:09:26 UTC 2025,1,0.86,1,N,100,170,4,7.2,1.0,0.5,0.0,0.0,1.0,12.95,2.5,0.0,0.75
2,Wed Oct 01 00:09:48 UTC 2025,Wed Oct 01 00:20:20 UTC 2025,1,2.92,1,N,25,257,1,14.2,1.0,0.5,3.34,0.0,1.0,20.04,0.0,0.0,0.0
2,Wed Oct 01 00:52:06 UTC 2025,Wed Oct 01 01:06:01 UTC 2025,1,3.31,1,N,148,17,1,18.4,1.0,0.5,4.83,0.0,1.0,28.98,2.5,0.0,0.75
2,Wed Oct 01 00:07:23 UTC 2025,Wed Oct 01 00:17:12 UTC 2025,1,3.33,1,N,261,114,1,14.9,1.0,0.5,4.13,0.0,1.0,24.78,2.5,0.0,0.75
2,Wed Oct 01 00:50:40 UTC 2025,Wed Oct 01 00:56:05 UTC 2025,1,1.51,1,N,211,249,1,8.6,1.0,0.5,2.87,0.0,1.0,17.22,2.5,0.0,0.75
2,Wed Oct 01 00:44:01 UTC 2025,Wed Oct 01 00:54:51 UTC 2025,1,2.38,1,N,249,87,1,12.8,1.0,0.5,3.71,0.0,1.0,22.26,2.5,0.0,0.75
2,Wed Oct 01 00:04:23 UTC 2025,Wed Oct 01 00:09:58 UTC 2025,2,1.13,1,N,144,4,1,7.9,1.0,0.5,2.73,0.0,1.0,16.38,2.5,0.0,0.75
2,Wed Oct 01 00:34:12 UTC 2025,Wed Oct 01 00:34:21 UTC 2025,4,0.0,5,N,236,236,1,82.3,0.0,0.0,8.0,0.0,1.0,93.8,2.5,0.0,0.0
2,Wed Oct 01 00:09:17 UTC 2025,Wed Oct 01 00:17:54 UTC 2025,1,1.8,1,N,125,88,1,10.7,1.0,0.5,4.11,0.0,1.0,20.56,2.5,0.0,0.75
2,Wed Oct 01 00:52:38 UTC 2025,Wed Oct 01 00:55:07 UTC 2025,4,0.38,1,N,144,231,1,4.4,1.0,0.5,2.03,0.0,1.0,12.18,2.5,0.0,0.75
1,Wed Oct 01 00:15:23 UTC 2025,Wed Oct 01 00:25:31 UTC 2025,3,1.6,1,N,90,48,1,10.7,4.25,0.5,3.29,0.0,1.0,19.74,2.5,0.0,0.75
1,Wed Oct 01 00:27:59 UTC 2025,Wed Oct 01 00:37:37 UTC 2025,1,2.5,1,N,48,238,1,12.8,4.25,0.5,3.7,0.0,1.0,22.25,2.5,0.0,0.75
2,Wed Oct 01 00:24:57 UTC 2025,Wed Oct 01 00:34:26 UTC 2025,1,1.67,1,N,79,249,1,10.7,1.0,0.5,3.29,0.0,1.0,19.74,2.5,0.0,0.75
2,Wed Oct 01 00:39:15 UTC 2025,Wed Oct 01 00:48:22 UTC 2025,1,2.25,1,N,113,50,1,12.8,1.0,0.5,3.71,0.0,1.0,22.26,2.5,0.0,0.75
1,Wed Oct 01 00:31:47 UTC 2025,Wed Oct 01 00:38:53 UTC 2025,1,1.6,1,N,229,263,1,9.3,4.25,0.5,3.0,0.0,1.0,18.05,2.5,0.0,0.75
2,Wed Oct 01 00:04:30 UTC 2025,Wed Oct 01 00:09:06 UTC 2025,1,1.43,1,N,186,114,1,7.9,1.0,0.5,4.09,0.0,1.0,17.74,2.5,0.0,0.75
2,Wed Oct 01 00:20:24 UTC 2025,Wed Oct 01 00:25:18 UTC 2025,1,1.01,1,N,113,186,1,7.2,1.0,0.5,2.59,0.0,1.0,15.54,2.5,0.0,0.75
2,Wed Oct 01 00:37:26 UTC 2025,Wed Oct 01 00:42:33 UTC 2025,1,0.73,1,N,230,48,1,7.2,1.0,0.5,2.0,0.0,1.0,14.95,2.5,0.0,0.75
2,Wed Oct 01 00:48:35 UTC 2025,Wed Oct 01 01:07:11 UTC 2025,1,7.6,1,N,132,258,1,31.0,1.0,0.5,5.0,0.0,1.0,40.25,0.0,1.75,0.0
2,Wed Oct 01 00:33:05 UTC 2025,Wed Oct 01 00:37:41 UTC 2025,1,0.62,1,N,230,48,2,6.5,1.0,0.5,0.0,0.0,1.0,12.25,2.5,0.0,0.75
2,Wed Oct 01 00:50:48 UTC 2025,Wed Oct 01 01:00:45 UTC 2025,1,1.42,1,N,100,229,1,10.7,1.0,0.5,0.0,0.0,1.0,16.45,2.5,0.0,0.75
1,Wed Oct 01 00:08:08 UTC 2025,Wed Oct 01 00:12:22 UTC 2025,1,1.1,1,N,141,236,1,6.5,3.5,0.5,1.5,0.0,1.0,13.0,2.5,0.0,0.0
1,Wed Oct 01 00:18:04 UTC 2025,Wed Oct 01 00:28:45 UTC 2025,1,1.5,1,N,68,230,1,11.4,4.25,0.5,5.15,0.0,1.0,22.3,2.5,0.0,0.75
1,Wed Oct 01 00:48:44 UTC 2025,Wed Oct 01 01:19:04 UTC 2025,1,6.0,1,N,68,116,1,30.3,4.25,0.5,7.2,0.0,1.0,43.25,2.5,0.0,0.75
7,Wed Oct 01 00:51:30 UTC 2025,Wed Oct 01 00:51:30 UTC 2025,1,25.71,1,N,79,201,1,94.7,0.0,0.5,22.0,9.54,1.0,131.99,2.5,0.0,0.75
2,Wed Oct 01 00:19:24 UTC 2025,Wed Oct 01 00:25:14 UTC 2025,1,1.09,1,N,162,233,1,7.9,1.0,0.5,2.73,0.0,1.0,16.38,2.5,0.0,0.75
2,Wed Oct 01 00:35:38 UTC 2025,Wed Oct 01 00:44:46 UTC 2025,1,1.94,1,N,162,141,1,11.4,1.0,0.5,2.0,0.0,1.0,19.15,2.5,0.0,0.75
2,Wed Oct 01 00:08:46 UTC 2025,Wed Oct 01 00:21:50 UTC 2025,1,1.99,1,N,90,161,1,14.2,1.0,0.5,0.0,0.0,1.0,19.95,2.5,0.0,0.75
2,Wed Oct 01 00:51:08 UTC 2025,Wed Oct 01 01:00:44 UTC 2025,2,1.8,1,N,68,211,1,11.4,1.0,0.5,3.43,0.0,1.0,20.58,2.5,0.0,0.75
2,Wed Oct 01 00:43:22 UTC 2025,Wed Oct 01 00:52:23 UTC 2025,1,1.55,1,N,170,48,1,10.7,1.0,0.5,4.94,0.0,1.0,21.39,2.5,0.0,0.75
2,Wed Oct 01 00:11:30 UTC 2025,Wed Oct 01 00:16:29 UTC 2025,1,0.88,1,N,249,79,1,7.2,1.0,0.5,3.24,0.0,1.0,16.19,2.5,0.0,0.75
2,Wed Oct 01 00:17:48 UTC 2025,Wed Oct 01 00:25:17 UTC 2025,1,1.04,1,N,79,79,1,9.3,1.0,0.5,3.01,0.0,1.0,18.06,2.5,0.0,0.75
2,Wed Oct 01 00:32:03 UTC 2025,Wed Oct 01 01:08:57 UTC 2025,1,26.76,2,N,132,229,1,70.0,0.0,0.5,14.95,0.0,1.0,91.45,2.5,1.75,0.75
2,Wed Oct 01 00:14:10 UTC 2025,Wed Oct 01 00:33:35 UTC 2025,1,3.87,1,N,114,236,1,20.5,1.0,0.5,5.25,0.0,1.0,31.5,2.5,0.0,0.75
2,Wed Oct 01 00:42:56 UTC 2025,Wed Oct 01 00:53:03 UTC 2025,1,2.66,1,N,230,113,1,13.5,1.0,0.5,3.85,0.0,1.0,23.1,2.5,0.0,0.75
2,Wed Oct 01 00:27:18 UTC 2025,Wed Oct 01 01:01:44 UTC 2025,3,2.94,1,N,237,145,2,29.6,1.0,0.5,0.0,0.0,1.0,35.35,2.5,0.0,0.75
1,Wed Oct 01 00:08:17 UTC 2025,Wed Oct 01 00:11:58 UTC 2025,1,0.9,1,N,230,100,1,6.5,4.25,0.5,2.0,0.0,1.0,14.25,2.5,0.0,0.75
1,Wed Oct 01 00:55:02 UTC 2025,Wed Oct 01 01:03:44 UTC 2025,1,1.6,1,N,237,263,1,10.7,4.25,0.5,3.25,0.0,1.0,19.7,2.5,0.0,0.75
1,Wed Oct 01 00:59:58 UTC 2025,Wed Oct 01 01:15:08 UTC 2025,1,3.4,1,N,161,24,1,19.1,4.25,0.5,4.95,0.0,1.0,29.8,2.5,0.0,0.75
2,Wed Oct 01 00:50:37 UTC 2025,Wed Oct 01 01:06:05 UTC 2025,1,4.19,1,N,234,263,1,18.4,1.0,0.5,2.0,0.0,1.0,26.15,2.5,0.0,0.75
2,Wed Oct 01 00:37:00 UTC 2025,Wed Oct 01 00:45:56 UTC 2025,1,1.98,1,N,144,90,1,12.1,1.0,0.5,4.46,0.0,1.0,22.31,2.5,0.0,0.75
2,Wed Oct 01 00:47:31 UTC 2025,Wed Oct 01 00:56:29 UTC 2025,2,2.34,1,N,90,148,1,12.1,1.0,0.5,2.0,0.0,1.0,19.85,2.5,0.0,0.75
2,Wed Oct 01 00:12:33 UTC 2025,Wed Oct 01 00:18:28 UTC 2025,1,1.21,1,N,163,100,2,8.6,1.0,0.5,0.0,0.0,1.0,14.35,2.5,0.0,0.75
2,Wed Oct 01 00:56:28 UTC 2025,Wed Oct 01 01:03:51 UTC 2025,2,1.12,1,N,140,162,2,9.3,1.0,0.5,0.0,0.0,1.0,15.05,2.5,0.0,0.75
2,Wed Oct 01 00:00:40 UTC 2025,Wed Oct 01 00:15:48 UTC 2025,1,6.62,1,N,230,116,1,28.9,1.0,0.5,6.93,0.0,1.0,41.58,2.5,0.0,0.75
1,Wed Oct 01 00:07:29 UTC 2025,Wed Oct 01 00:12:40 UTC 2025,1,1.8,1,N,229,107,1,9.3,4.25,0.5,3.0,0.0,1.0,18.05,2.5,0.0,0.75
7,Wed Oct 01 00:03:37 UTC 2025,Wed Oct 01 00:03:37 UTC 2025,1,1.74,1,N,158,231,1,12.1,0.0,0.5,3.57,0.0,1.0,21.42,2.5,0.0,0.75
2,Wed Oct 01 00:13:12 UTC 2025,Wed Oct 01 00:41:25 UTC 2025,1,15.79,1,N,132,29,2,61.1,1.0,0.5,0.0,0.0,1.0,65.35,0.0,1.75,0.0
2,Wed Oct 01 00:16:26 UTC 2025,Wed Oct 01 00:30:14 UTC 2025,1,3.01,1,N,158,233,1,16.3,1.0,0.5,4.41,0.0,1.0,26.46,2.5,0.0,0.75
2,Wed Oct 01 00:32:55 UTC 2025,Wed Oct 01 01:00:53 UTC 2025,1,7.17,1,N,162,62,2,34.5,1.0,0.5,0.0,0.0,1.0,40.25,2.5,0.0,0.75
2,Wed Oct 01 00:00:51 UTC 2025,Wed Oct 01 00:01:58 UTC 2025,1,0.32,1,N,113,79,2,3.7,1.0,0.5,0.0,0.0,1.0,9.45,2.5,0.0,0.75
2,Wed Oct 01 00:51:44 UTC 2025,Wed Oct 01 00:55:59 UTC 2025,1,1.26,1,N,249,79,1,7.2,1.0,0.5,1.0,0.0,1.0,13.95,2.5,0.0,0.75
1,Wed Oct 01 00:23:26 UTC 2025,Wed Oct 01 00:30:49 UTC 2025,1,2.0,1,N,113,170,1,11.4,4.25,0.5,3.4,0.0,1.0,20.55,2.5,0.0,0.75
1,Wed Oct 01 00:50:32 UTC 2025,Wed Oct 01 01:01:31 UTC 2025,2,2.3,1,N,79,231,1,13.5,4.25,0.5,3.85,0.0,1.0,23.1,2.5,0.0,0.75
7,Wed Oct 01 00:13:22 UTC 2025,Wed Oct 01 00:13:22 UTC 2025,1,10.46,1,N,138,142,1,41.5,0.0,0.5,12.04,6.94,1.0,72.23,2.5,6.75,0.0
2,Wed Oct 01 00:24:53 UTC 2025,Wed Oct 01 00:29:50 UTC 2025,4,2.82,1,N,132,10,1,12.8,1.0,0.5,23.0,0.0,1.0,40.05,0.0,1.75,0.0
2,Wed Oct 01 00:19:54 UTC 2025,Wed Oct 01 00:36:05 UTC 2025,1,8.14,1,N,48,244,2,33.1,1.0,0.5,0.0,0.0,1.0,38.85,2.5,0.0,0.75
2,Wed Oct 01 00:52:54 UTC 2025,Wed Oct 01 01:07:07 UTC 2025,1,3.39,1,N,163,146,1,17.7,1.0,0.5,4.69,0.0,1.0,28.14,2.5,0.0,0.75
2,Wed Oct 01 00:35:34 UTC 2025,Wed Oct 01 00:47:32 UTC 2025,1,3.26,1,N,113,229,1,15.6,1.0,0.5,4.27,0.0,1.0,25.62,2.5,0.0,0.75
2,Wed Oct 01 00:03:36 UTC 2025,Wed Oct 01 00:13:22 UTC 2025,1,1.86,1,N,230,239,1,12.1,1.0,0.5,4.46,0.0,1.0,22.31,2.5,0.0,0.75
2,Wed Oct 01 00:26:08 UTC 2025,Wed Oct 01 00:34:58 UTC 2025,1,1.34,1,N,142,239,2,10.0,1.0,0.5,0.0,0.0,1.0,15.0,2.5,0.0,0.0
2,Wed Oct 01 00:38:24 UTC 2025,Wed Oct 01 00:42:19 UTC 2025,1,0.73,1,N,239,238,1,6.5,1.0,0.5,2.3,0.0,1.0,13.8,2.5,0.0,0.0
2,Wed Oct 01 00:11:45 UTC 2025,Wed Oct 01 00:16:05 UTC 2025,2,1.2,1,N,161,237,1,7.2,1.0,0.5,2.59,0.0,1.0,15.54,2.5,0.0,0.75
2,Wed Oct 01 00:49:57 UTC 2025,Wed Oct 01 01:17:02 UTC 2025,1,5.85,1,N,246,255,1,30.3,1.0,0.5,10.81,0.0,1.0,46.86,2.5,0.0,0.75
2,Wed Oct 01 00:10:42 UTC 2025,Wed Oct 01 00:19:21 UTC 2025,1,0.99,1,N,90,68,1,9.3,1.0,0.5,3.01,0.0,1.0,18.06,2.5,0.0,0.75
2,Wed Oct 01 00:14:40 UTC 2025,Wed Oct 01 00:19:04 UTC 2025,1,0.6,1,N,231,144,1,6.5,1.0,0.5,2.45,0.0,1.0,14.7,2.5,0.0,0.75
2,Wed Oct 01 00:17:52 UTC 2025,Wed Oct 01 00:25:40 UTC 2025,1,1.53,1,N,238,236,1,10.0,1.0,0.5,3.0,0.0,1.0,18.0,2.5,0.0,0.0
2,Wed Oct 01 00:26:22 UTC 2025,Wed Oct 01 00:32:34 UTC 2025,1,0.78,1,N,162,43,1,7.9,1.0,0.5,2.73,0.0,1.0,16.38,2.5,0.0,0.75
2,Wed Oct 01 00:36:34 UTC 2025,Wed Oct 01 00:42:25 UTC 2025,1,2.3,1,N,142,24,1,11.4,1.0,0.5,3.28,0.0,1.0,19.68,2.5,0.0,0.0
2,Wed Oct 01 00:02:12 UTC 2025,Wed Oct 01 00:25:54 UTC 2025,1,6.29,1,N,186,37,1,30.3,1.0,0.5,8.6,6.94,1.0,51.59,2.5,0.0,0.75
2,Wed Oct 01 00:55:32 UTC 2025,Wed Oct 01 01:24:24 UTC 2025,1,18.68,2,N,132,237,1,70.0,0.0,0.5,20.42,6.94,1.0,103.86,2.5,1.75,0.75
2,Wed Oct 01 00:25:41 UTC 2025,Wed Oct 01 00:33:10 UTC 2025,1,0.73,1,N,114,79,1,8.6,1.0,0.5,2.65,0.0,1.0,17.0,2.5,0.0,0.75
2,Wed Oct 01 00:01:59 UTC 2025,Wed Oct 01 00:22:57 UTC 2025,1,10.57,1,N,138,230,1,42.2,6.0,0.5,10.59,0.0,1.0,65.29,2.5,1.75,0.75
2,Wed Oct 01 00:36:00 UTC 2025,Wed Oct 01 00:47:44 UTC 2025,1,2.25,1,N,186,144,1,13.5,1.0,0.5,0.0,0.0,1.0,19.25,2.5,0.0,0.75
2,Wed Oct 01 00:04:12 UTC 2025,Wed Oct 01 00:18:13 UTC 2025,1,3.11,1,N,100,231,1,16.3,1.0,0.5,0.0,0.0,1.0,22.05,2.5,0.0,0.75
2,Wed Oct 01 00:05:59 UTC 2025,Wed Oct 01 00:35:27 UTC 2025,1,10.6,1,N,163,181,1,45.7,1.0,0.5,11.68,6.94,1.0,70.07,2.5,0.0,0.75
2,Wed Oct 01 00:00:54 UTC 2025,Wed Oct 01 00:04:52 UTC 2025,1,0.55,1,N,79,79,2,-5.8,-1.0,-0.5,0.0,0.0,-1.0,-11.55,-2.5,0.0,-0.75
2,Wed Oct 01 00:00:54 UTC 2025,Wed Oct 01 00:04:52 UTC 2025,1,0.55,1,N,79,79,2,5.8,1.0,0.5,0.0,0.0,1.0,11.55,2.5,0.0,0.75
1,Wed Oct 01 00:17:33 UTC 2025,Wed Oct 01 00:18:00 UTC 2025,1,0.0,1,N,90,90,3,3.0,4.25,0.5,0.0,0.0,1.0,8.75,2.5,0.0,0.75
2,Wed Oct 01 00:27:14 UTC 2025,Wed Oct 01 00:44:00 UTC 2025,2,3.48,1,N,170,231,1,19.1,1.0,0.5,6.21,0.0,1.0,31.06,2.5,0.0,0.75
2,Wed Oct 01 00:57:03 UTC 2025,Wed Oct 01 01:06:54 UTC 2025,1,1.56,1,N,246,107,1,11.4,1.0,0.5,4.29,0.0,1.0,21.44,2.5,0.0,0.75
1,Wed Oct 01 00:12:32 UTC 2025,Wed Oct 01 00:22:14 UTC 2025,1,1.8,1,N,113,137,1,12.1,4.25,0.5,3.55,0.0,1.0,21.4,2.5,0.0,0.75
1,Wed Oct 01 00:46:07 UTC 2025,Wed Oct 01 01:23:50 UTC 2025,1,17.6,2,N,132,100,1,70.0,5.0,0.5,20.85,6.94,1.0,104.29,2.5,1.75,0.75
2,Wed Oct 01 00:08:42 UTC 2025,Wed Oct 01 00:12:22 UTC 2025,3,0.6,1,N,230,48,1,5.8,1.0,0.5,1.0,0.0,1.0,12.55,2.5,0.0,0.75
2,Wed Oct 01 00:52:50 UTC 2025,Wed Oct 01 00:55:36 UTC 2025,1,1.05,1,N,48,162,4,-6.5,-1.0,-0.5,0.0,0.0,-1.0,-12.25,-2.5,0.0,-0.75
2,Wed Oct 01 00:52:50 UTC 2025,Wed Oct 01 00:55:36 UTC 2025,1,1.05,1,N,48,162,4,6.5,1.0,0.5,0.0,0.0,1.0,12.25,2.5,0.0,0.75
2,Wed Oct 01 00:56:08 UTC 2025,Wed Oct 01 01:06:13 UTC 2025,1,2.49,1,N,107,163,1,13.5,1.0,0.5,4.81,0.0,1.0,24.06,2.5,0.0,0.75
2,Wed Oct 01 00:00:01 UTC 2025,Wed Oct 01 00:09:35 UTC 2025,2,1.38,1,N,113,231,1,10.7,1.0,0.5,2.0,0.0,1.0,18.45,2.5,0.0,0.75
2,Wed Oct 01 00:25:43 UTC 2025,Wed Oct 01 00:33:59 UTC 2025,2,1.12,1,N,107,186,1,9.3,1.0,0.5,3.01,0.0,1.0,18.06,2.5,0.0,0.75
2,Wed Oct 01 00:53:52 UTC 2025,Wed Oct 01 01:11:50 UTC 2025,2,3.34,1,N,229,249,1,19.1,1.0,0.5,6.21,0.0,1.0,31.06,2.5,0.0,0.75
1,Wed Oct 01 00:41:09 UTC 2025,Wed Oct 01 00:46:42 UTC 2025,1,0.8,1,N,246,68,1,7.2,4.25,0.5,2.59,0.0,1.0,15.54,2.5,0.0,0.75
2,Wed Oct 01 00:12:01 UTC 2025,Wed Oct 01 00:17:53 UTC 2025,1,0.77,1,N,68,68,1,7.9,1.0,0.5,2.22,0.0,1.0,15.87,2.5,0.0,0.75
2,Wed Oct 01 00:41:45 UTC 2025,Wed Oct 01 00:52:40 UTC 2025,1,4.2,1,N,234,87,1,19.1,1.0,0.5,3.73,0.0,1.0,28.58,2.5,0.0,0.75
2,Wed Oct 01 00:11:58 UTC 2025,Wed Oct 01 00:18:07 UTC 2025,1,1.39,1,N,249,246,2,8.6,1.0,0.5,0.0,0.0,1.0,14.35,2.5,0.0,0.75
2,Wed Oct 01 00:42:20 UTC 2025,Wed Oct 01 00:55:18 UTC 2025,1,2.28,1,N,161,68,1,14.9,1.0,0.5,4.13,0.0,1.0,24.78,2.5,0.0,0.75
2,Wed Oct 01 00:51:10 UTC 2025,Wed Oct 01 00:56:57 UTC 2025,1,1.48,1,N,148,137,1,9.3,1.0,0.5,3.01,0.0,1.0,18.06,2.5,0.0,0.75
2,Wed Oct 01 00:06:30 UTC 2025,Wed Oct 01 00:12:15 UTC 2025,1,0.68,1,N,263,140,1,7.2,1.0,0.5,2.44,0.0,1.0,14.64,2.5,0.0,0.0
1,Wed Oct 01 00:05:09 UTC 2025,Wed Oct 01 00:12:34 UTC 2025,1,1.2,1,N,163,186,1,8.6,4.25,0.5,2.85,0.0,1.0,17.2,2.5,0.0,0.75
1,Wed Oct 01 00:54:36 UTC 2025,Wed Oct 01 01:01:59 UTC 2025,1,1.6,1,N,100,142,1,9.3,4.25,0.5,3.0,0.0,1.0,18.05,2.5,0.0,0.75
1,Wed Oct 01 00:06:59 UTC 2025,Wed Oct 01 00:20:00 UTC 2025,2,3.7,1,N,263,7,1,17.7,4.25,0.5,0.0,0.0,1.0,23.45,2.5,0.0,0.75
1,Wed Oct 01 00:37:00 UTC 2025,Wed Oct 01 00:45:57 UTC 2025,1,2.0,1,N,230,238,1,12.1,4.25,0.5,3.55,0.0,1.0,21.4,2.5,0.0,0.75
1,Wed Oct 01 00:25:48 UTC 2025,Wed Oct 01 00:39:04 UTC 2025,1,1.1,1,N,246,230,1,12.1,4.25,0.5,4.45,0.0,1.0,22.3,2.5,0.0,0.75
2,Wed Oct 01 00:33:21 UTC 2025,Wed Oct 01 00:41:04 UTC 2025,1,1.44,1,N,142,100,2,10.0,1.0,0.5,0.0,0.0,1.0,15.75,2.5,0.0,0.75
2,Wed Oct 01 00:13:08 UTC 2025,Wed Oct 01 00:28:25 UTC 2025,1,3.54,1,N,144,54,1,18.4,1.0,0.5,4.68,0.0,1.0,28.08,2.5,0.0,0.0
1,Wed Oct 01 00:23:12 UTC 2025,Wed Oct 01 00:29:06 UTC 2025,0,1.8,1,N,142,151,1,10.0,3.5,0.5,3.75,0.0,1.0,18.75,2.5,0.0,0.0
1,Wed Oct 01 00:19:45 UTC 2025,Wed Oct 01 00:25:21 UTC 2025,1,1.7,1,N,79,137,1,9.3,4.25,0.5,2.0,0.0,1.0,17.05,2.5,0.0,0.75
2,Wed Oct 01 00:11:48 UTC 2025,Wed Oct 01 00:21:14 UTC 2025,1,2.42,1,N,48,158,1,12.8,1.0,0.5,3.71,0.0,1.0,22.26,2.5,0.0,0.75
2,Wed Oct 01 00:25:16 UTC 2025,Wed Oct 01 00:39:03 UTC 2025,1,3.03,1,N,18,81,2,17.0,1.0,0.5,0.0,0.0,1.0,19.5,0.0,0.0,0.0
2,Wed Oct 01 00:28:18 UTC 2025,Wed Oct 01 00:37:33 UTC 2025,1,1.11,1,N,114,113,1,10.0,1.0,0.5,3.15,0.0,1.0,18.9,2.5,0.0,0.75
2,Wed Oct 01 00:40:53 UTC 2025,Wed Oct 01 00:44:10 UTC 2025,1,0.64,1,N,113,114,1,5.8,1.0,0.5,2.31,0.0,1.0,13.86,2.5,0.0,0.75
2,Wed Oct 01 00:47:23 UTC 2025,Wed Oct 01 00:54:35 UTC 2025,2,0.82,1,N,114,113,1,8.6,1.0,0.5,2.87,0.0,1.0,17.22,2.5,0.0,0.75
1,Wed Oct 01 00:13:20 UTC 2025,Wed Oct 01 00:28:52 UTC 2025,1,3.2,1,N,148,256,1,18.4,4.25,0.5,4.8,0.0,1.0,28.95,2.5,0.0,0.75
2,Wed Oct 01 00:18:14 UTC 2025,Wed Oct 01 00:34:56 UTC 2025,1,4.71,1,N,249,239,1,22.6,1.0,0.5,5.67,0.0,1.0,34.02,2.5,0.0,0.75
2,Wed Oct 01 00:45:27 UTC 2025,Wed Oct 01 00:54:24 UTC 2025,1,2.04,1,N,48,107,1,11.4,1.0,0.5,2.0,0.0,1.0,19.15,2.5,0.0,0.75
2,Wed Oct 01 00:09:10 UTC 2025,Wed Oct 01 00:18:31 UTC 2025,1,2.22,1,N,163,68,1,12.8,1.0,0.5,1.0,0.0,1.0,19.55,2.5,0.0,0.75
2,Wed Oct 01 00:00:14 UTC 2025,Wed Oct 01 00:07:14 UTC 2025,2,1.27,1,N,100,137,1,9.3,1.0,0.5,3.01,0.0,1.0,18.06,2.5,0.0,0.75
2,Wed Oct 01 00:18:26 UTC 2025,Wed Oct 01 00:36:39 UTC 2025,1,3.4,1,N,107,143,2,19.8,1.0,0.5,0.0,0.0,1.0,25.55,2.5,0.0,0.75
2,Wed Oct 01 00:11:48 UTC 2025,Wed Oct 01 00:24:15 UTC 2025,1,3.36,1,N,163,125,2,16.3,1.0,0.5,0.0,0.0,1.0,22.05,2.5,0.0,0.75
2,Wed Oct 01 00:38:09 UTC 2025,Wed Oct 01 00:45:57 UTC 2025,1,2.19,1,N,114,162,1,11.4,1.0,0.5,3.43,0.0,1.0,20.58,2.5,0.0,0.75
2,Wed Oct 01 00:25:36 UTC 2025,Wed Oct 01 00:30:28 UTC 2025,1,1.05,1,N,249,90,2,7.2,1.0,0.5,0.0,0.0,1.0,12.95,2.5,0.0,0.75
1,Wed Oct 01 00:21:17 UTC 2025,Wed Oct 01 00:28:54 UTC 2025,1,2.8,1,N,137,232,2,13.5,4.25,0.5,0.0,0.0,1.0,19.25,2.5,0.0,0.75
2,Wed Oct 01 00:01:33 UTC 2025,Wed Oct 01 00:53:57 UTC 2025,1,8.98,1,N,142,189,1,55.5,1.0,0.5,12.25,0.0,1.0,73.5,2.5,0.0,0.75
2,Wed Oct 01 00:15:23 UTC 2025,Wed Oct 01 01:04:07 UTC 2025,1,27.03,1,N,132,265,1,103.1,1.0,0.5,22.51,6.94,1.0,136.8,0.0,1.75,0.0
2,Wed Oct 01 00:25:58 UTC 2025,Wed Oct 01 00:42:54 UTC 2025,2,4.61,1,N,230,179,1,21.9,1.0,0.5,5.53,0.0,1.0,33.18,2.5,0.0,0.75
2,Wed Oct 01 00:04:37 UTC 2025,Wed Oct 01 00:07:04 UTC 2025,2,0.81,1,N,162,170,1,5.8,1.0,0.5,2.31,0.0,1.0,13.86,2.5,0.0,0.75
2,Wed Oct 01 00:03:52 UTC 2025,Wed Oct 01 00:10:45 UTC 2025,1,2.05,1,N,230,239,1,10.7,1.0,0.5,2.47,0.0,1.0,18.92,2.5,0.0,0.75
2,Wed Oct 01 00:16:31 UTC 2025,Wed Oct 01 00:25:05 UTC 2025,1,1.97,1,N,142,236,1,12.1,1.0,0.5,3.57,0.0,1.0,21.42,2.5,0.0,0.75
2,Wed Oct 01 00:03:44 UTC 2025,Wed Oct 01 00:22:48 UTC 2025,1,4.22,1,N,231,255,1,22.6,1.0,0.5,5.67,0.0,1.0,34.02,2.5,0.0,0.75
2,Wed Oct 01 00:57:50 UTC 2025,Wed Oct 01 01:01:23 UTC 2025,1,1.12,1,N,262,236,1,7.2,1.0,0.5,1.11,0.0,1.0,13.31,2.5,0.0,0.0
2,Wed Oct 01 00:42:07 UTC 2025,Wed Oct 01 00:53:55 UTC 2025,2,1.94,1,N,158,231,2,12.8,1.0,0.5,0.0,0.0,1.0,18.55,2.5,0.0,0.75
2,Wed Oct 01 00:12:47 UTC 2025,Wed Oct 01 00:24:21 UTC 2025,1,1.65,1,N,79,233,1,12.1,1.0,0.5,3.57,0.0,1.0,21.42,2.5,0.0,0.75
2,Wed Oct 01 00:32:27 UTC 2025,Wed Oct 01 00:38:29 UTC 2025,1,1.72,1,N,170,114,1,9.3,1.0,0.5,1.0,0.0,1.0,16.05,2.5,0.0,0.75
2,Wed Oct 01 00:46:33 UTC 2025,Wed Oct 01 01:08:18 UTC 2025,1,5.03,1,N,79,189,1,26.8,1.0,0.5,3.0,0.0,1.0,35.55,2.5,0.0,0.75
2,Wed Oct 01 00:28:44 UTC 2025,Wed Oct 01 00:42:53 UTC 2025,1,3.84,1,N,79,255,1,19.8,1.0,0.5,5.11,0.0,1.0,30.66,2.5,0.0,0.75
2,Wed Oct 01 00:57:17 UTC 2025,Wed Oct 01 01:15:16 UTC 2025,1,3.48,1,N,79,48,1,19.8,1.0,0.5,5.11,0.0,1.0,30.66,2.5,0.0,0.75
2,Wed Oct 01 00:10:29 UTC 2025,Wed Oct 01 00:23:08 UTC 2025,1,4.45,1,N,137,209,1,20.5,1.0,0.5,7.88,0.0,1.0,34.13,2.5,0.0,0.75
2,Wed Oct 01 00:06:06 UTC 2025,Wed Oct 01 00:19:28 UTC 2025,1,2.58,1,N,161,246,1,14.9,1.0,0.5,6.2,0.0,1.0,26.85,2.5,0.0,0.75
2,Wed Oct 01 00:27:42 UTC 2025,Wed Oct 01 00:31:54 UTC 2025,1,0.36,1,N,246,68,1,5.8,1.0,0.5,2.31,0.0,1.0,13.86,2.5,0.0,0.75
2,Wed Oct 01 00:14:13 UTC 2025,Wed Oct 01 00:53:20 UTC 2025,2,8.71,1,N,48,225,1,42.9,1.0,0.5,6.0,0.0,1.0,54.65,2.5,0.0,0.75
2,Wed Oct 01 00:38:02 UTC 2025,Wed Oct 01 00:48:03 UTC 2025,1,2.97,1,N,48,238,1,14.2,1.0,0.5,2.99,0.0,1.0,22.94,2.5,0.0,0.75
2,Wed Oct 01 00:13:39 UTC 2025,Wed Oct 01 00:39:51 UTC 2025,1,6.2,1,N,113,238,1,31.0,1.0,0.5,5.51,0.0,1.0,42.26,2.5,0.0,0.75
2,Wed Oct 01 00:09:06 UTC 2025,Wed Oct 01 00:15:52 UTC 2025,1,1.28,1,N,170,229,1,8.6,1.0,0.5,2.87,0.0,1.0,17.22,2.5,0.0,0.75
2,Wed Oct 01 00:27:21 UTC 2025,Wed Oct 01 00:32:13 UTC 2025,1,0.61,1,N,237,229,1,6.5,1.0,0.5,1.22,0.0,1.0,13.47,2.5,0.0,0.75
2,Wed Oct 01 00:08:20 UTC 2025,Wed Oct 01 00:28:38 UTC 2025,1,4.7,1,N,249,263,1,23.3,1.0,0.5,8.71,0.0,1.0,37.76,2.5,0.0,0.75
2,Wed Oct 01 00:40:37 UTC 2025,Wed Oct 01 00:51:36 UTC 2025,1,2.1,1,N,161,186,2,12.8,1.0,0.5,0.0,0.0,1.0,18.55,2.5,0.0,0.75
2,Wed Oct 01 00:12:52 UTC 2025,Wed Oct 01 00:22:57 UTC 2025,1,1.92,1,N,48,234,1,12.1,1.0,0.5,4.46,0.0,1.0,22.31,2.5,0.0,0.75
2,Wed Oct 01 00:45:12 UTC 2025,Wed Oct 01 00:50:32 UTC 2025,1,1.97,1,N,164,237,1,9.3,1.0,0.5,3.01,0.0,1.0,18.06,2.5,0.0,0.75
2,Wed Oct 01 00:10:34 UTC 2025,Wed Oct 01 00:20:48 UTC 2025,1,1.42,1,N,90,246,1,11.4,1.0,0.5,4.29,0.0,1.0,21.44,2.5,0.0,0.75
2,Wed Oct 01 00:33:22 UTC 2025,Wed Oct 01 00:49:47 UTC 2025,1,3.77,1,N,186,263,1,19.8,1.0,0.5,5.11,0.0,1.0,30.66,2.5,0.0,0.75
2,Wed Oct 01 00:06:11 UTC 2025,Wed Oct 01 00:24:35 UTC 2025,1,4.64,1,N,68,33,1,22.6,1.0,0.5,5.67,0.0,1.0,34.02,2.5,0.0,0.75
2,Wed Oct 01 00:10:10 UTC 2025,Wed Oct 01 00:24:49 UTC 2025,3,1.42,1,N,164,230,1,14.2,1.0,0.5,0.0,0.0,1.0,19.95,2.5,0.0,0.75
2,Wed Oct 01 00:38:46 UTC 2025,Wed Oct 01 00:49:22 UTC 2025,1,2.02,1,N,45,4,1,12.8,1.0,0.5,3.34,0.0,1.0,21.89,2.5,0.0,0.75
2,Wed Oct 01 00:15:03 UTC 2025,Wed Oct 01 00:32:49 UTC 2025,1,6.64,1,N,132,258,2,29.6,1.0,0.5,0.0,0.0,1.0,33.85,0.0,1.75,0.0
2,Wed Oct 01 00:06:10 UTC 2025,Wed Oct 01 00:09:51 UTC 2025,1,0.8,1,N,161,170,1,6.5,1.0,0.5,2.0,0.0,1.0,14.25,2.5,0.0,0.75
2,Wed Oct 01 00:35:07 UTC 2025,Wed Oct 01 00:41:12 UTC 2025,4,0.85,1,N,158,114,1,7.2,1.0,0.5,0.0,0.0,1.0,12.95,2.5,0.0,0.75
2,Wed Oct 01 00:15:52 UTC 2025,Wed Oct 01 00:27:25 UTC 2025,1,2.31,1,N,161,246,1,13.5,1.0,0.5,1.92,0.0,1.0,21.17,2.5,0.0,0.75
2,Wed Oct 01 00:54:03 UTC 2025,Wed Oct 01 01:01:08 UTC 2025,2,1.18,1,N,211,232,1,8.6,1.0,0.5,2.87,0.0,1.0,17.22,2.5,0.0,0.75
1,Wed Oct 01 00:04:51 UTC 2025,Wed Oct 01 00:12:26 UTC 2025,1,1.1,1,N,249,79,1,7.9,4.25,0.5,4.1,0.0,1.0,17.75,2.5,0.0,0.75
2,Wed Oct 01 00:21:31 UTC 2025,Wed Oct 01 00:39:27 UTC 2025,2,6.45,1,N,237,261,1,28.2,1.0,0.5,3.4,0.0,1.0,37.35,2.5,0.0,0.75
2,Wed Oct 01 00:44:05 UTC 2025,Wed Oct 01 00:55:44 UTC 2025,1,1.75,1,N,234,158,1,12.1,1.0,0.5,3.57,0.0,1.0,21.42,2.5,0.0,0.75
2,Wed Oct 01 00:26:17 UTC 2025,Wed Oct 01 00:37:41 UTC 2025,4,2.8,1,N,170,75,1,14.9,1.0,0.5,1.11,0.0,1.0,21.76,2.5,0.0,0.75
2,Wed Oct 01 00:48:23 UTC 2025,Wed Oct 01 00:52:12 UTC 2025,4,0.73,1,N,164,186,2,5.8,1.0,0.5,0.0,0.0,1.0,11.55,2.5,0.0,0.75
2,Wed Oct 01 00:57:28 UTC 2025,Wed Oct 01 01:07:35 UTC 2025,4,1.93,1,N,90,231,1,12.1,1.0,0.5,3.57,0.0,1.0,21.42,2.5,0.0,0.75
2,Wed Oct 01 00:22:21 UTC 2025,Wed Oct 01 00:30:51 UTC 2025,1,0.97,1,N,148,113,1,9.3,1.0,0.5,3.01,0.0,1.0,18.06,2.5,0.0,0.75
2,Wed Oct 01 00:35:53 UTC 2025,Wed Oct 01 00:44:53 UTC 2025,1,1.21,1,N,114,231,1,10.0,1.0,0.5,3.15,0.0,1.0,18.9,2.5,0.0,0.75
2,Wed Oct 01 00:55:48 UTC 2025,Wed Oct 01 01:06:38 UTC 2025,1,2.24,1,N,249,170,1,13.5,1.0,0.5,3.85,0.0,1.0,23.1,2.5,0.0,0.75
1,Wed Oct 01 00:05:35 UTC 2025,Wed Oct 01 00:16:18 UTC 2025,1,1.7,1,N,234,79,1,12.1,4.25,0.5,1.0,0.0,1.0,18.85,2.5,0.0,0.75
2,Wed Oct 01 00:01:02 UTC 2025,Wed Oct 01 00:10:52 UTC 2025,2,1.4,1,N,162,229,1,10.7,1.0,0.5,3.29,0.0,1.0,19.74,2.5,0.0,0.75
2,Wed Oct 01 00:07:36 UTC 2025,Wed Oct 01 00:19:18 UTC 2025,3,2.74,1,N,114,229,1,14.9,1.0,0.5,3.0,0.0,1.0,23.65,2.5,0.0,0.75
2,Wed Oct 01 00:53:19 UTC 2025,Wed Oct 01 01:00:53 UTC 2025,2,1.15,1,N,113,68,1,8.6,1.0,0.5,2.87,0.0,1.0,17.22,2.5,0.0,0.75
1,Wed Oct 01 00:19:42 UTC 2025,Wed Oct 01 00:22:01 UTC 2025,1,0.6,1,N,114,79,1,5.1,4.25,0.5,2.17,0.0,1.0,13.02,2.5,0.0,0.75
2,Wed Oct 01 00:11:14 UTC 2025,Wed Oct 01 00:20:21 UTC 2025,1,2.12,1,N,231,107,1,12.1,1.0,0.5,3.57,0.0,1.0,21.42,2.5,0.0,0.75
2,Wed Oct 01 00:26:13 UTC 2025,Wed Oct 01 00:33:20 UTC 2025,1,1.74,1,N,231,13,1,10.7,1.0,0.5,2.0,0.0,1.0,18.45,2.5,0.0,0.75
2,Wed Oct 01 00:43:36 UTC 2025,Wed Oct 01 01:07:10 UTC 2025,1,5.84,1,N,209,61,2,28.9,1.0,0.5,0.0,0.0,1.0,34.65,2.5,0.0,0.75
2,Wed Oct 01 00:15:07 UTC 2025,Wed Oct 01 00:21:21 UTC 2025,1,0.85,1,N,114,125,1,7.9,1.0,0.5,2.73,0.0,1.0,16.38,2.5,0.0,0.75
1,Wed Oct 01 00:02:57 UTC 2025,Wed Oct 01 00:14:50 UTC 2025,1,1.8,1,N,230,239,4,12.1,4.25,0.5,0.0,0.0,1.0,17.85,2.5,0.0,0.75
1,Wed Oct 01 00:22:56 UTC 2025,Wed Oct 01 00:29:37 UTC 2025,1,1.6,1,N,48,246,1,9.3,4.25,0.5,3.0,0.0,1.0,18.05,2.5,0.0,0.75
2,Wed Oct 01 00:25:13 UTC 2025,Wed Oct 01 00:39:59 UTC 2025,1,5.14,1,N,148,40,1,22.6,1.0,0.5,5.0,0.0,1.0,33.35,2.5,0.0,0.75
2,Wed Oct 01 00:06:57 UTC 2025,Wed Oct 01 00:17:01 UTC 2025,1,4.44,1,N,263,42,1,20.5,1.0,0.5,5.1,0.0,1.0,30.6,2.5,0.0,0.0
1,Wed Oct 01 00:17:06 UTC 2025,Wed Oct 01 00:24:31 UTC 2025,1,1.1,1,N,164,107,1,8.6,4.25,0.5,1.0,0.0,1.0,15.35,2.5,0.0,0.75
1,Wed Oct 01 00:31:50 UTC 2025,Wed Oct 01 00:46:26 UTC 2025,1,3.7,1,N,229,7,1,17.0,4.25,0.5,4.55,0.0,1.0,27.3,2.5,0.0,0.75
2,Wed Oct 01 00:26:43 UTC 2025,Wed Oct 01 00:38:28 UTC 2025,1,2.02,1,N,158,107,1,12.8,1.0,0.5,4.64,0.0,1.0,23.19,2.5,0.0,0.75
2,Wed Oct 01 00:55:43 UTC 2025,Wed Oct 01 01:08:47 UTC 2025,1,1.54,1,N,90,79,4,-13.5,-1.0,-0.5,0.0,0.0,-1.0,-19.25,-2.5,0.0,-0.75
2,Wed Oct 01 00:55:43 UTC 2025,Wed Oct 01 01:08:47 UTC 2025,1,1.54,1,N,90,107,4,13.5,1.0,0.5,0.0,0.0,1.0,19.25,2.5,0.0,0.75
2,Wed Oct 01 00:00:23 UTC 2025,Wed Oct 01 00:08:47 UTC 2025,1,1.74,1,N,163,263,1,10.7,1.0,0.5,4.11,0.0,1.0,20.56,2.5,0.0,0.75
2,Wed Oct 01 00:17:59 UTC 2025,Wed Oct 01 00:34:05 UTC 2025,1,4.24,1,N,90,33,1,19.8,1.0,0.5,5.0,0.0,1.0,30.55,2.5,0.0,0.75
2,Wed Oct 01 00:26:41 UTC 2025,Wed Oct 01 00:33:28 UTC 2025,1,0.91,1,N,163,233,1,8.6,1.0,0.5,2.87,0.0,1.0,17.22,2.5,0.0,0.75
2,Wed Oct 01 00:41:17 UTC 2025,Wed Oct 01 00:57:57 UTC 2025,2,2.62,1,N,161,263,1,17.0,1.0,0.5,4.55,0.0,1.0,27.3,2.5,0.0,0.75
2,Wed Oct 01 00:06:33 UTC 2025,Wed Oct 01 00:16:43 UTC 2025,1,3.02,1,N,140,107,1,15.6,1.0,0.5,4.27,0.0,1.0,25.62,2.5,0.0,0.75
2,Wed Oct 01 00:00:13 UTC 2025,Wed Oct 01 00:07:36 UTC 2025,1,2.64,1,N,87,4,1,13.5,1.0,0.5,2.0,0.0,1.0,21.25,2.5,0.0,0.75
2,Wed Oct 01 00:08:20 UTC 2025,Wed Oct 01 00:15:21 UTC 2025,1,1.22,1,N,162,100,1,9.3,1.0,0.5,0.0,0.0,1.0,15.05,2.5,0.0,0.75
2,Wed Oct 01 00:16:13 UTC 2025,Wed Oct 01 00:21:30 UTC 2025,3,0.77,1,N,162,100,2,6.5,1.0,0.5,0.0,0.0,1.0,12.25,2.5,0.0,0.75
2,Wed Oct 01 00:19:47 UTC 2025,Wed Oct 01 00:34:38 UTC 2025,2,1.94,1,N,48,229,1,14.9,1.0,0.5,4.13,0.0,1.0,24.78,2.5,0.0,0.75
2,Wed Oct 01 00:41:44 UTC 2025,Wed Oct 01 00:59:05 UTC 2025,1,3.67,1,N,79,50,1,19.8,1.0,0.5,5.11,0.0,1.0,30.66,2.5,0.0,0.75
1,Wed Oct 01 00:19:43 UTC 2025,Wed Oct 01 00:27:37 UTC 2025,1,1.3,1,N,162,48,2,8.6,4.25,0.5,0.0,0.0,1.0,14.35,2.5,0.0,0.75
2,Wed Oct 01 00:20:18 UTC 2025,Wed Oct 01 00:26:43 UTC 2025,1,0.77,1,N,142,230,1,7.9,1.0,0.5,3.41,0.0,1.0,17.06,2.5,0.0,0.75
2,Wed Oct 01 00:40:03 UTC 2025,Wed Oct 01 00:48:00 UTC 2025,1,1.7,1,N,161,113,1,10.0,1.0,0.5,3.15,0.0,1.0,18.9,2.5,0.0,0.75
1,Wed Oct 01 00:21:50 UTC 2025,Wed Oct 01 00:24:41 UTC 2025,1,0.5,1,N,234,90,1,5.1,4.25,0.5,1.0,0.0,1.0,11.85,2.5,0.0,0.75
1,Wed Oct 01 00:33:32 UTC 2025,Wed Oct 01 00:40:28 UTC 2025,4,0.6,1,N,164,137,1,7.2,4.25,0.5,2.0,0.0,1.0,14.95,2.5,0.0,0.75
2,Wed Oct 01 00:12:03 UTC 2025,Wed Oct 01 00:19:20 UTC 2025,1,1.54,1,N,114,90,1,9.3,1.0,0.5,3.01,0.0,1.0,18.06,2.5,0.0,0.75
2,Wed Oct 01 00:25:56 UTC 2025,Wed Oct 01 00:32:21 UTC 2025,3,0.97,1,N,186,230,1,7.9,1.0,0.5,2.0,0.0,1.0,15.65,2.5,0.0,0.75
2,Wed Oct 01 00:57:39 UTC 2025,Wed Oct 01 01:07:20 UTC 2025,1,1.53,1,N,239,24,1,11.4,1.0,0.5,2.0,0.0,1.0,18.4,2.5,0.0,0.0
1,Wed Oct 01 00:12:32 UTC 2025,Wed Oct 01 00:17:56 UTC 2025,1,1.1,1,N,48,246,1,7.9,4.25,0.5,2.0,0.0,1.0,15.65,2.5,0.0,0.75
1,Wed Oct 01 00:42:44 UTC 2025,Wed Oct 01 00:47:32 UTC 2025,1,1.1,1,N,158,246,1,7.9,4.25,0.5,5.0,0.0,1.0,18.65,2.5,0.0,0.75
1,Wed Oct 01 00:52:33 UTC 2025,Wed Oct 01 01:11:30 UTC 2025,1,4.4,1,N,246,145,1,22.6,4.25,0.5,7.05,6.94,1.0,42.34,2.5,0.0,0.75
2,Wed Oct 01 00:11:55 UTC 2025,Wed Oct 01 00:18:57 UTC 2025,1,1.08,1,N,43,162,1,8.6,1.0,0.5,2.87,0.0,1.0,17.22,2.5,0.0,0.75
2,Wed Oct 01 00:22:02 UTC 2025,Wed Oct 01 00:27:10 UTC 2025,1,1.03,1,N,162,233,1,7.2,1.0,0.5,2.59,0.0,1.0,15.54,2.5,0.0,0.75
2,Wed Oct 01 00:08:28 UTC 2025,Wed Oct 01 00:19:15 UTC 2025,2,1.33,1,N,237,262,1,11.4,1.0,0.5,2.46,0.0,1.0,18.86,2.5,0.0,0.0
2,Wed Oct 01 00:08:56 UTC 2025,Wed Oct 01 00:20:42 UTC 2025,1,3.3,1,N,137,112,1,16.3,1.0,0.5,5.8,6.94,1.0,34.79,2.5,0.0,0.75
2,Wed Oct 01 00:12:48 UTC 2025,Wed Oct 01 00:35:07 UTC 2025,1,3.91,1,N,164,238,1,24.0,1.0,0.5,5.95,0.0,1.0,35.7,2.5,0.0,0.75
2,Wed Oct 01 00:55:18 UTC 2025,Wed Oct 01 01:05:47 UTC 2025,1,1.25,1,N,113,224,1,11.4,1.0,0.5,3.43,0.0,1.0,20.58,2.5,0.0,0.75
2,Wed Oct 01 00:52:43 UTC 2025,Wed Oct 01 01:08:20 UTC 2025,1,3.32,1,N,141,238,1,18.4,1.0,0.5,4.83,0.0,1.0,28.98,2.5,0.0,0.75
2,Wed Oct 01 00:11:35 UTC 2025,Wed Oct 01 00:13:23 UTC 2025,1,0.44,1,N,233,141,2,4.4,1.0,0.5,0.0,0.0,1.0,10.15,2.5,0.0,0.75
1,Wed Oct 01 00:10:53 UTC 2025,Wed Oct 01 00:41:51 UTC 2025,1,10.0,1,N,48,257,1,43.6,4.25,0.5,0.2,0.0,1.0,49.55,2.5,0.0,0.75
2,Wed Oct 01 00:10:05 UTC 2025,Wed Oct 01 00:24:38 UTC 2025,1,6.34,1,N,237,209,1,27.5,1.0,0.5,6.65,0.0,1.0,39.9,2.5,0.0,0.75
2,Wed Oct 01 00:33:37 UTC 2025,Wed Oct 01 00:45:23 UTC 2025,1,2.59,1,N,249,48,1,14.2,1.0,0.5,3.99,0.0,1.0,23.94,2.5,0.0,0.75
2,Wed Oct 01 00:20:34 UTC 2025,Wed Oct 01 01:07:40 UTC 2025,6,17.2,2,N,215,87,1,70.0,0.0,0.5,16.34,6.94,1.0,98.03,2.5,0.0,0.75
2,Wed Oct 01 00:20:39 UTC 2025,Wed Oct 01 00:33:45 UTC 2025,1,2.11,1,N,249,100,1,14.2,1.0,0.5,3.99,0.0,1.0,23.94,2.5,0.0,0.75
2,Wed Oct 01 00:03:51 UTC 2025,Wed Oct 01 00:16:09 UTC 2025,1,3.19,1,N,237,68,1,15.6,1.0,0.5,4.27,0.0,1.0,25.62,2.5,0.0,0.75
2,Wed Oct 01 00:34:07 UTC 2025,Wed Oct 01 00:43:41 UTC 2025,1,1.63,1,N,237,239,1,11.4,1.0,0.5,3.28,0.0,1.0,19.68,2.5,0.0,0.0
2,Wed Oct 01 00:45:54 UTC 2025,Wed Oct 01 00:59:57 UTC 2025,1,2.39,1,N,239,262,1,14.9,1.0,0.5,3.98,0.0,1.0,23.88,2.5,0.0,0.0
2,Wed Oct 01 00:26:01 UTC 2025,Wed Oct 01 00:42:23 UTC 2025,4,3.49,1,N,114,230,1,19.1,1.0,0.5,0.0,0.0,1.0,24.85,2.5,0.0,0.75
2,Wed Oct 01 00:43:23 UTC 2025,Wed Oct 01 00:43:33 UTC 2025,4,0.0,1,N,230,230,1,3.0,1.0,0.5,10.0,0.0,1.0,18.75,2.5,0.0,0.75
2,Wed Oct 01 00:35:32 UTC 2025,Wed Oct 01 01:06:08 UTC 2025,4,8.7,1,N,87,71,1,41.5,1.0,0.5,5.0,6.94,1.0,59.19,2.5,0.0,0.75
2,Wed Oct 01 00:15:06 UTC 2025,Wed Oct 01 00:28:16 UTC 2025,1,1.92,1,N,230,48,2,13.5,1.0,0.5,0.0,0.0,1.0,19.25,2.5,0.0,0.75
2,Wed Oct 01 00:20:28 UTC 2025,Wed Oct 01 00:42:14 UTC 2025,1,5.06,1,N,68,236,1,24.7,1.0,0.5,6.09,0.0,1.0,36.54,2.5,0.0,0.75
2,Wed Oct 01 00:31:24 UTC 2025,Wed Oct 01 01:15:02 UTC 2025,2,21.8,2,N,132,261,1,70.0,0.0,0.5,5.0,6.94,1.0,88.44,2.5,1.75,0.75
2,Wed Oct 01 00:00:48 UTC 2025,Wed Oct 01 00:18:34 UTC 2025,1,10.14,1,N,138,9,1,39.4,6.0,0.5,7.0,0.0,1.0,55.65,0.0,1.75,0.0
2,Wed Oct 01 00:18:59 UTC 2025,Wed Oct 01 00:38:44 UTC 2025,1,4.48,1,N,114,43,1,23.3,1.0,0.5,2.9,0.0,1.0,31.95,2.5,0.0,0.75
2,Wed Oct 01 00:48:28 UTC 2025,Wed Oct 01 00:57:46 UTC 2025,1,2.06,1,N,142,170,1,12.1,1.0,0.5,3.57,0.0,1.0,21.42,2.5,0.0,0.75
2,Wed Oct 01 00:34:50 UTC 2025,Wed Oct 01 00:53:43 UTC 2025,1,3.87,1,N,144,48,2,21.2,1.0,0.5,0.0,0.0,1.0,26.95,2.5,0.0,0.75
2,Wed Oct 01 00:00:16 UTC 2025,Wed Oct 01 00:08:22 UTC 2025,1,1.22,1,N,107,68,1,10.0,1.0,0.5,2.0,0.0,1.0,17.75,2.5,0.0,0.75
2,Wed Oct 01 00:15:55 UTC 2025,Wed Oct 01 00:27:43 UTC 2025,1,2.44,1,N,246,79,2,13.5,1.0,0.5,0.0,0.0,1.0,19.25,2.5,0.0,0.75
2,Wed Oct 01 00:14:22 UTC 2025,Wed Oct 01 00:23:37 UTC 2025,1,2.68,1,N,50,113,1,12.8,1.0,0.5,3.71,0.0,1.0,22.26,2.5,0.0,0.75
2,Wed Oct 01 00:00:50 UTC 2025,Wed Oct 01 00:07:48 UTC 2025,3,0.99,1,N,186,137,1,8.6,1.0,0.5,2.87,0.0,1.0,17.22,2.5,0.0,0.75
2,Wed Oct 01 00:08:01 UTC 2025,Wed Oct 01 00:08:04 UTC 2025,1,0.0,5,N,144,144,2,29.0,0.0,0.0,0.0,0.0,1.0,30.0,0.0,0.0,0.0
2,Wed Oct 01 00:12:46 UTC 2025,Wed Oct 01 00:12:59 UTC 2025,4,0.0,5,N,265,265,1,200.0,0.0,0.0,0.0,0.0,1.0,201.0,0.0,0.0,0.0
2,Wed Oct 01 00:43:47 UTC 2025,Wed Oct 01 00:43:59 UTC 2025,1,0.0,5,N,87,87,1,200.0,0.0,0.0,40.85,0.0,1.0,245.1,2.5,0.0,0.75
2,Wed Oct 01 00:09:11 UTC 2025,Wed Oct 01 00:28:41 UTC 2025,1,6.89,1,N,186,33,1,29.6,1.0,0.5,5.0,0.0,1.0,40.35,2.5,0.0,0.75
2,Wed Oct 01 00:08:27 UTC 2025,Wed Oct 01 00:19:57 UTC 2025,1,1.91,1,N,186,50,1,12.8,1.0,0.5,3.71,0.0,1.0,22.26,2.5,0.0,0.75
1,Wed Oct 01 00:03:15 UTC 2025,Wed Oct 01 00:49:08 UTC 2025,1,8.6,99,N,108,36,1,43.5,0.0,0.5,0.0,0.0,0.0,44.0,0.0,0.0,0.0
2,Wed Oct 01 00:36:03 UTC 2025,Wed Oct 01 00:45:00 UTC 2025,1,1.38,1,N,142,229,1,10.7,1.0,0.5,3.29,0.0,1.0,19.74,2.5,0.0,0.75
2,Wed Oct 01 00:01:41 UTC 2025,Wed Oct 01 00:07:38 UTC 2025,1,2.17,1,N,237,75,2,10.0,1.0,0.5,0.0,0.0,1.0,15.0,2.5,0.0,0.0
2,Wed Oct 01 00:11:41 UTC 2025,Wed Oct 01 00:20:33 UTC 2025,2,1.28,1,N,148,232,1,10.0,1.0,0.5,3.15,0.0,1.0,18.9,2.5,0.0,0.75
2,Wed Oct 01 00:21:05 UTC 2025,Wed Oct 01 00:32:34 UTC 2025,2,0.0,1,N,148,261,1,10.7,1.0,0.5,2.0,0.0,1.0,18.45,2.5,0.0,0.75
2,Wed Oct 01 00:42:18 UTC 2025,Wed Oct 01 00:46:17 UTC 2025,1,0.94,1,N,161,234,1,6.5,1.0,0.5,1.0,0.0,1.0,13.25,2.5,0.0,0.75
2,Wed Oct 01 00:47:36 UTC 2025,Wed Oct 01 00:54:33 UTC 2025,1,1.29,1,N,234,249,1,8.6,1.0,0.5,5.0,0.0,1.0,19.35,2.5,0.0,0.75
2,Wed Oct 01 00:49:14 UTC 2025,Wed Oct 01 00:52:43 UTC 2025,1,0.88,1,N,113,234,1,6.5,1.0,0.5,2.45,0.0,1.0,14.7,2.5,0.0,0.75
2,Wed Oct 01 00:07:22 UTC 2025,Wed Oct 01 00:19:15 UTC 2025,2,1.68,1,N,4,211,1,12.8,1.0,0.5,1.0,0.0,1.0,19.55,2.5,0.0,0.75
2,Wed Oct 01 00:24:49 UTC 2025,Wed Oct 01 00:58:20 UTC 2025,1,7.08,1,N,249,225,1,37.3,1.0,0.5,5.0,0.0,1.0,48.05,2.5,0.0,0.75
2,Wed Oct 01 00:02:01 UTC 2025,Wed Oct 01 00:40:07 UTC 2025,2,6.13,1,N,148,263,1,36.6,1.0,0.5,8.47,0.0,1.0,50.82,2.5,0.0,0.75
7,Wed Oct 01 00:07:09 UTC 2025,Wed Oct 01 00:07:09 UTC 2025,2,21.9,2,N,132,143,1,70.0,0.0,0.5,16.54,6.94,1.0,99.23,2.5,1.75,0.0
2,Wed Oct 01 00:00:44 UTC 2025,Wed Oct 01 00:05:55 UTC 2025,1,1.5,1,N,234,170,1,8.6,1.0,0.5,2.87,0.0,1.0,17.22,2.5,0.0,0.75
2,Wed Oct 01 00:07:10 UTC 2025,Wed Oct 01 00:15:23 UTC 2025,1,1.39,1,N,170,90,1,10.0,1.0,0.5,3.15,0.0,1.0,18.9,2.5,0.0,0.75
2,Wed Oct 01 00:11:06 UTC 2025,Wed Oct 01 00:29:56 UTC 2025,1,3.84,1,N,158,142,1,21.2,1.0,0.5,8.08,0.0,1.0,35.03,2.5,0.0,0.75
2,Wed Oct 01 00:00:14 UTC 2025,Wed Oct 01 00:08:22 UTC 2025,1,1.54,1,N,161,142,1,10.7,1.0,0.5,2.96,0.0,1.0,19.41,2.5,0.0,0.75
2,Wed Oct 01 00:47:29 UTC 2025,Wed Oct 01 00:52:53 UTC 2025,1,0.94,1,N,234,113,1,7.2,1.0,0.5,2.59,0.0,1.0,15.54,2.5,0.0,0.75
2,Wed Oct 01 00:30:29 UTC 2025,Wed Oct 01 00:30:56 UTC 2025,2,0.04,1,N,161,161,2,3.0,1.0,0.5,0.0,0.0,1.0,8.75,2.5,0.0,0.75
1,Wed Oct 01 00:02:24 UTC 2025,Wed Oct 01 00:05:42 UTC 2025,1,0.8,1,N,141,141,1,5.8,4.25,0.5,0.0,0.0,1.0,11.55,2.5,0.0,0.75
2,Wed Oct 01 00:57:52 UTC 2025,Wed Oct 01 01:24:05 UTC 2025,1,2.69,1,N,141,7,1,24.0,1.0,0.5,5.95,0.0,1.0,35.7,2.5,0.0,0.75
2,Wed Oct 01 00:05:13 UTC 2025,Wed Oct 01 00:25:00 UTC 2025,2,9.18,1,N,138,148,1,38.0,6.0,0.5,9.75,0.0,1.0,60.25,2.5,1.75,0.75
1,Wed Oct 01 00:05:13 UTC 2025,Wed Oct 01 00:36:44 UTC 2025,1,10.1,99,N,226,130,1,38.5,0.0,0.5,0.0,0.0,0.0,39.0,0.0,0.0,0.0
2,Wed Oct 01 00:01:08 UTC 2025,Wed Oct 01 00:07:37 UTC 2025,1,1.76,1,N,142,151,1,10.0,1.0,0.5,3.0,0.0,1.0,18.0,2.5,0.0,0.0
2,Wed Oct 01 00:22:55 UTC 2025,Wed Oct 01 00:30:25 UTC 2025,1,1.87,1,N,48,249,1,10.0,1.0,0.5,3.15,0.0,1.0,18.9,2.5,0.0,0.75
2,Wed Oct 01 00:20:54 UTC 2025,Wed Oct 01 00:37:26 UTC 2025,1,3.06,1,N,79,80,1,18.4,1.0,0.5,4.83,0.0,1.0,28.98,2.5,0.0,0.75
2,Wed Oct 01 00:28:36 UTC 2025,Wed Oct 01 00:34:21 UTC 2025,1,1.78,1,N,163,239,1,9.3,1.0,0.5,2.0,0.0,1.0,17.05,2.5,0.0,0.75
2,Wed Oct 01 00:11:55 UTC 2025,Wed Oct 01 00:22:40 UTC 2025,1,2.53,1,N,107,230,1,13.5,1.0,0.5,3.85,0.0,1.0,23.1,2.5,0.0,0.75
2,Wed Oct 01 00:08:25 UTC 2025,Wed Oct 01 00:19:11 UTC 2025,1,2.09,1,N,249,148,1,13.5,1.0,0.5,0.0,0.0,1.0,19.25,2.5,0.0,0.75
1,Wed Oct 01 00:28:53 UTC 2025,Wed Oct 01 00:46:57 UTC 2025,1,2.8,1,N,161,79,1,19.1,4.25,0.5,4.95,0.0,1.0,29.8,2.5,0.0,0.75
2,Wed Oct 01 00:38:08 UTC 2025,Wed Oct 01 00:49:05 UTC 2025,1,1.52,1,N,148,79,1,11.4,1.0,0.5,0.0,0.0,1.0,17.15,2.5,0.0,0.75
2,Wed Oct 01 00:29:38 UTC 2025,Wed Oct 01 00:40:51 UTC 2025,1,1.32,1,N,79,158,1,11.4,1.0,0.5,3.43,0.0,1.0,20.58,2.5,0.0,0.75
1,Wed Oct 01 00:41:14 UTC 2025,Wed Oct 01 01:05:58 UTC 2025,1,8.4,5,N,132,121,1,40.0,1.75,0.0,5.0,0.0,1.0,47.75,0.0,1.75,0.0
2,Wed Oct 01 00:56:26 UTC 2025,Wed Oct 01 01:15:33 UTC 2025,2,4.83,1,N,249,238,1,24.0,1.0,0.5,4.0,0.0,1.0,33.75,2.5,0.0,0.75
2,Wed Oct 01 00:36:29 UTC 2025,Wed Oct 01 00:53:33 UTC 2025,1,5.24,1,N,79,236,1,25.4,1.0,0.5,4.0,0.0,1.0,35.15,2.5,0.0,0.75
2,Wed Oct 01 00:19:37 UTC 2025,Wed Oct 01 01:18:25 UTC 2025,1,15.97,1,N,164,89,1,73.0,1.0,0.5,15.75,0.0,1.0,94.5,2.5,0.0,0.75
2,Wed Oct 01 00:30:24 UTC 2025,Wed Oct 01 00:39:21 UTC 2025,1,5.48,1,N,170,33,1,22.6,1.0,0.5,5.67,0.0,1.0,34.02,2.5,0.0,0.75
2,Wed Oct 01 00:07:24 UTC 2025,Wed Oct 01 00:20:29 UTC 2025,1,2.15,1,N,158,45,1,13.5,1.0,0.5,0.0,0.0,1.0,19.25,2.5,0.0,0.75
2,Wed Oct 01 00:54:35 UTC 2025,Wed Oct 01 00:59:25 UTC 2025,1,0.87,1,N,148,4,1,7.2,1.0,0.5,0.0,0.0,1.0,12.95,2.5,0.0,0.75
1,Wed Oct 01 00:10:18 UTC 2025,Wed Oct 01 00:19:07 UTC 2025,1,2.2,1,N,48,125,1,10.7,4.25,0.5,3.3,0.0,1.0,19.75,2.5,0.0,0.75
1,Wed Oct 01 00:29:37 UTC 2025,Wed Oct 01 01:02:16 UTC 2025,1,7.1,1,N,107,152,2,31.7,4.25,0.5,0.0,0.0,1.0,37.45,2.5,0.0,0.75
2,Wed Oct 01 00:40:44 UTC 2025,Wed Oct 01 01:00:43 UTC 2025,1,10.16,1,N,132,39,2,40.8,1.0,0.5,0.0,0.0,1.0,45.05,0.0,1.75,0.0
2,Wed Oct 01 00:07:27 UTC 2025,Wed Oct 01 00:25:37 UTC 2025,2,4.52,1,N,161,87,1,21.9,1.0,0.5,3.0,0.0,1.0,30.65,2.5,0.0,0.75
2,Wed Oct 01 00:02:53 UTC 2025,Wed Oct 01 00:25:37 UTC 2025,1,6.97,1,N,162,33,1,32.4,1.0,0.5,5.72,0.0,1.0,43.87,2.5,0.0,0.75
2,Wed Oct 01 00:54:32 UTC 2025,Wed Oct 01 01:04:15 UTC 2025,1,1.82,1,N,161,141,1,12.1,1.0,0.5,2.0,0.0,1.0,19.85,2.5,0.0,0.75
2,Wed Oct 01 00:00:08 UTC 2025,Wed Oct 01 00:11:00 UTC 2025,1,2.57,1,N,50,234,2,13.5,1.0,0.5,0.0,0.0,1.0,19.25,2.5,0.0,0.75
2,Wed Oct 01 00:46:14 UTC 2025,Wed Oct 01 01:00:11 UTC 2025,1,6.43,1,N,229,256,1,26.1,1.0,0.5,11.64,6.94,1.0,50.43,2.5,0.0,0.75
1,Wed Oct 01 00:10:27 UTC 2025,Wed Oct 01 00:15:43 UTC 2025,2,1.4,1,N,137,79,1,8.6,4.25,0.5,1.4,0.0,1.0,15.75,2.5,0.0,0.75
1,Wed Oct 01 00:53:36 UTC 2025,Wed Oct 01 00:57:59 UTC 2025,1,1.1,1,N,137,224,1,7.2,4.25,0.5,3.85,0.0,1.0,16.8,2.5,0.0,0.75
1,Wed Oct 01 00:40:40 UTC 2025,Wed Oct 01 01:13:48 UTC 2025,2,18.0,2,Y,132,45,1,70.0,3.25,0.5,14.95,0.0,1.0,89.7,2.5,0.0,0.75
2,Wed Oct 01 00:34:02 UTC 2025,Wed Oct 01 00:50:52 UTC 2025,1,3.02,1,N,237,79,1,17.0,1.0,0.5,6.83,0.0,1.0,29.58,2.5,0.0,0.75
2,Wed Oct 01 00:50:51 UTC 2025,Wed Oct 01 00:56:19 UTC 2025,1,1.75,1,N,249,68,1,9.3,1.0,0.5,0.0,0.0,1.0,15.05,2.5,0.0,0.75
2,Wed Oct 01 00:42:18 UTC 2025,Wed Oct 01 00:49:49 UTC 2025,1,1.97,1,N,162,140,1,10.0,1.0,0.5,3.94,0.0,1.0,19.69,2.5,0.0,0.75
2,Wed Oct 01 00:47:11 UTC 2025,Wed Oct 01 00:56:24 UTC 2025,1,1.17,1,N,164,230,1,10.0,1.0,0.5,3.15,0.0,1.0,18.9,2.5,0.0,0.75
7,Wed Oct 01 00:01:06 UTC 2025,Wed Oct 01 00:01:06 UTC 2025,1,2.37,1,N,249,88,1,13.5,0.0,0.5,3.85,0.0,1.0,23.1,2.5,0.0,0.75
2,Wed Oct 01 00:11:35 UTC 2025,Wed Oct 01 00:42:29 UTC 2025,1,26.96,1,N,132,54,1,97.5,1.0,0.5,20.35,0.0,1.0,122.1,0.0,1.75,0.0
7,Wed Oct 01 00:14:43 UTC 2025,Wed Oct 01 00:14:43 UTC 2025,1,3.92,1,N,87,40,1,20.5,0.0,0.5,6.64,6.94,1.0,39.83,2.5,0.0,0.75
2,Wed Oct 01 00:37:38 UTC 2025,Wed Oct 01 01:10:37 UTC 2025,2,16.6,2,N,132,137,1,70.0,0.0,0.5,16.34,6.94,1.0,99.78,2.5,1.75,0.75
2,Wed Oct 01 00:37:41 UTC 2025,Wed Oct 01 00:48:46 UTC 2025,1,5.34,1,N,132,216,1,21.9,1.0,0.5,3.0,0.0,1.0,29.15,0.0,1.75,0.0
2,Wed Oct 01 00:08:23 UTC 2025,Wed Oct 01 00:19:32 UTC 2025,1,1.66,1,N,114,164,1,12.1,1.0,0.5,5.36,0.0,1.0,23.21,2.5,0.0,0.75
2,Wed Oct 01 00:20:24 UTC 2025,Wed Oct 01 00:45:29 UTC 2025,1,10.86,1,N,161,134,1,43.6,1.0,0.5,11.26,6.94,1.0,67.55,2.5,0.0,0.75
2,Wed Oct 01 00:11:32 UTC 2025,Wed Oct 01 00:12:31 UTC 2025,1,0.12,1,N,249,249,3,-3.0,-1.0,-0.5,0.0,0.0,-1.0,-8.75,-2.5,0.0,-0.75
2,Wed Oct 01 00:11:32 UTC 2025,Wed Oct 01 00:12:31 UTC 2025,1,0.12,1,N,249,114,3,3.0,1.0,0.5,0.0,0.0,1.0,8.75,2.5,0.0,0.75
2,Wed Oct 01 00:25:41 UTC 2025,Wed Oct 01 00:36:18 UTC 2025,1,2.75,1,N,170,236,1,14.2,1.0,0.5,3.99,0.0,1.0,23.94,2.5,0.0,0.75
2,Wed Oct 01 00:22:53 UTC 2025,Wed Oct 01 00:35:32 UTC 2025,1,4.15,1,N,107,87,1,20.5,1.0,0.5,5.25,0.0,1.0,31.5,2.5,0.0,0.75
2,Wed Oct 01 00:55:15 UTC 2025,Wed Oct 01 00:59:26 UTC 2025,1,0.95,1,N,107,170,1,7.2,1.0,0.5,2.59,0.0,1.0,15.54,2.5,0.0,0.75
2,Wed Oct 01 00:09:12 UTC 2025,Wed Oct 01 00:25:32 UTC 2025,1,3.6,1,N,70,223,1,19.1,6.0,0.5,5.32,0.0,1.0,33.67,0.0,1.75,0.0
2,Wed Oct 01 00:04:59 UTC 2025,Wed Oct 01 00:12:06 UTC 2025,4,1.44,1,N,229,164,1,9.3,1.0,0.5,2.0,0.0,1.0,17.05,2.5,0.0,0.75
2,Wed Oct 01 00:25:36 UTC 2025,Wed Oct 01 00:48:36 UTC 2025,1,4.47,1,N,90,263,1,24.7,1.0,0.5,9.14,0.0,1.0,39.59,2.5,0.0,0.75
2,Wed Oct 01 00:21:19 UTC 2025,Wed Oct 01 00:30:27 UTC 2025,1,2.13,1,N,43,230,1,11.4,1.0,0.5,3.43,0.0,1.0,20.58,2.5,0.0,0.75
2,Wed Oct 01 00:46:19 UTC 2025,Wed Oct 01 01:00:03 UTC 2025,2,2.87,1,N,68,79,1,16.3,1.0,0.5,4.41,0.0,1.0,26.46,2.5,0.0,0.75
2,Wed Oct 01 00:26:33 UTC 2025,Wed Oct 01 00:47:01 UTC 2025,1,8.95,1,N,249,228,2,36.6,1.0,0.5,0.0,0.0,1.0,42.35,2.5,0.0,0.75
2,Wed Oct 01 00:03:12 UTC 2025,Wed Oct 01 00:25:48 UTC 2025,1,7.97,1,N,164,116,1,35.2,1.0,0.5,8.19,0.0,1.0,49.14,2.5,0.0,0.75
1,Wed Oct 01 00:00:31 UTC 2025,Wed Oct 01 00:56:16 UTC 2025,1,18.0,2,N,132,234,1,70.0,5.0,0.5,16.65,6.94,1.0,100.09,2.5,1.75,0.75
2,Wed Oct 01 00:31:40 UTC 2025,Wed Oct 01 00:50:25 UTC 2025,1,4.14,1,N,230,179,1,21.2,1.0,0.5,5.39,0.0,1.0,32.34,2.5,0.0,0.75
2,Wed Oct 01 00:09:37 UTC 2025,Wed Oct 01 00:09:41 UTC 2025,1,0.0,5,N,232,232,1,13.0,0.0,0.0,4.12,0.0,1.0,20.62,2.5,0.0,0.0
2,Wed Oct 01 00:15:00 UTC 2025,Wed Oct 01 00:48:41 UTC 2025,1,8.37,1,N,148,41,1,40.1,1.0,0.5,9.02,0.0,1.0,54.12,2.5,0.0,0.0
2,Wed Oct 01 00:58:39 UTC 2025,Wed Oct 01 01:12:57 UTC 2025,1,4.7,1,N,236,4,1,22.6,1.0,0.5,5.52,0.0,1.0,33.12,2.5,0.0,0.0
2,Wed Oct 01 00:27:18 UTC 2025,Wed Oct 01 00:38:57 UTC 2025,1,3.28,1,N,106,89,1,17.0,1.0,0.5,4.88,0.0,1.0,24.38,0.0,0.0,0.0
2,Wed Oct 01 00:20:23 UTC 2025,Wed Oct 01 00:39:23 UTC 2025,1,4.1,1,N,148,48,1,21.9,1.0,0.5,6.91,0.0,1.0,34.56,2.5,0.0,0.75
7,Wed Oct 01 00:06:19 UTC 2025,Wed Oct 01 00:06:19 UTC 2025,1,1.11,1,N,48,68,2,7.2,0.0,0.5,0.0,0.0,1.0,12.95,2.5,0.0,0.75
7,Wed Oct 01 00:39:55 UTC 2025,Wed Oct 01 00:39:55 UTC 2025,1,0.89,1,N,163,230,2,7.2,0.0,0.5,0.0,0.0,1.0,12.95,2.5,0.0,0.75
2,Wed Oct 01 00:35:04 UTC 2025,Wed Oct 01 00:52:32 UTC 2025,1,3.79,1,N,234,236,1,21.2,1.0,0.5,8.09,0.0,1.0,35.04,2.5,0.0,0.75
2,Wed Oct 01 00:49:40 UTC 2025,Wed Oct 01 01:01:06 UTC 2025,1,2.2,1,N,164,163,2,13.5,1.0,0.5,0.0,0.0,1.0,19.25,2.5,0.0,0.75
2,Wed Oct 01 00:18:09 UTC 2025,Wed Oct 01 00:31:50 UTC 2025,2,2.89,1,N,229,90,1,16.3,1.0,0.5,2.2,0.0,1.0,24.25,2.5,0.0,0.75
2,Wed Oct 01 00:39:11 UTC 2025,Wed Oct 01 00:47:25 UTC 2025,1,1.21,1,N,79,148,2,9.3,1.0,0.5,0.0,0.0,1.0,15.05,2.5,0.0,0.75
2,Wed Oct 01 00:20:38 UTC 2025,Wed Oct 01 00:47:40 UTC 2025,1,4.63,1,N,90,238,1,28.2,1.0,0.5,6.79,0.0,1.0,40.74,2.5,0.0,0.75
